-- --------------------------------------------------------
-- Host:                         127.0.0.1
-- Versión del servidor:         10.4.6-MariaDB - mariadb.org binary distribution
-- SO del servidor:              Win64
-- HeidiSQL Versión:             9.3.0.4984
-- --------------------------------------------------------

/*!40101 SET @OLD_CHARACTER_SET_CLIENT=@@CHARACTER_SET_CLIENT */;
/*!40101 SET NAMES utf8mb4 */;
/*!40014 SET @OLD_FOREIGN_KEY_CHECKS=@@FOREIGN_KEY_CHECKS, FOREIGN_KEY_CHECKS=0 */;
/*!40101 SET @OLD_SQL_MODE=@@SQL_MODE, SQL_MODE='NO_AUTO_VALUE_ON_ZERO' */;

-- Volcando estructura para tabla zentrogestorcopa.sf_guard_forgot_password
CREATE TABLE IF NOT EXISTS `sf_guard_forgot_password` (
  `id` bigint(20) NOT NULL AUTO_INCREMENT,
  `user_id` bigint(20) NOT NULL,
  `unique_key` varchar(255) DEFAULT NULL,
  `expires_at` datetime NOT NULL,
  `created_at` datetime NOT NULL,
  `updated_at` datetime NOT NULL,
  PRIMARY KEY (`id`),
  KEY `user_id_idx` (`user_id`),
  CONSTRAINT `sf_guard_forgot_password_user_id_sf_guard_user_id` FOREIGN KEY (`user_id`) REFERENCES `sf_guard_user` (`id`) ON DELETE CASCADE
) ENGINE=InnoDB DEFAULT CHARSET=latin1;

-- Volcando datos para la tabla zentrogestorcopa.sf_guard_forgot_password: ~0 rows (aproximadamente)
/*!40000 ALTER TABLE `sf_guard_forgot_password` DISABLE KEYS */;
/*!40000 ALTER TABLE `sf_guard_forgot_password` ENABLE KEYS */;


-- Volcando estructura para tabla zentrogestorcopa.sf_guard_group
CREATE TABLE IF NOT EXISTS `sf_guard_group` (
  `id` bigint(20) NOT NULL AUTO_INCREMENT,
  `name` varchar(255) DEFAULT NULL,
  `description` text DEFAULT NULL,
  `created_at` datetime NOT NULL,
  `updated_at` datetime NOT NULL,
  PRIMARY KEY (`id`),
  UNIQUE KEY `name` (`name`)
) ENGINE=InnoDB AUTO_INCREMENT=5 DEFAULT CHARSET=latin1;

-- Volcando datos para la tabla zentrogestorcopa.sf_guard_group: ~4 rows (aproximadamente)
/*!40000 ALTER TABLE `sf_guard_group` DISABLE KEYS */;
INSERT INTO `sf_guard_group` (`id`, `name`, `description`, `created_at`, `updated_at`) VALUES
	(1, 'admin', 'Administradores', '2021-02-04 13:15:28', '2021-02-04 13:15:28'),
	(2, 'colectormanger', 'Gestor cobrador', '2021-02-04 13:15:28', '2021-02-04 13:15:28'),
	(3, 'accountant', 'Tenedor de libros', '2021-02-04 13:15:28', '2021-02-04 13:15:28'),
	(4, 'recepcionist', 'Recepcionistas', '2021-02-04 13:15:28', '2021-02-04 13:15:28');
/*!40000 ALTER TABLE `sf_guard_group` ENABLE KEYS */;


-- Volcando estructura para tabla zentrogestorcopa.sf_guard_group_permission
CREATE TABLE IF NOT EXISTS `sf_guard_group_permission` (
  `group_id` bigint(20) NOT NULL,
  `permission_id` bigint(20) NOT NULL,
  `created_at` datetime NOT NULL,
  `updated_at` datetime NOT NULL,
  PRIMARY KEY (`group_id`,`permission_id`),
  KEY `sf_guard_group_permission_permission_id_sf_guard_permission_id` (`permission_id`),
  CONSTRAINT `sf_guard_group_permission_group_id_sf_guard_group_id` FOREIGN KEY (`group_id`) REFERENCES `sf_guard_group` (`id`) ON DELETE CASCADE,
  CONSTRAINT `sf_guard_group_permission_permission_id_sf_guard_permission_id` FOREIGN KEY (`permission_id`) REFERENCES `sf_guard_permission` (`id`) ON DELETE CASCADE
) ENGINE=InnoDB DEFAULT CHARSET=latin1;

-- Volcando datos para la tabla zentrogestorcopa.sf_guard_group_permission: ~28 rows (aproximadamente)
/*!40000 ALTER TABLE `sf_guard_group_permission` DISABLE KEYS */;
INSERT INTO `sf_guard_group_permission` (`group_id`, `permission_id`, `created_at`, `updated_at`) VALUES
	(1, 1, '2021-02-04 13:15:28', '2021-02-04 13:15:28'),
	(1, 2, '2021-02-04 13:15:28', '2021-02-04 13:15:28'),
	(1, 3, '2021-02-04 13:15:28', '2021-02-04 13:15:28'),
	(1, 4, '2021-02-04 13:15:28', '2021-02-04 13:15:28'),
	(1, 5, '2021-02-04 13:15:28', '2021-02-04 13:15:28'),
	(1, 6, '2021-02-04 13:15:28', '2021-02-04 13:15:28'),
	(1, 7, '2021-02-04 13:15:28', '2021-02-04 13:15:28'),
	(1, 8, '2021-02-04 13:15:28', '2021-02-04 13:15:28'),
	(1, 9, '2021-02-04 13:15:28', '2021-02-04 13:15:28'),
	(1, 10, '2021-02-04 13:15:28', '2021-02-04 13:15:28'),
	(1, 11, '2021-02-04 13:15:28', '2021-02-04 13:15:28'),
	(1, 12, '2021-02-04 13:15:28', '2021-02-04 13:15:28'),
	(1, 13, '2021-02-04 13:15:28', '2021-02-04 13:15:28'),
	(1, 14, '2021-02-04 13:15:28', '2021-02-04 13:15:28'),
	(2, 15, '2021-02-04 13:15:28', '2021-02-04 13:15:28'),
	(2, 16, '2021-02-04 13:15:28', '2021-02-04 13:15:28'),
	(2, 17, '2021-02-04 13:15:28', '2021-02-04 13:15:28'),
	(2, 18, '2021-02-04 13:15:28', '2021-02-04 13:15:28'),
	(2, 19, '2021-02-04 13:15:28', '2021-02-04 13:15:28'),
	(2, 20, '2021-02-04 13:15:28', '2021-02-04 13:15:28'),
	(3, 15, '2021-02-04 13:15:28', '2021-02-04 13:15:28'),
	(3, 16, '2021-02-04 13:15:28', '2021-02-04 13:15:28'),
	(3, 17, '2021-02-04 13:15:28', '2021-02-04 13:15:28'),
	(3, 19, '2021-02-04 13:15:28', '2021-02-04 13:15:28'),
	(3, 20, '2021-02-04 13:15:28', '2021-02-04 13:15:28'),
	(3, 21, '2021-02-04 13:15:28', '2021-02-04 13:15:28'),
	(4, 15, '2021-02-04 13:15:28', '2021-02-04 13:15:28'),
	(4, 19, '2021-02-04 13:15:28', '2021-02-04 13:15:28');
/*!40000 ALTER TABLE `sf_guard_group_permission` ENABLE KEYS */;


-- Volcando estructura para tabla zentrogestorcopa.sf_guard_login_attempt
CREATE TABLE IF NOT EXISTS `sf_guard_login_attempt` (
  `id` bigint(20) NOT NULL AUTO_INCREMENT,
  `ip_address` varchar(15) DEFAULT NULL,
  `host_name` varchar(255) DEFAULT NULL,
  `created_at` datetime NOT NULL,
  `updated_at` datetime NOT NULL,
  PRIMARY KEY (`id`)
) ENGINE=InnoDB DEFAULT CHARSET=latin1;

-- Volcando datos para la tabla zentrogestorcopa.sf_guard_login_attempt: ~0 rows (aproximadamente)
/*!40000 ALTER TABLE `sf_guard_login_attempt` DISABLE KEYS */;
/*!40000 ALTER TABLE `sf_guard_login_attempt` ENABLE KEYS */;


-- Volcando estructura para tabla zentrogestorcopa.sf_guard_permission
CREATE TABLE IF NOT EXISTS `sf_guard_permission` (
  `id` bigint(20) NOT NULL AUTO_INCREMENT,
  `name` varchar(255) DEFAULT NULL,
  `description` text DEFAULT NULL,
  `created_at` datetime NOT NULL,
  `updated_at` datetime NOT NULL,
  PRIMARY KEY (`id`),
  UNIQUE KEY `name` (`name`)
) ENGINE=InnoDB AUTO_INCREMENT=64 DEFAULT CHARSET=latin1;

-- Volcando datos para la tabla zentrogestorcopa.sf_guard_permission: ~63 rows (aproximadamente)
/*!40000 ALTER TABLE `sf_guard_permission` DISABLE KEYS */;
INSERT INTO `sf_guard_permission` (`id`, `name`, `description`, `created_at`, `updated_at`) VALUES
	(1, 'manageperson', 'Administrar personas', '2021-02-04 13:15:28', '2021-02-04 13:15:28'),
	(2, 'managelocation', 'Administrar localizaciones', '2021-02-04 13:15:28', '2021-02-04 13:15:28'),
	(3, 'manageplace', 'Administrar lugares de trabajo', '2021-02-04 13:15:28', '2021-02-04 13:15:28'),
	(4, 'manageelement', 'Administrar elementos de gastos', '2021-02-04 13:15:28', '2021-02-04 13:15:28'),
	(5, 'manageservice', 'Administrar servicios', '2021-02-04 13:15:28', '2021-02-04 13:15:28'),
	(6, 'managetransaction', 'Administrar balances', '2021-02-04 13:15:28', '2021-02-04 13:15:28'),
	(7, 'manageconfiguration', 'Administrar configuracion global', '2021-02-04 13:15:28', '2021-02-04 13:15:28'),
	(8, 'manageuser', 'Administrar usuarios', '2021-02-04 13:15:28', '2021-02-04 13:15:28'),
	(9, 'manageactivity', 'Administrar actividades', '2021-02-04 13:15:28', '2021-02-04 13:15:28'),
	(10, 'managetax', 'Administrar impuestos', '2021-02-04 13:15:28', '2021-02-04 13:15:28'),
	(11, 'manageactivitygroup', 'Administrar grupos de actividades', '2021-02-04 13:15:28', '2021-02-04 13:15:28'),
	(12, 'managelog', 'Administrar trazas', '2021-02-04 13:15:28', '2021-02-04 13:15:28'),
	(13, 'managemodule', 'Administrar módulos', '2021-02-04 13:15:28', '2021-02-04 13:15:28'),
	(14, 'managefiles', 'Administrar archivos', '2021-02-04 13:15:28', '2021-02-04 13:15:28'),
	(15, 'managepersonadd', 'Administrar personas (adicionar)', '2021-02-04 13:15:28', '2021-02-04 13:15:28'),
	(16, 'managepersonedit', 'Administrar personas (editar)', '2021-02-04 13:15:28', '2021-02-04 13:15:28'),
	(17, 'managepersondelete', 'Administrar personas (eliminar)', '2021-02-04 13:15:28', '2021-02-04 13:15:28'),
	(18, 'managepersonpayment', 'Administrar pagos de obligaciones', '2021-02-04 13:15:28', '2021-02-04 13:15:28'),
	(19, 'managepersonreport', 'Administrar reportes', '2021-02-04 13:15:28', '2021-02-04 13:15:28'),
	(20, 'managepersonsignout', 'Administrar bajas', '2021-02-04 13:15:28', '2021-02-04 13:15:28'),
	(21, 'managepersontransaction', 'Administrar comprobantes', '2021-02-04 13:15:28', '2021-02-04 13:15:28'),
	(22, 'managesex', 'Administrar sexos', '2021-02-04 13:15:28', '2021-02-04 13:15:28'),
	(23, 'managesexadd', 'Administrar sexos (adicionar)', '2021-02-04 13:15:28', '2021-02-04 13:15:28'),
	(24, 'managesexedit', 'Administrar sexos (editar)', '2021-02-04 13:15:28', '2021-02-04 13:15:28'),
	(25, 'managesexdelete', 'Administrar sexos (eliminar)', '2021-02-04 13:15:28', '2021-02-04 13:15:28'),
	(26, 'managelocationadd', 'Administrar localizaciones (adicionar)', '2021-02-04 13:15:28', '2021-02-04 13:15:28'),
	(27, 'managelocationedit', 'Administrar localizaciones (editar)', '2021-02-04 13:15:28', '2021-02-04 13:15:28'),
	(28, 'managelocationdelete', 'Administrar localizaciones (eliminar)', '2021-02-04 13:15:28', '2021-02-04 13:15:28'),
	(29, 'manageplaceadd', 'Administrar lugares de trabajo (adicionar)', '2021-02-04 13:15:28', '2021-02-04 13:15:28'),
	(30, 'manageplaceedit', 'Administrar lugares de trabajo (editar)', '2021-02-04 13:15:28', '2021-02-04 13:15:28'),
	(31, 'manageplacedelete', 'Administrar lugares de trabajo (eliminar)', '2021-02-04 13:15:28', '2021-02-04 13:15:28'),
	(32, 'manageactivityadd', 'Administrar actividades (adicionar)', '2021-02-04 13:15:28', '2021-02-04 13:15:28'),
	(33, 'manageactivityedit', 'Administrar actividades (editar)', '2021-02-04 13:15:28', '2021-02-04 13:15:28'),
	(34, 'manageactivitydelete', 'Administrar actividades (eliminar)', '2021-02-04 13:15:28', '2021-02-04 13:15:28'),
	(35, 'manageelementadd', 'Administrar elementos de gastos (adicionar)', '2021-02-04 13:15:28', '2021-02-04 13:15:28'),
	(36, 'manageelementedit', 'Administrar elementos de gastos (editar)', '2021-02-04 13:15:28', '2021-02-04 13:15:28'),
	(37, 'manageelementdelete', 'Administrar elementos de gastos (eliminar)', '2021-02-04 13:15:28', '2021-02-04 13:15:28'),
	(38, 'managetaxadd', 'Administrar impuestos (adicionar)', '2021-02-04 13:15:28', '2021-02-04 13:15:28'),
	(39, 'managetaxedit', 'Administrar impuestos (editar)', '2021-02-04 13:15:28', '2021-02-04 13:15:28'),
	(40, 'managetaxdelete', 'Administrar impuestos (eliminar)', '2021-02-04 13:15:28', '2021-02-04 13:15:28'),
	(41, 'manageserviceadd', 'Administrar servicios (adicionar)', '2021-02-04 13:15:28', '2021-02-04 13:15:28'),
	(42, 'manageserviceedit', 'Administrar servicios (editar)', '2021-02-04 13:15:28', '2021-02-04 13:15:28'),
	(43, 'manageservicedelete', 'Administrar servicios (eliminar)', '2021-02-04 13:15:28', '2021-02-04 13:15:28'),
	(44, 'manageuseradd', 'Administrar usuarios (adicionar)', '2021-02-04 13:15:28', '2021-02-04 13:15:28'),
	(45, 'manageuseredit', 'Administrar usuarios (editar)', '2021-02-04 13:15:28', '2021-02-04 13:15:28'),
	(46, 'manageuserdelete', 'Administrar usuarios (eliminar)', '2021-02-04 13:15:28', '2021-02-04 13:15:28'),
	(47, 'managecontacttype', 'Administrar tipos de contacto', '2021-02-04 13:15:28', '2021-02-04 13:15:28'),
	(48, 'managecontacttypeadd', 'Administrar tipos de contacto (adicionar)', '2021-02-04 13:15:28', '2021-02-04 13:15:28'),
	(49, 'managecontacttypeedit', 'Administrar tipos de contacto (editar)', '2021-02-04 13:15:28', '2021-02-04 13:15:28'),
	(50, 'managecontacttypedelete', 'Administrar tipos de contacto (eliminar)', '2021-02-04 13:15:28', '2021-02-04 13:15:28'),
	(51, 'manageactivitygroupadd', 'Administrar grupos de actividades (adicionar)', '2021-02-04 13:15:28', '2021-02-04 13:15:28'),
	(52, 'manageactivitygroupedit', 'Administrar grupos de actividades (editar)', '2021-02-04 13:15:28', '2021-02-04 13:15:28'),
	(53, 'manageactivitygroupdelete', 'Administrar grupos de actividades (eliminar)', '2021-02-04 13:15:28', '2021-02-04 13:15:28'),
	(54, 'managecharts', 'Administrar graficos', '2021-02-04 13:15:28', '2021-02-04 13:15:28'),
	(55, 'managecalendar', 'Administrar calendario', '2021-02-04 13:15:28', '2021-02-04 13:15:28'),
	(56, 'managemoduleadd', 'Administrar módulos (adicionar)', '2021-02-04 13:15:28', '2021-02-04 13:15:28'),
	(57, 'managemoduleedit', 'Administrar módulos (editar)', '2021-02-04 13:15:28', '2021-02-04 13:15:28'),
	(58, 'managemoduledelete', 'Administrar módulos (eliminar)', '2021-02-04 13:15:28', '2021-02-04 13:15:28'),
	(59, 'manageentity', 'Administrar entidades', '2021-02-04 13:15:28', '2021-02-04 13:15:28'),
	(60, 'manageentityadd', 'Administrar entidades (adicionar)', '2021-02-04 13:15:28', '2021-02-04 13:15:28'),
	(61, 'manageentityedit', 'Administrar entidades (editar)', '2021-02-04 13:15:28', '2021-02-04 13:15:28'),
	(62, 'manageentitydelete', 'Administrar entidades (eliminar)', '2021-02-04 13:15:28', '2021-02-04 13:15:28'),
	(63, 'manageselfentity', 'Administrar propia entidad', '2021-02-04 13:15:28', '2021-02-04 13:15:28');
/*!40000 ALTER TABLE `sf_guard_permission` ENABLE KEYS */;


-- Volcando estructura para tabla zentrogestorcopa.sf_guard_remember_key
CREATE TABLE IF NOT EXISTS `sf_guard_remember_key` (
  `id` bigint(20) NOT NULL AUTO_INCREMENT,
  `user_id` bigint(20) DEFAULT NULL,
  `remember_key` varchar(32) DEFAULT NULL,
  `ip_address` varchar(50) DEFAULT NULL,
  `created_at` datetime NOT NULL,
  `updated_at` datetime NOT NULL,
  PRIMARY KEY (`id`),
  KEY `user_id_idx` (`user_id`),
  CONSTRAINT `sf_guard_remember_key_user_id_sf_guard_user_id` FOREIGN KEY (`user_id`) REFERENCES `sf_guard_user` (`id`) ON DELETE CASCADE
) ENGINE=InnoDB DEFAULT CHARSET=latin1;

-- Volcando datos para la tabla zentrogestorcopa.sf_guard_remember_key: ~0 rows (aproximadamente)
/*!40000 ALTER TABLE `sf_guard_remember_key` DISABLE KEYS */;
/*!40000 ALTER TABLE `sf_guard_remember_key` ENABLE KEYS */;


-- Volcando estructura para tabla zentrogestorcopa.sf_guard_user
CREATE TABLE IF NOT EXISTS `sf_guard_user` (
  `id` bigint(20) NOT NULL AUTO_INCREMENT,
  `first_name` varchar(255) DEFAULT NULL,
  `last_name` varchar(255) DEFAULT NULL,
  `email_address` varchar(255) DEFAULT NULL,
  `username` varchar(128) NOT NULL,
  `algorithm` varchar(128) NOT NULL DEFAULT 'sha1',
  `salt` varchar(128) DEFAULT NULL,
  `password` varchar(128) DEFAULT NULL,
  `is_active` tinyint(1) DEFAULT 1,
  `is_super_admin` tinyint(1) DEFAULT 0,
  `last_login` datetime DEFAULT NULL,
  `created_at` datetime NOT NULL,
  `updated_at` datetime NOT NULL,
  PRIMARY KEY (`id`),
  UNIQUE KEY `username` (`username`),
  KEY `is_active_idx_idx` (`is_active`)
) ENGINE=InnoDB AUTO_INCREMENT=610 DEFAULT CHARSET=latin1;

-- Volcando datos para la tabla zentrogestorcopa.sf_guard_user: ~523 rows (aproximadamente)
/*!40000 ALTER TABLE `sf_guard_user` DISABLE KEYS */;
INSERT INTO `sf_guard_user` (`id`, `first_name`, `last_name`, `email_address`, `username`, `algorithm`, `salt`, `password`, `is_active`, `is_super_admin`, `last_login`, `created_at`, `updated_at`) VALUES
	(1, 'Administrador', 'del Sistema', 'zentro@nauta.cu', 'admin', 'sha1', '69870eee1a72ace3ab2dd188c5695535', '2652d68ccf92603de5d08a37b4df067d583a6f0a', 1, 1, '2021-02-04 10:30:37', '2015-05-02 14:44:08', '2021-02-04 10:30:37'),
	(2, 'Reynerio', 'Cruz  Hechavarria', 'cobransa@nauta.cu', 'reynerio', 'sha1', '761aaaf88246f1d8a5ee172749658264', '4744a0a5942e4da8fda9b17da7c48c0b1882ea07', 1, 0, '2020-12-09 09:14:04', '2015-05-02 14:44:08', '2020-12-09 09:14:04'),
	(3, 'Consuelo Tania', 'Ricardo Batista', '71090322594@cubansoftware.com', '71090322594', 'sha1', '98a63f494e4153a695a0e39d36c07725', 'd3aa9bd66ee4ba779027ff054d1bdf902a257a01', 1, 0, NULL, '2015-05-04 09:52:23', '2015-05-04 09:52:23'),
	(5, 'Lionel', 'Guerrero Segreo', '86051421786@cubansoftware.com', '86051421786', 'sha1', '1032078b9af25461e20416100e7c77ef', '0c2ab64e88ff1e367e3ace96a36b131fbcb284fa', 1, 0, NULL, '2015-05-04 09:57:28', '2015-05-04 09:57:28'),
	(7, 'Yosbani', 'Machin Pena', '74061514569@cubansoftware.com', '74061514569', 'sha1', '428fdd858e372295a7271f8a6bf77c8a', '31ed5165d8ff1501af39416dcd2812e0c6e85f15', 1, 0, NULL, '2015-05-04 10:43:40', '2015-05-04 10:43:40'),
	(8, 'Emilio Antonio', 'Hernandez Torres', '67051008688@cubansoftware.com', '67051008688', 'sha1', '32bd1e5b353b3899589f610ed13c9d15', '43e56580569154d194cf5ad7e7621394036b061b', 1, 0, NULL, '2015-05-06 04:02:52', '2015-07-06 22:33:54'),
	(9, 'Fidel Raul', 'Hornia Miranda', '60070308484@cubansoftware.com', '60070308484', 'sha1', 'bea0d119da45f36ef15ec97eafbaa180', '47e2fb7848f8a3f27776e3a3d3917259360b16ec', 1, 0, NULL, '2015-05-06 08:03:42', '2015-05-06 08:03:42'),
	(10, 'Yusleydi ', 'Suarez Torres', '85033022917@cubansoftware.com', '85033022917', 'sha1', '7157bd3c6cc0f83a2d40d633f36a809d', '543a9a6a228a8ac8757361aa986fc8d0a53b0199', 1, 0, NULL, '2015-05-25 22:58:01', '2015-05-25 22:58:01'),
	(11, 'Orlando', 'Martinez Almira', '57033009769@cubansoftware.com', '57033009769', 'sha1', 'e67f74aa7c57a27360912a7d20c3b10b', 'fbdf1862ac21cac7ff80e6df6d9f648623b33cbe', 1, 0, NULL, '2015-05-25 23:10:56', '2015-05-25 23:10:56'),
	(12, 'Carlos Manuel  ', 'Cruz Cruz', '87080328906@cubansoftware.com', '87080328906', 'sha1', '18a184c78730aa85f19c5eda2e3dc273', 'c6bcc9ea54291ce25719bd1f27c79a7c13d6ec29', 1, 0, NULL, '2015-06-02 03:53:30', '2016-01-04 14:24:20'),
	(13, 'Adela Maria', 'Festary  Aja', '67072509335@cubansoftware.com', '67072509335', 'sha1', 'de3e0559179f845f0cc581932f87080d', 'e3e88d2a239a7e9fe8de6d6c8fa24987acd7373b', 1, 0, NULL, '2015-06-02 03:57:31', '2015-06-02 03:57:31'),
	(14, 'Rodolfo  Rosendo', 'Cuenca Mestre', '53082005565@cubansoftware.com', '53082005565', 'sha1', '68a7604d27d4614cc3447ffeb4e9baa5', '2eab190982307817302dd31ce955a74483858aa3', 1, 0, NULL, '2015-07-06 22:40:51', '2015-07-06 22:40:51'),
	(15, 'Erenia', 'Gomez  Mulet', '68062322816@cubansoftware.com', '68062322816', 'sha1', 'db39ae1e0a49b05d70250224b1b2c104', 'e1995e033593884eba0fbd006287f8018b376410', 1, 0, NULL, '2015-10-10 08:52:21', '2015-12-08 10:49:57'),
	(16, 'Jose Miguel', 'Urbino Legra', '85011821620@cubansoftware.com', '85011821620', 'sha1', '4a0ef81476b3b0a175038c6c873005be', 'd525a61280fbaea0d64d2cdf0fd1ab26741fe966', 1, 0, NULL, '2015-10-10 09:04:56', '2016-01-04 12:21:22'),
	(17, 'Rubier', ' Rodriguez Perez', '66031026382@cubansoftware.com', '66031026382', 'sha1', 'c09f374559d9e58de813564779980647', '8a7147f1c0355528dc21fa545d3bc68301c7dc3a', 1, 0, NULL, '2015-10-10 09:07:27', '2015-12-08 10:52:26'),
	(18, 'Nivia', 'Gonzalez Alvarez', '65091610875@cubansoftware.com', '65091610875', 'sha1', '620979897df4144e48b2fc59d674b2c4', 'ea0a2cf672955a03e8ae39010731450feac42c72', 1, 0, NULL, '2015-10-10 21:43:56', '2015-10-10 21:43:56'),
	(19, 'Katia', 'Perez Ramirez', '66050908836@cubansoftware.com', '66050908836', 'sha1', '82ee7139a46b0f8768cba3f9cac37dd3', '914e57ac178692534259b94d512045600b6648a6', 1, 0, NULL, '2015-10-10 21:46:10', '2015-11-26 14:16:37'),
	(20, 'Yaquelin ', 'Gimeno Almira', '81122219093@cubansoftware.com', '81122219093', 'sha1', 'fcef5784c23de75a79a2045866f27a2b', '5f336a4072f10cc1beceba14e9b7a1ce86276453', 1, 0, NULL, '2015-10-10 21:49:53', '2015-10-10 21:49:53'),
	(21, 'Elisabeth', 'Pozo Palomo', '82062726038@cubansoftware.com', '82062726038', 'sha1', 'a5e7e9a265a635e0485838fa8b11c6ed', '7a6f9506911450d32334c1c6c3a019f55ba8ce58', 1, 0, NULL, '2015-10-11 14:24:02', '2015-11-26 10:01:36'),
	(22, 'Luis  Enrique', ' Gonzales Silva', '73070611549@cubansoftware.com', '73070611549', 'sha1', 'f885d1939a19acfcb110e7dcebd99294', '3bf34f70b82bf4b72b3d050bdb2d5ea2872f37da', 1, 0, NULL, '2015-10-11 14:27:15', '2015-11-26 10:31:38'),
	(23, 'Celia Elisa', 'Gonzalez Reytor', '71071113570@cubansoftware.com', '71071113570', 'sha1', '5d90a6b618dd8a1e05f9f5e81719f26f', 'a5a2b1d84c1314cdcb4b944529db1652b96fbee9', 1, 0, NULL, '2015-10-11 14:29:50', '2015-11-26 14:02:06'),
	(24, 'Ainee', ' Cedeño Bazon', '83082119373@cubansoftware.com', '83082119373', 'sha1', '9005f8920a6208b3b5168299892b5055', '21cf27520413476dfb62ba811fc03f7d7f75fe38', 1, 0, NULL, '2015-10-11 14:34:31', '2016-01-04 16:23:45'),
	(25, 'Yaniel ', 'Maldonado Perez', '87013025862@cubansoftware.com', '87013025862', 'sha1', '70d305ee1b37b6235344ec1ace19f7ac', '774b313326ec495a0b757e1dc4e7eedbe73adfc6', 1, 0, NULL, '2015-10-11 14:44:19', '2015-10-11 14:44:19'),
	(26, 'Wilson', 'Rodriguez Campaña', '88082026208@cubansoftware.com', '88082026208', 'sha1', '9e1320ba4e84db3722a04e52170d8855', '9a69c4b6fdecc8528594d8d7660acdfa8c77a64f', 1, 0, NULL, '2015-10-11 14:46:44', '2015-10-11 14:46:44'),
	(27, 'Hermis', 'Ricardo Gongora', '65031209703@cubansoftware.com', '65031209703', 'sha1', 'fa9bc35a2296ba1265146de6516bd76a', '44c6f760670647c84521030ddeec8c0c13d9a3fc', 1, 0, NULL, '2015-10-11 14:57:49', '2015-11-26 11:20:00'),
	(28, 'Noribel Caridad', 'Carbonell  Gongora', '63010814472@cubansoftware.com', '63010814472', 'sha1', 'bf79068dee2c96a892622b91d1f288bd', 'c7ae146f9de19bd5c52d08a5733acd94a26c510a', 1, 0, NULL, '2015-10-11 15:04:37', '2016-01-04 14:57:37'),
	(29, 'Delia Nieves', 'Tejeda Diaz', '54080507258@cubansoftware.com', '54080507258', 'sha1', '8d081fb6590a1f8f76fc01ede6703bd5', '87476db9b29f21604846f56cf9c2416e7aa7206e', 1, 0, NULL, '2015-10-11 15:07:41', '2015-10-11 15:07:41'),
	(30, 'Willians ', 'Pelayo Rodriguez', '65011624349@cubansoftware.com', '65011624349', 'sha1', '4b94ea1e3f6782eccd5c4bd4cb253c2b', '581dcfb7184f9a60f83bd0253a6ba85807aed3ce', 1, 0, NULL, '2015-10-11 15:09:56', '2015-10-11 15:09:56'),
	(31, 'Amauri', 'Mora Riveron', '80081821564@cubansoftware.com', '80081821564', 'sha1', '65ba1a2a1e12eb71c19acc2992979429', 'e1667ac1c5c97d722b61743c6d99142fbf95b817', 1, 0, NULL, '2015-10-11 15:36:19', '2015-10-11 15:36:19'),
	(32, 'Edilberto ', 'Ricardo Silva', '65061214306@cubansoftware.com', '65061214306', 'sha1', '79c7c0d0544d76b0143f6a2e9252f8f7', '7f1e4931210ed42c680a94eff1e1fa802212ba84', 1, 0, NULL, '2015-10-11 15:46:51', '2015-10-11 15:46:51'),
	(33, 'Virgen Maria', 'Almira Hernandez', '65052622990@cubansoftware.com', '65052622990', 'sha1', 'adb83c63a5e197a55436d9a88dc1389a', 'd57f27670697d3b38952c9ce498d80a2a7fce1e7', 1, 0, NULL, '2015-10-11 21:27:23', '2015-11-26 10:17:00'),
	(34, 'Mario Ismael', 'Gonzalez Iglesias', '73062011688@cubansoftware.com', '73062011688', 'sha1', '9f54e8bc2b1a33be8ed9075c18a881b3', 'e5e8c520d6e373d0b16db2e8a18bbfade32a440e', 1, 0, NULL, '2015-10-14 23:44:31', '2016-01-04 12:34:32'),
	(35, 'Mairelis', 'Cordero Sanchez', '91082942336@cubansoftware.com', '91082942336', 'sha1', '5fad1927a20a6f431dc47928edbc2811', '19c71eb9d9993832123c5c14018799fed2184012', 1, 0, NULL, '2015-11-23 10:55:07', '2015-11-23 10:55:07'),
	(36, 'Mayra Elaida', 'Fernandez Anazco', '64021809918@cubansoftware.com', '64021809918', 'sha1', 'ba6141f7eb126e7688f04ec5a13edbed', '7b63a5012ce6c2fde45e66699717f553622bfc86', 1, 0, NULL, '2015-11-23 12:00:05', '2015-11-23 12:00:05'),
	(37, 'Maria', 'Fernandez Almager', '64122424550@cubansoftware.com', '64122424550', 'sha1', '6544bad6d696503bbf303f73be219df9', 'a46008323bc15eedd475f8c225cf6eda87731994', 1, 0, NULL, '2015-11-23 12:10:37', '2015-11-23 12:10:37'),
	(38, 'Liset Cristina', 'Fernandez Almaguer', '68072414013@cubansoftware.com', '68072414013', 'sha1', '9e7abada3f95eb195e718106f851d476', 'da8617fbf99a1c7764da75b57ab95fe190084312', 1, 0, NULL, '2015-11-23 12:32:49', '2016-12-07 10:07:15'),
	(39, 'Silvia Ernestina', 'Hernandez Torres', '51110306898@cubansoftware.com', '51110306898', 'sha1', '3715abb8751c64db3c96ac04c0cf9953', '44e21473a5a80849a0cf4b25476cb0f7a6c8c3b5', 1, 0, NULL, '2015-11-23 12:54:19', '2015-11-23 12:54:19'),
	(40, 'Noel ', 'Isaa Manresa', '70040424020@cubansoftware.com', '70040424020', 'sha1', '50a5d6d4b8bca2c58610fe44d6466c9b', '76cf2915e7fd3a182b88465c8c661fa33673f89c', 1, 0, NULL, '2015-11-23 13:12:26', '2015-11-23 13:12:26'),
	(41, 'Ibrain', 'Garcia Santiesteban', '69061009163@cubansoftware.com', '69061009163', 'sha1', 'c43cc5e44e6ab3cb3326e288bd61ec55', 'e13372a31f3c9e83dcf33686fe2840a544dcf2a2', 1, 0, NULL, '2015-11-23 13:23:03', '2015-11-23 13:23:03'),
	(42, 'Berta', 'Concepcion Ventura', '57121721411@cubansoftware.com', '57121721411', 'sha1', 'ce70972dc77d208fd1de8dde0664974c', '2479e0ff234ce53f3f79ce355a3cd9008b31c138', 1, 0, NULL, '2015-11-23 13:47:26', '2016-01-04 14:16:09'),
	(43, 'Redy', 'Marrero Lorente', '90041341166@cubansoftware.com', '90041341166', 'sha1', '1153498ec454133290866f1dfea7213f', 'fc5c1e8a1b04a8c98229f04454dac78f575767ad', 1, 0, NULL, '2015-11-23 14:03:29', '2015-11-23 14:03:29'),
	(44, 'Raciel', 'Rojas Reyes', '65091428927@cubansoftware.com', '65091428927', 'sha1', 'd566fbecaad78d9fc115c7642a1a42e9', '9d0986511d5ba4535d6503dd46294867335a1f9e', 1, 0, NULL, '2015-11-23 14:20:35', '2015-11-23 14:20:35'),
	(45, 'Omar', 'Gomez Perez', '69031323781@cubansoftware.com', '69031323781', 'sha1', '0e4792392ff1a8ab19eb132bfdb65e90', '554f078e943fc98fe208cee61f40ef5f63eee769', 1, 0, NULL, '2015-11-23 14:37:09', '2015-11-23 14:37:09'),
	(46, 'Aleisi', 'Naranjo Mastrapa', '72031509502@cubansoftware.com', '72031509502', 'sha1', '0524545ad763fa773385bc2958fdafc7', '4b895edbb50f6cd0d704f7e2eba21a6a272afb7e', 1, 0, NULL, '2015-11-23 14:52:47', '2015-11-23 14:52:47'),
	(47, 'Luis', 'Perez Hidalgo', '62090910364@cubansoftware.com', '62090910364', 'sha1', '8bde375d0f59af1a4b46304a90e5d50c', '5dd6daa500ce0a1c4c82cbfeab868248b7981f2a', 1, 0, NULL, '2015-11-23 15:14:00', '2015-11-23 15:14:00'),
	(48, 'Cipriano', 'Ramirez Anache', '56092605662@cubansoftware.com', '56092605662', 'sha1', 'd8a8df60e4ab36b0a259b4fab0295da2', 'bccc49d4d60ec776b0ee1594f911a3b50c1789f7', 1, 0, NULL, '2015-11-23 15:21:23', '2015-11-23 15:21:23'),
	(49, 'Arianna Ramona', 'Martinez Rivas', '89090237391@cubansoftware.com', '89090237391', 'sha1', 'a46a0c7fcf3a74427ece6b9f4c71ba42', '58c5e05197ca41c65399913f717049206c44afe2', 1, 0, NULL, '2015-11-23 15:32:41', '2015-11-23 15:32:41'),
	(50, 'Rosalia', 'Reyes Ojeda', '70092308238@cubansoftware.com', '70092308238', 'sha1', '85ee7aa4e66a72a24ea505b1df1717b3', 'a25c4abe652c4c19a39c253bc3c483483e8cec37', 1, 0, NULL, '2015-11-23 15:54:21', '2015-11-23 15:54:21'),
	(51, 'Fredelina Antonia', 'Verges Perez', '51022821497@cubansoftware.com', '51022821497', 'sha1', 'be559dea872bb0707f82b413f69528cc', '2207af087f3361dbcaf7d9efd307bd335ca48820', 1, 0, NULL, '2015-11-23 16:04:08', '2015-11-23 16:04:08'),
	(52, 'Orlando', 'Pupo Berges', '68122024063@cubansoftware.com', '68122024063', 'sha1', 'c268e34a7bc3be39bcbc80af6d98c450', '70689ae6c4fa29895e01ec738b2086fd746db1f4', 1, 0, NULL, '2015-11-23 16:09:26', '2015-11-23 16:09:26'),
	(53, 'Adolfo', 'Anazco Garrido', '43031706485@cubansoftware.com', '43031706485', 'sha1', '037b8201ff371cccc6f1f5f0794b90c6', '85f105b96a2417b2dc498ab52512e19a6cc0150d', 1, 0, NULL, '2015-11-23 16:19:37', '2015-11-23 16:19:37'),
	(54, 'Martha del Rosario', 'Rodriguez Avila', '59051710031@cubansoftware.com', '59051710031', 'sha1', 'c2ad19d998f9d7129e9f987bc6f204fa', 'a6d7af895b7f878f37146de07b0bd63eddab93c0', 1, 0, NULL, '2015-11-23 16:25:46', '2015-11-23 16:25:46'),
	(55, 'Maikel', 'Claro Marzo', '77122020042@cubansoftware.com', '77122020042', 'sha1', '60ee2523667c9373586c54dc45ac44fa', '681523c183a0990933af1095bdbe0369ff53f0a0', 1, 0, NULL, '2015-11-23 16:33:33', '2015-11-23 16:33:33'),
	(56, 'Lisandro', 'Atala Gil', '72082313564@cubansoftware.com', '72082313564', 'sha1', 'a5bcb2d2190ab137db3fa0df7aed765b', '5bbba903e7d953dd39c93cd8962476e26c225b01', 1, 0, NULL, '2015-11-23 16:45:36', '2015-11-23 16:45:36'),
	(57, 'Luisa', 'Cruz Borrego', '59101013113@cubansoftware.com', '59101013113', 'sha1', 'd35d1c5647ddc7a95e489e86d5d3bcd9', '49bfbaa3e9559cfe9702d805b76ca1299b02b852', 1, 0, NULL, '2015-11-23 16:47:47', '2015-11-23 16:47:47'),
	(58, 'Yarisbet', 'Doimeadios Avalo', '77091119998@cubansoftware.com', '77091119998', 'sha1', '3fff59b35c34a1445e7030a295245aaf', '63276dd31b1e36091bb72cc3f2bb124913c876fa', 1, 0, NULL, '2015-11-24 09:43:28', '2015-11-24 09:43:28'),
	(59, 'Jorje Ulises', 'Rodrigues Rodriguez', '70050923107@cubansoftware.com', '70050923107', 'sha1', 'f11ee713789df754f6653bdff0c802d7', '8982c4b012055d68cb0ff07392ec33d3bf24e64d', 1, 0, NULL, '2015-11-24 09:50:10', '2015-11-24 09:50:10'),
	(60, 'Felipe', 'Frias Figueredo', '78080929363@cubansoftware.com', '78080929363', 'sha1', 'f084b0059cd64b9475c688ab126424ff', '7a92b003ed8d218a85cb215a897954026e8b399b', 1, 0, NULL, '2015-11-24 10:04:41', '2015-11-24 10:04:41'),
	(61, 'Carlos', 'Meriño Dueñas', '72022022640@cubansoftware.com', '72022022640', 'sha1', '2c016b00cc0916030681c9ff15fcac9b', 'cacf7db965795d97bbd51c052bf5c3d57c8d8841', 1, 0, NULL, '2015-11-24 10:13:35', '2016-01-04 16:46:52'),
	(62, 'Maria de los Angeles', 'Labrada Miguel', '90062341197@cubansoftware.com', '90062341197', 'sha1', '6edf18036acef0f636eafddfbe0baf39', '71b3b357fe5df1c75c1f002f3fb6644cd1a8635b', 1, 0, NULL, '2015-11-24 10:19:17', '2015-12-08 11:27:38'),
	(63, 'Genara Puralina', 'Zaldivar Castellanos', '39031906771@cubansoftware.com', '39031906771', 'sha1', '9e85c9334a01ca1131a16c85345e6339', 'fb362cd6464a4d5037604b6f86bbdafdb93ec6ce', 1, 0, NULL, '2015-11-24 10:31:32', '2016-01-04 12:11:20'),
	(64, 'Mileydi', 'Garcia Lopez', '76070631758@cubansoftware.com', '76070631758', 'sha1', '13ad4e28ca169a10ed9bece99b1a1119', '93ae334af4dcfb9310f67d2f265912757087f852', 1, 0, NULL, '2015-11-24 10:37:42', '2015-11-24 10:37:42'),
	(65, 'Silvio', 'Cruz Hechavarria', '63121010147@cubansoftware.com', '63121010147', 'sha1', 'baf6d698b5162a946bc3c38b62bf1373', 'f68531b909ad07c77eedf6087f26449e9704a32e', 1, 0, NULL, '2015-11-24 10:44:32', '2015-11-24 10:44:32'),
	(66, 'Hernan Manuel', 'Peña  Rodriguez', '88111426020@cubansoftware.com', '88111426020', 'sha1', 'bfffd9844c5f69d8170604a16f69cbb7', '2582f84a14dc42af9fe76a5846d78935f88651d4', 1, 0, NULL, '2015-11-24 10:51:45', '2016-01-04 12:14:30'),
	(67, 'Daniel', 'Suarez  Veirie', '71092012721@cubansoftware.com', '71092012721', 'sha1', 'b07324300b7a2c6e20c10f26fe201d80', 'aca7f07daa758cd4b67a4b46ceec82abca151056', 1, 0, NULL, '2015-11-26 08:24:23', '2015-11-26 08:24:23'),
	(68, 'Sandra', 'Ramires Hernandez', '89012141396@cubansoftware.com', '89012141396', 'sha1', '68e8336d53d0912039817e6ddb4d5c5f', 'a9f1b9ea92a88b9f67decff348795f1cac3c0c00', 1, 0, NULL, '2015-11-26 08:35:56', '2015-11-26 08:35:56'),
	(69, 'Manuel', 'Perez Roche', '66061014860@cubansoftware.com', '66061014860', 'sha1', '4e1d76b32121c8825e7c6d0a98bc17fe', 'f5aa55bf760cd1d47113ce5021c07140047d978c', 1, 0, NULL, '2015-11-26 08:41:27', '2015-11-26 08:41:27'),
	(70, 'Tomas David', 'Guerra Fernandez', '50111407525@cubansoftware.com', '50111407525', 'sha1', '26a5f794db5c91e062c4d762b8f42289', '67458b265241c281b6ed5ee55983bbf3204466c8', 1, 0, NULL, '2015-11-26 08:46:41', '2015-11-26 08:46:41'),
	(71, 'Rousbel', 'Ramirez Hernandez', '88090846905@cubansoftware.com', '88090846905', 'sha1', '2e18dbf57f5a2456677853ca88975781', '01cded32ff91ebb7a1832910d8280a2624b8bcad', 1, 0, NULL, '2015-11-26 08:55:04', '2015-11-26 08:55:04'),
	(72, 'Julio Cesar', 'Almaguer Suarez', '76082016168@cubansoftware.com', '76082016168', 'sha1', '08b508aded5d05d40e6681c3834a97cf', 'b8617703d65512f24c3ef954cead24c3de4b5ca6', 1, 0, NULL, '2015-11-26 08:59:19', '2015-11-26 08:59:19'),
	(73, 'Aldo Leopoldo', 'Almaguer Ricardo', '56111507125@cubansoftware.com', '56111507125', 'sha1', '92c3153f3963d5089e4eb80d4914052b', '7ae29d50c8ad443c0d046c16c9654d76f26858ff', 1, 0, NULL, '2015-11-26 09:04:43', '2015-11-26 09:04:43'),
	(74, 'Juan', 'Pupo Brito', '49050602766@cubansoftware.com', '49050602766', 'sha1', 'c41b68dd24a11f8853f427eccd57379b', 'dd26bcf13d25f8a0be57e568d4bfe7509dd76f93', 1, 0, NULL, '2015-11-26 09:13:16', '2015-11-26 09:13:16'),
	(75, 'Hernan', 'Cuello Suniga ', '87022525845@cubansoftware.com', '87022525845', 'sha1', 'c275d167a87276992c17e5a10060d98d', '189c43897644d0393bff3d7b4219985cb367fd61', 1, 0, NULL, '2015-11-26 09:18:04', '2015-11-26 09:18:04'),
	(76, 'Juan Grabiel', 'Aleracon  Rodriguez', '88081530343@cubansoftware.com', '88081530343', 'sha1', '8c2d8a6f12d48fa71e16c5f683ad076a', '25ab09c4bcefc88be18bfa0f2f1069709d643ad4', 1, 0, NULL, '2015-11-29 00:48:47', '2015-11-29 00:48:47'),
	(77, 'Reinerio', 'Perez Parra', '73031921682@cubansoftware.com', '73031921682', 'sha1', '3b7f5982632912192fac94641f4f31e0', 'dd5e737050a9cf27a55feb47611b675af97f3086', 1, 0, NULL, '2015-11-30 08:15:21', '2015-11-30 08:15:21'),
	(78, 'Gaspar Liogel', 'Cruz Velazquez', '75121216325@cubansoftware.com', '75121216325', 'sha1', '4684455b75258f651d05a792da690010', '8a8e616dc7364755eb30ef68a294916047fb46f6', 1, 0, NULL, '2015-11-30 08:20:08', '2015-11-30 08:20:08'),
	(79, 'Isnadel', 'Rodriguez Gallego', '77120120040@cubansoftware.com', '77120120040', 'sha1', 'a2595370cd90b0ed782a507cbac0ce72', '5575cafac29cd00f67b265292136277fe2ddfea4', 1, 0, NULL, '2015-11-30 08:23:48', '2015-11-30 08:23:48'),
	(80, 'Alixis', 'Lopez Galicias', '76082616421@cubansoftware.com', '76082616421', 'sha1', 'e52c790fae83bbf19f89bb03e1f40681', '0e109d1d98702e71046fc29847518981fa62b78b', 1, 0, NULL, '2015-11-30 08:28:17', '2015-11-30 08:28:17'),
	(81, 'Roberto', 'Almenares Lopez', '89021539629@cubansoftware.com', '89021539629', 'sha1', '734966dad36d902e9c6cc22e123a8f4e', 'a8b36300ccf72b84ae29f6b6eff299604a1b19d2', 1, 0, NULL, '2015-11-30 08:32:20', '2015-11-30 08:32:20'),
	(82, 'Eddy', 'Hidalgo Almanza', '84100320663@cubansoftware.com', '84100320663', 'sha1', 'd166044dd774148bd0a7f886b882c254', 'd29c16012cd071ea86e5ebfcf092301017741322', 1, 0, NULL, '2015-11-30 08:36:54', '2015-11-30 08:36:54'),
	(83, 'Jose Carlos', 'Negreira Dias', '94020242743@cubansoftware.com', '94020242743', 'sha1', '9852904e59d5783e43bcb9848db241e9', 'c5ff8552564f812ce089f32ef07bc36c590fdc55', 1, 0, NULL, '2015-11-30 09:04:40', '2015-11-30 09:04:40'),
	(84, 'Yudilma', 'Acosta Carbonel', '83120819514@cubansoftware.com', '83120819514', 'sha1', '5243dc77ab2396154caaa95256fd87d6', '0deb93883901d45a45755fcd2f43b4ad31cb8bf7', 1, 0, NULL, '2015-11-30 09:10:56', '2015-11-30 09:10:56'),
	(85, 'yosvany', 'Rondon navas', '79031512702@cubansoftware.com', '79031512702', 'sha1', 'd431734a44e4756b2971f86d4edfbe41', '8e57874ea0ed7f7d28ddf6ff62ac21a4b446ce7a', 1, 0, NULL, '2015-11-30 09:16:07', '2015-11-30 09:16:07'),
	(86, 'Reinelkis', 'Matos Matos', '84100328360@cubansoftware.com', '84100328360', 'sha1', '7f3204dd19a7b00bd8f00ea7a060108b', '215a3708aea30ba92ed187df85527961b4575420', 1, 0, NULL, '2015-11-30 09:22:43', '2016-12-05 14:25:33'),
	(87, 'Leandro', 'Nuñez Cutño', '82011826089@cubansoftware.com', '82011826089', 'sha1', 'b26a1389d88599e4d06a692c45120f96', '5eacd5d0abe7c6cb5e98bb7c22c89ed3ad037972', 1, 0, NULL, '2015-11-30 09:28:18', '2016-01-04 14:47:12'),
	(88, 'Yamila', 'Cuadrado Hernandez', '83101519559@cubansoftware.com', '83101519559', 'sha1', 'f167b9fa0705e6d3a93cac8a875824e9', 'c3e54aa7e2d7dc01b9bd32f962ba7c9a5e3a40c2', 1, 0, NULL, '2015-11-30 09:55:50', '2015-11-30 09:55:50'),
	(89, 'Telma', 'Dias Pineda', '70021508572@cubansoftware.com', '70021508572', 'sha1', '93680a4a74eefdc108f243dc836aad05', 'e95720f81f7786bfa0746d135ec259da1ec9e2a6', 1, 0, NULL, '2015-11-30 10:11:16', '2015-11-30 10:11:16'),
	(90, 'Martiza', 'Cutiño Aguilar', '65010907833@cubansoftware.com', '65010907833', 'sha1', '528f801c82ce7615d6bb74c5d9d51fe6', '432ffb86699a8189cab2e34dd48ba2760b899c54', 1, 0, NULL, '2015-11-30 10:16:04', '2016-01-04 12:35:55'),
	(91, 'Luis Ramon', 'Garcia Gongora', '68040709068@cubansoftware.com', '68040709068', 'sha1', '11528b05b35b66560b1935f762adbe39', '05e38c9d04009676298a4d77206cea26a31afa35', 1, 0, NULL, '2015-11-30 10:20:51', '2015-11-30 10:20:51'),
	(92, 'Abel Leonardo', 'Hernandez Cedeno', '92070343240@cubansoftware.com', '92070343240', 'sha1', '1e6dbffff5aa21396d03122c439f3fd4', 'c4a5cf88b27cbdc24b474d5aeca69934412b0bff', 1, 0, NULL, '2015-11-30 10:24:37', '2015-11-30 10:24:37'),
	(93, 'Eugenio', 'Ruiz Martinez', '68051925300@cubansoftware.com', '68051925300', 'sha1', '31543c464a04d4399bc34f7118a565f5', 'dbfba2e32b66fe01f5b61c343e41ee13d527c6e5', 1, 0, NULL, '2015-11-30 10:29:11', '2015-11-30 10:29:11'),
	(94, 'Gonzalo', 'Sanchez Sanchez', '70093023069@cubansoftware.com', '70093023069', 'sha1', '5f12b84e927e4daa54b3b3ab5b996302', '6f7a0b54d34f05d9ea1fb992233c09e7f68d1ff5', 1, 0, NULL, '2015-11-30 10:32:15', '2015-11-30 10:32:15'),
	(95, 'Jorge Prado', 'Teruel Pupo', '45062907401@cubansoftware.com', '45062907401', 'sha1', '662cd4053aacc29a43caff7a7ad70db4', '5168984b402c57790946978d4d759e759b5d206f', 1, 0, NULL, '2015-11-30 10:44:40', '2015-11-30 10:44:40'),
	(96, 'Sergio', 'Leyva Teruel', '63092420607@cubansoftware.com', '63092420607', 'sha1', '1fe5b145b820cee107ea7bc571403e60', '6e53c944de21d4531a54db07d436a433dacc3e66', 1, 0, NULL, '2015-11-30 12:35:24', '2015-11-30 12:35:24'),
	(97, 'Yurisander', 'Ramirez Hernandez', '74092110209@cubansoftware.com', '74092110209', 'sha1', '86646b4016f97f1ed3dd9c0add6d9709', 'a704dc9b4c465532c18d4bcfaeb59f3c53481c21', 1, 0, NULL, '2015-11-30 12:46:17', '2015-12-08 11:45:53'),
	(98, 'Jose Ramon', 'Cespedes Garcia', '64031306823@cubansoftware.com', '64031306823', 'sha1', 'd92e769f9e033dfdd701bed8d07033a6', '82b453158fb5557e9c974bed57d48c4dd412baf6', 1, 0, NULL, '2015-11-30 12:55:31', '2015-11-30 12:55:31'),
	(99, 'Gilber', 'Gonzales Garcia', '73030407104@cubansoftware.com', '73030407104', 'sha1', '6d417657f8f7b7e19205c840ab01a014', '4bca64f655f269f52e01b366d30e250a7d414399', 1, 0, NULL, '2015-11-30 13:03:10', '2015-11-30 13:03:10'),
	(100, 'Eddy', 'Pavon Garcell', '67121814709@cubansoftware.com', '67121814709', 'sha1', '7a27164e45409dace21f298b57f264f5', 'aca5819fab90c7d12bdad8299811586c1ffc91ec', 1, 0, NULL, '2015-11-30 13:06:57', '2015-11-30 13:06:57'),
	(101, 'Ruben', 'Olivero Suarez', '82102324429@cubansoftware.com', '82102324429', 'sha1', '6d8c84a4ea16ac773cc1c2c4cea17e6e', '4a4a2c912cbe31403381c0e611fb0b27d26459d0', 1, 0, NULL, '2015-11-30 13:52:15', '2015-11-30 13:52:15'),
	(102, 'Lisbeth', 'Parra Martinez', '83061519398@cubansoftware.com', '83061519398', 'sha1', '96f2e0595f23d0be5f5f895d397734db', 'fc5ca210513502bfed0d750d62808d6fd213a13f', 1, 0, NULL, '2015-11-30 13:56:29', '2015-11-30 13:56:29'),
	(103, 'Yurima', 'Leyva Espinosa', '81100619112@cubansoftware.com', '81100619112', 'sha1', '2664055336c6404a00f25a6fff21d71d', '2426dd37567f53a91f600c0957ae72f632f1a9e4', 1, 0, NULL, '2015-11-30 14:03:59', '2015-11-30 14:03:59'),
	(104, 'Eliseo', 'Gonzales Guerrero', '73011708680@cubansoftware.com', '73011708680', 'sha1', '9e2e85c47540c3371827ac5c0b20623c', 'e3b2e41e510153cbc90bcb707beac44e483622d5', 1, 0, NULL, '2015-11-30 14:13:13', '2015-12-08 11:14:11'),
	(105, 'Miguel', 'Prieto Zaldivar', '61041809101@cubansoftware.com', '61041809101', 'sha1', '88486b6155a00556c731eec3a1be03a9', 'f938dd1e5303fb1d32d1fbcdd4ad63f767d99f5f', 1, 0, NULL, '2015-11-30 14:36:29', '2015-12-08 11:01:20'),
	(106, 'yoan Miguel', 'Prieto Garcia', '81122519168@cubansoftware.com', '81122519168', 'sha1', 'afffed3829612db4e9bc5fec510b3a90', '7d52fb6a1889015f417918f2a6396a07a7951606', 1, 0, NULL, '2015-12-01 08:11:06', '2015-12-01 08:11:06'),
	(107, 'Yosvany', 'Gonzales  Marrero', '80072500208@cubansoftware.com', '80072500208', 'sha1', '32f8c9771dbc26997daf1b62afd17ecd', 'f21d960253597197404c3a940176fd5587da03f6', 1, 0, NULL, '2015-12-01 08:21:56', '2015-12-03 17:08:56'),
	(108, 'Duviel Ramon', 'Machin Garcel', '87071125888@cubansoftware.com', '87071125888', 'sha1', 'ae86daf710514acc42a6e4297f265bf2', 'b1cc24bfa34204255a618d0eb826c062294b7b89', 1, 0, NULL, '2015-12-01 08:26:25', '2015-12-01 08:26:25'),
	(109, 'Yudel', 'Gonzales Avila', '84071221768@cubansoftware.com', '84071221768', 'sha1', 'bbf8d802e092f2758f3e11c64abee22c', '7c92999d7b8cc71cd5278bf06b44e70ec04de624', 1, 0, NULL, '2015-12-01 08:33:23', '2015-12-01 08:33:23'),
	(110, 'Jose Ulises', 'Frometa Tamayo', '69070524023@cubansoftware.com', '69070524023', 'sha1', '7c37b889b9c2cb7f0aca489b7f8d0d87', '94a9787fe838f6ad3798340f4b25373795ecfcd5', 1, 0, NULL, '2015-12-01 08:38:29', '2015-12-01 08:38:29'),
	(111, 'Misael', 'Guerra Laguna', '65111412882@cubansoftware.com', '65111412882', 'sha1', 'c46970a6eececcc8f1c64cf78e192ec5', 'f9ec22fe6a9df5c5a9db17659f92658c09b5f018', 1, 0, NULL, '2015-12-01 08:51:27', '2015-12-01 08:51:27'),
	(112, 'Yennier', 'Guerra Marrero', '90121341286@cubansoftware.com', '90121341286', 'sha1', 'e039a8a4185b6c61c7faa673b8481692', 'ba48d058e112747ac517248af5f37826f94b8a0e', 1, 0, NULL, '2015-12-01 09:06:34', '2015-12-01 09:06:34'),
	(113, 'Maria del Carmen', 'Pupo Perez', '62111204177@cubansoftware.com', '62111204177', 'sha1', 'a1bd993d8e1208dd898b68414c4e86d1', 'abe4acdb11cd594e4d36e323c87f0975c61588c1', 1, 0, NULL, '2015-12-01 09:13:18', '2015-12-01 09:13:18'),
	(114, 'Yailet', 'Suarez Reyes', '69110425921@cubansoftware.com', '69110425921', 'sha1', 'bf836f4f7a81a2668c9cafca80b32195', '7ab2161a484801243b603f97ced829ff5a9e8121', 1, 0, NULL, '2015-12-08 09:02:27', '2015-12-08 09:02:27'),
	(115, 'Maikel', 'Ricardo Rodriguez', '87053025926@cubansoftware.com', '87053025926', 'sha1', 'efa1680f67457b2ab5e953105f21736b', '5a29e2e07aa082892849a404a737e2fadbb65c95', 1, 0, NULL, '2015-12-08 10:36:40', '2015-12-08 10:36:40'),
	(116, 'Tania Xiomara', 'Feria Bruzon', '71121311674@cubansoftware.com', '71121311674', 'sha1', 'f9bb03f33cb5030a2535de1e75a6d97d', 'e695d1dcb9db47326a14aff6cea6d0b6a7827c46', 1, 0, NULL, '2015-12-15 08:28:13', '2015-12-15 08:36:47'),
	(117, 'Addriel', 'Rosalez Gomez ', '85042323702@cubansoftware.com', '85042323702', 'sha1', '6e5a248b1104b46c44daf4d8142f38e1', '27f870b84ff422c1a58c7bedd38402dfd86fb532', 1, 0, NULL, '2015-12-15 08:42:07', '2015-12-15 08:42:07'),
	(118, 'Odalquis', 'Ricardo Rodriguez', '73101306770@cubansoftware.com', '73101306770', 'sha1', '44a1066d320023d671e2371b52390658', '8075aea3cfbe108661492cc6de4f0b4443c812c2', 1, 0, NULL, '2015-12-15 08:46:40', '2015-12-15 08:46:40'),
	(119, 'Pilar Maria', 'Perez Dias', '65081109131@cubansoftware.com', '65081109131', 'sha1', '71a40b90f5d44307e072d08ddce3e43c', 'a4d1b958d74b531ae4843642a24a72e1a8535428', 1, 0, NULL, '2015-12-15 08:52:16', '2015-12-15 08:52:16'),
	(120, 'Elcides', 'Peña Batista', '40080906987@cubansoftware.com', '40080906987', 'sha1', '7c8a9388bfa4b0620d362ce390772323', '7d265ce1d137c94addee6742a4b0b2b44baedf26', 1, 0, NULL, '2015-12-15 09:02:21', '2016-01-04 14:37:11'),
	(121, 'Carlos Manuel', 'Ridriguez Rosabal', '57120810144@cubansoftware.com', '57120810144', 'sha1', 'c4c518a659491b35bb7d4ccc261f2484', 'ac4db914da25586b76e64e557e168202cc3876c9', 1, 0, NULL, '2015-12-15 09:06:28', '2015-12-15 09:06:28'),
	(122, 'Jose Segundo', 'Bruzon Guerrero', '53060521429@cubansoftware.com', '53060521429', 'sha1', 'ad79bbc748755bded9175c6dfc817b70', 'b29782cd02dc68c5d518731f76332637628dd116', 1, 0, NULL, '2015-12-15 09:18:10', '2015-12-15 09:18:10'),
	(123, 'Eduardo', 'Solis de la Rosa', '90011541469@cubansoftware.com', '90011541469', 'sha1', '1fea5b4f8c673aecafe7a995c42ed7e3', 'a3c7bc66355eb4bdad7e6963eb970ef7f6324e84', 1, 0, NULL, '2015-12-15 09:20:48', '2015-12-15 09:20:48'),
	(124, 'Antonio', 'Hiralda Avila', '49112306709@cubansoftware.com', '49112306709', 'sha1', '223cf5c139477d341c4111d077946b4a', '4f10d87431ccc152e325c389e622c57ee8d61206', 1, 0, NULL, '2015-12-15 09:32:06', '2015-12-15 09:32:06'),
	(125, 'Luz de los Angeles', 'Santieteban Arevalo', '60080411857@cubansoftware.com', '60080411857', 'sha1', '5ae727e2b5a1dc743a87ddb7457b7f91', '4fb83019a865bbb70e3f51d7976aeb9ee7618f7f', 1, 0, NULL, '2015-12-15 09:38:42', '2015-12-15 09:38:42'),
	(126, 'Luis Manuel', 'Paneque Caballero', '89120137548@cubansoftware.com', '89120137548', 'sha1', '62063dc4860c096aa434f3ef30b13098', 'd20a175761c40bc25f09c509ccf7dc4047dd1f4a', 1, 0, NULL, '2015-12-15 09:42:17', '2015-12-15 09:42:17'),
	(127, 'Fredesvinda', 'Caballero Zamada', '69012808714@cubansoftware.com', '69012808714', 'sha1', '8c3490826ecd4d9baf1d5e9231514014', '66f95186da8fc811928baaf91e96b868a45c5984', 1, 0, NULL, '2015-12-15 09:46:32', '2015-12-15 09:46:32'),
	(128, 'Orlando', 'Martinez Almira', '57033009767@cubansoftware.com', '57033009767', 'sha1', '33ce38150d1a3e31338e65a1e87e041a', '432ec31af681a75a740e8ef39c6a76c3285e5b08', 1, 0, NULL, '2015-12-15 17:49:48', '2015-12-15 17:49:48'),
	(129, 'Rodolfo ', 'Batista Ochoa', '70012208482@cubansoftware.com', '70012208482', 'sha1', '2ee2ef3c9cf91a0622866de11f4aec1a', '1a558e80d68fd2f50b209cee42c236060c8bc04e', 1, 0, NULL, '2015-12-17 10:58:21', '2015-12-17 10:58:21'),
	(130, 'Ronal Roberto', 'Fernandez Vazquez', '83090819424@cubansoftware.com', '83090819424', 'sha1', '1a277aee876fca444fa27247c0b341be', 'bff2985ab53340b12244cff24175338058ac0f6b', 1, 0, NULL, '2015-12-17 11:02:19', '2015-12-26 21:07:34'),
	(131, 'Maria Ofelia', 'Aguilera Falcon', '75092516234@cubansoftware.com', '75092516234', 'sha1', 'da6a5792e8081c7f1c1c97d420fa8d77', '9216daa92eea2693188434142d62036b8afb11a4', 1, 0, NULL, '2015-12-17 11:07:06', '2015-12-17 11:07:06'),
	(132, 'Alexander ', 'Gongora Riaño', '71111523106@cubansoftware.com', '71111523106', 'sha1', '00aa5c8851547cfd0c99cc54560c4308', 'f73577b14e19dee798f960a819af831c8a597ab0', 1, 0, NULL, '2015-12-17 11:15:33', '2016-01-04 14:02:07'),
	(133, 'Rubiel', 'Garcia Medina', '63092625728@cubansoftware.com', '63092625728', 'sha1', '3f86205dfeab1fc22b479f441778c6fa', 'aa9e1cfb2498c9535b7093e3edce15745651c302', 1, 0, NULL, '2015-12-17 11:20:25', '2015-12-17 11:20:25'),
	(134, 'Pedro Ramon', 'Chapman Hernandez', '64041423407@cubansoftware.com', '64041423407', 'sha1', 'b8c6c045d07c3cdbb6c2c38ca5176819', 'efd33731169b2e05dd527e94c6c55d431c895fba', 1, 0, NULL, '2015-12-18 07:40:22', '2015-12-18 07:40:22'),
	(135, 'Reinerio', 'Perez Parra', '73091921682@cubansoftware.com', '73091921682', 'sha1', '728389b789c352be253621c246f53b77', 'b1272275152d3290a5204258788727b368ef165f', 1, 0, NULL, '2016-01-04 12:49:01', '2016-01-04 12:49:01'),
	(136, 'Rogelio Salvador', 'Peña Vega', '86030221626@cubansoftware.com', '86030221626', 'sha1', '45e21e035a4cdf381c00aab606bf0705', '677ebcc15f89efbfc3eba8bd9cfe8740d9a17aac', 1, 0, NULL, '2016-01-04 13:47:58', '2016-01-04 13:47:58'),
	(137, 'Adolfo', 'Anazco Garrido', '42031706485@cubansoftware.com', '42031706485', 'sha1', '654436541a4a907b2a19692d2765f17b', '07f27da4b8d9c0bdae09340ba3fa2fa22de7f1c2', 1, 0, NULL, '2016-01-04 16:22:32', '2016-01-04 16:22:32'),
	(138, 'Alexis', 'Zaldivar Fernandez', '72082413306@cubansoftware.com', '72082413306', 'sha1', '7e08408413ac9803485e4a1c1a789385', '1e4642cc282c1bcb7a014fddc97066466603b570', 1, 0, NULL, '2016-01-04 16:44:36', '2016-01-04 16:44:36'),
	(139, 'Edelio', 'perez Gonzalez', '72040108664@cubansoftware.com', '72040108664', 'sha1', '616b1d8b99dbe5992ff5959803b8e36b', '9ddce1680898b51e9ca5885dcf53f783d1c8fb3d', 1, 0, NULL, '2016-01-04 16:58:13', '2016-01-04 16:58:13'),
	(140, 'Fernando Daniel', 'Rivas Domingues', '60072108181@cubansoftware.com', '60072108181', 'sha1', '08ae69cb092705fc4a30847ce73c164f', '01bbda452e7b82d4bf688a1936d59935ac7e3f64', 1, 0, NULL, '2016-01-05 10:31:49', '2016-01-05 10:31:49'),
	(141, 'Gilberto', 'Martinez Correa', '71051722202@cubansoftware.com', '71051722202', 'sha1', '4c2025b0062b1b1a2117c565b7b236a9', '2c36e29276386c79c15389030470555c7da563e3', 1, 0, NULL, '2016-01-05 10:41:07', '2016-01-05 10:41:07'),
	(143, 'Gustavo', 'Hernandez Rodrigues', '93110919706@cubansoftware.com', '93110919706', 'sha1', 'acb503b0a3c0132f6d481f34292ca11e', '513ad8052a1dfee3b775212b1f9903abcab60404', 1, 0, NULL, '2016-01-05 10:48:01', '2016-01-05 10:48:01'),
	(144, 'Ifrain', 'Aguilar Peña', '77082819882@cubansoftware.com', '77082819882', 'sha1', '891d5bf201a1f7ba1976eb547b9a9e08', '10e9dff679b9237e4a999ab4b0882c5ae1ce29f1', 1, 0, NULL, '2016-01-05 10:53:08', '2016-01-05 10:53:08'),
	(145, 'Jose Antonio', 'Aldana Barragan', '89031837508@cubansoftware.com', '89031837508', 'sha1', 'fc60821eefad05d8dbec3f1943454ca3', '78a8163a69a44a66743821ceaff9418cede1a875', 1, 0, NULL, '2016-01-05 11:03:25', '2016-01-05 11:03:25'),
	(146, 'Leandro', 'Zaldivar Rojas', '87042025784@cubansoftware.com', '87042025784', 'sha1', '7d945b3c8abd27599589b9046ce5dd03', '175ebfc348f69d539850e00a0027841a9fee0b4b', 1, 0, NULL, '2016-01-05 11:12:09', '2016-01-05 11:12:09'),
	(147, 'Marcos Rafael', 'Pupo Hernandez', '84030419726@cubansoftware.com', '84030419726', 'sha1', '366faf9a1dfa79df85c5afd07e8f6b04', '346eef501378f123cd4796a7347c621707c7e512', 1, 0, NULL, '2016-01-05 11:20:28', '2016-01-05 11:20:28'),
	(148, 'Mayda Fautina', 'Rodriguez Perez', '65110721115@cubansoftware.com', '65110721115', 'sha1', '06eea5589dcffcf73d3fceff79b9425f', 'ff794c9007686877f97dc144867d0244c0c72175', 1, 0, NULL, '2016-01-05 11:27:26', '2016-01-05 11:27:26'),
	(150, 'Rafael', 'Herrera Rodriguez', '71021022428@cubansoftware.com', '71021022428', 'sha1', '70d1e6b209ea479b613ea78840d1e1d1', 'd43a7cdfbf1e625697b88d5e5100e716be623d1f', 1, 0, NULL, '2016-01-05 11:49:08', '2016-01-05 11:49:08'),
	(151, 'Roberto', 'Lancella Valdes', '90110641380@cubansoftware.com', '90110641380', 'sha1', 'e467fff6178545a7d45fb3bfb8f18181', '0b12f9a54ac1edaedfd2f2c2a27ff3a0061a2304', 1, 0, NULL, '2016-01-05 11:54:35', '2016-01-05 11:54:35'),
	(152, 'Roberto', 'Peña Cruz', '89033037405@cubansoftware.com', '89033037405', 'sha1', 'b1eba11fe9ef6f74bca8635c06506a27', 'f0b810390aa846bc725bb878c5b7c995e938cd19', 1, 0, NULL, '2016-01-05 12:01:28', '2016-01-05 12:01:28'),
	(153, 'Roger', 'Truyenque Rodriguez', '55030910222@cubansoftware.com', '55030910222', 'sha1', '494e5866107f15201d44b0d8ea692fbb', '85bd5a6c7e5a483035947d729bb7732fafc12b7b', 1, 0, NULL, '2016-01-05 12:35:57', '2016-01-05 12:35:57'),
	(154, 'Ruben', 'Fernandez Zaldivar', '64070323804@cubansoftware.com', '64070323804', 'sha1', '9dc5c1ddd25fab7f9e72b3fcedf738fd', 'fa72a2098c8f1867426394e7fddaebbcd2c2c43f', 1, 0, NULL, '2016-01-05 12:43:24', '2016-01-05 12:43:24'),
	(155, 'Yadelin', 'Gonzales Galves', '87100325856@cubansoftware.com', '87100325856', 'sha1', 'b63ab063d58a5d95ce1bc18a42045669', '4a1d603720b4cf637885ec56570fd83be5ba9240', 1, 0, NULL, '2016-01-05 12:49:26', '2016-01-05 12:49:26'),
	(156, 'Yoanny', 'Carmenate Camejo', '82101026141@cubansoftware.com', '82101026141', 'sha1', '6bad9dbb870202198ccb376a5e224385', '7107fa01cb33ba7ffd25297bc2c008301a425ccd', 1, 0, NULL, '2016-01-05 13:43:38', '2016-01-05 13:43:38'),
	(157, 'Yunior', 'Sosa  Dominguez', '79052819127@cubansoftware.com', '79052819127', 'sha1', '2db50498ca14203a585c539c5e355ab0', '0c1539b4e1f7ee604e5ef53fc2bcbec3397aeade', 1, 0, NULL, '2016-01-05 13:51:52', '2016-02-27 16:29:01'),
	(158, 'Isidro Antonio', 'Gonzalez Gonzalez', '59062704742@cubansoftware.com', '59062704742', 'sha1', '968f8ee937c16a04345d9145bb135123', '3fc0bdd975daafdb1d00121b66891b5321bfaa67', 1, 0, NULL, '2016-01-05 14:29:22', '2016-01-05 14:29:22'),
	(159, 'Marco Antonio', 'Gonzalez Felipe', '86112521841@cubansoftware.com', '86112521841', 'sha1', '27ea588c40279e1700f5d86ad86068dd', 'bc09d391b8bd45bd6c9247b89329d2139dd028aa', 1, 0, NULL, '2016-01-05 14:36:27', '2016-01-05 14:36:27'),
	(160, 'Luis', 'Rodríguez Cabrera', '70032523064@cubansoftware.com', '70032523064', 'sha1', 'd97a9093acba38847972a97a4e97ff61', 'f85ab810eb2d689339ec6fe010cb9b0113be2642', 1, 0, NULL, '2016-01-14 09:27:48', '2016-12-01 18:31:06'),
	(161, 'Julio Cesar', 'Peña  Aguilar', '71050522502@cubansoftware.com', '71050522502', 'sha1', '3d92d6a2fb2439f0d77cffeb959da71d', '35af48da18576628a176a518b715ea3fb51dea0e', 1, 0, NULL, '2016-01-14 09:39:19', '2016-01-14 09:39:19'),
	(162, 'Maura Lina', 'Napoles Rodriguez', '31032606877@cubansoftware.com', '31032606877', 'sha1', '381faaa8b73de0657368d60f29784bd5', 'e4fabfd7fef134a2a201ba0758ba90aad62524ee', 1, 0, NULL, '2016-01-15 12:46:45', '2016-01-15 12:46:45'),
	(163, 'Luisa del Carmen', 'Acosta Feria', '93031019950@cubansoftware.com', '93031019950', 'sha1', '7d77d52322dac72dbe60f126bdb47005', '079f9ad4e8a1fadeb7e5ce1c9f0c352fb5af596f', 1, 0, NULL, '2016-01-15 12:48:43', '2016-01-15 12:48:43'),
	(164, 'Iliana Dunia', 'Guevara Arguelles', '72032324191@cubansoftware.com', '72032324191', 'sha1', 'bad5dc0e07b5e860d60ed83ba05ffd34', 'ff9f1125eafef5e58171c99d0f8708aab01aaef8', 1, 0, NULL, '2016-01-18 17:18:04', '2016-01-18 17:18:04'),
	(165, 'Jose Alberto', 'Medina Fernandez', '97111518305@cubansoftware.com', '97111518305', 'sha1', '6aeafa817ce19dae9fd1d416e2f978d2', '039029bfd4cb84c3bc1a0bb6c962a59c150e25a3', 1, 0, NULL, '2016-01-18 17:22:26', '2016-12-08 13:45:05'),
	(166, 'Reina ', 'Reyes Ojeda', '63010309851@cubansoftware.com', '63010309851', 'sha1', '271a4d183fbbb4ccc7d7a931536f8060', 'f1178daeb762a369fdfcc2ed566a046260f78ac4', 1, 0, NULL, '2016-01-19 09:02:48', '2016-01-19 09:02:48'),
	(167, 'Martha', 'Caballero Mulet', '74112414399@cubansoftware.com', '74112414399', 'sha1', '041b6919f2c1deca86d98ab6a77a8a23', '09c804c2992206f94937242957a186d5407b8988', 1, 0, NULL, '2016-01-22 14:21:38', '2016-01-22 14:21:38'),
	(168, 'Vivian ', 'Sousa Tamayo', '75052839595@cubansoftware.com', '75052839595', 'sha1', '5a1f6bfae65b87fae523036dbaf2b734', '0264774c6969dc9c957e1ea0d82dbb15c0214496', 1, 0, NULL, '2016-01-22 14:29:41', '2016-01-22 14:29:41'),
	(169, 'Isidro', 'Cubero Gongora', '33051506440@cubansoftware.com', '33051506440', 'sha1', '50a501f495f747ca4249e23ffa02de68', 'b35a65ab024673376689f0de308f4a4c146b059b', 1, 0, NULL, '2016-01-22 14:35:36', '2016-01-22 14:35:36'),
	(170, 'Ana Elda', 'Reyes Frometa', '66090210477@cubansoftware.com', '66090210477', 'sha1', '0c682db9004553956de3664918c2ae84', '18564c68a31bd1807ca50d7e66b4c4fb2037f1a2', 1, 0, NULL, '2016-01-25 10:30:28', '2016-01-25 10:30:28'),
	(171, 'Pedro luis', 'Hernandez Abreu', '94092842763@cubansoftware.com', '94092842763', 'sha1', '61e294b8c64656fd10582372eb253409', 'ab16491a38e911aa64579aea7919f532b44cb971', 1, 0, NULL, '2016-02-01 14:35:09', '2016-02-01 14:35:09'),
	(172, 'Maria Elena ', 'Cubero Gongora', '60030223555@cubansoftware.com', '60030223555', 'sha1', '99e71bd358f3aecaea99fff36a826298', 'cc6648291dbaf4f1de27ec6dfc80c6ca3f038de7', 1, 0, NULL, '2016-02-04 10:58:47', '2016-02-04 10:58:47'),
	(173, 'Rene', 'Perez Peña', '66040608921@cubansoftware.com', '66040608921', 'sha1', '6747e231d58c5b4149ff15fc57b79848', '70e966d9a8980757d0d11c19f72d49f43c827efc', 1, 0, NULL, '2016-02-04 11:07:20', '2016-02-04 11:07:20'),
	(174, 'Yolaine', 'Rivas Melendez', '92072943452@cubansoftware.com', '92072943452', 'sha1', '03402a42c32f54a7d07eb9b5975428b7', '0ff8bcb2b2c0d1df4145d0baa6509a27624c3d46', 1, 0, NULL, '2016-02-04 11:10:11', '2016-02-04 11:10:11'),
	(175, 'leticia', 'Zaldivar Ricardo', '71112919538@cubansoftware.com', '71112919538', 'sha1', 'f0f456f263103a77dd4d648d085cf41a', '724b59fc1fbb31c12856093275068a3f44177438', 1, 0, NULL, '2016-02-04 11:18:15', '2016-02-04 11:18:15'),
	(176, 'Silvia  Alicia', ' Hernandez Rodriguez', '60121611271@cubansoftware.com', '60121611271', 'sha1', '8cab72ce7585ac3a9e96a5956daf3d13', '589fe01038b970ce5f10fc29c52eed707ef03e33', 1, 0, NULL, '2016-02-04 11:40:27', '2016-02-04 11:40:27'),
	(177, 'Evelin', 'Acosta Rodriguez', '94101443056@cubansoftware.com', '94101443056', 'sha1', '38a35e5d5a2cd8b8925b7d1d3acda9bf', '68281568791797804507d0a76f0186655e289a8e', 1, 0, NULL, '2016-02-04 11:48:03', '2016-02-04 11:48:03'),
	(178, 'Dayami', 'Serrano Raspall', '76010516134@cubansoftware.com', '76010516134', 'sha1', '1b5150358bb4b9f0aafff618b7d4e989', '43755667dd3da9de81cb209b950132736edd4571', 1, 0, NULL, '2016-02-04 11:56:48', '2016-02-04 11:56:48'),
	(179, 'Mario ', 'Rodriguez Gonzales', '88111126222@cubansoftware.com', '88111126222', 'sha1', 'a00e3bf6c8b79fbf3bbdac71d0e830eb', '6b281437b0c524c476f40807f0968a3404d169fa', 1, 0, NULL, '2016-03-03 13:27:08', '2016-03-03 13:27:08'),
	(180, 'Lazaro ', 'Rivera Peña', '88110826308@cubansoftware.com', '88110826308', 'sha1', 'f3f5b044d7d7638120f65b8c32cdd5d6', '89e0efd8374a4fa6a68e2660f5254b90b0aadfb1', 1, 0, NULL, '2016-03-03 13:31:55', '2016-03-03 13:31:55'),
	(181, 'Esmeralda', 'Diaz Batista', '85101720653@cubansoftware.com', '85101720653', 'sha1', '830b610e620e61f0c68d0f9d5bb3acad', '5db40ad630d75627d8c64d434d3d75d8559d7cb5', 1, 0, NULL, '2016-03-03 13:39:38', '2016-03-03 13:39:38'),
	(182, 'Carlos Abelardo', 'Batista Alvarez', '96121320284@cubansoftware.com', '96121320284', 'sha1', 'acc6fbbc0148e6f9fd149b7fca9ce5b9', '4c636046bca476a8811191f3e1e3929885df1f6e', 1, 0, NULL, '2016-03-03 13:45:07', '2016-03-03 13:45:07'),
	(183, 'Yanet', 'Rodriguez Ibañes', '74111714518@cubansoftware.com', '74111714518', 'sha1', '0cd8b68260359b980a152a3d1ad243e4', 'e3d4245ee1f1305386cac70fc71e4efc6449242f', 1, 0, NULL, '2016-03-03 13:53:00', '2016-03-03 13:53:00'),
	(184, 'Nolberto Luis', 'Del Toro Montero', '55013107044@cubansoftware.com', '55013107044', 'sha1', '1ccf31bcf03de0b0c252d489f0c52202', '573bd0a916599e01f88c8b8231d6ca47649f4ced', 1, 0, NULL, '2016-03-03 13:57:21', '2016-03-03 13:57:21'),
	(185, 'Sonnia', 'Pupo Ferras', '58062306919@cubansoftware.com', '58062306919', 'sha1', 'c9ca9da37aa83d704c764c5929908006', '358fa621b7864f502e42dc4c47f17e96f47a564e', 1, 0, NULL, '2016-03-03 14:03:21', '2016-03-03 14:03:21'),
	(186, 'Nicolas Rynaldo', 'Infante Sanchez', '58091007665@cubansoftware.com', '58091007665', 'sha1', '6d1c8f7641a42e8d52d236a02c0ccea2', 'fe492d7406f5a22117658077fd9a2c9583b40ee7', 1, 0, NULL, '2016-03-03 14:08:41', '2016-03-03 14:08:41'),
	(187, 'Enma Rosa', 'Guerra Santiesteban', '62120621190@cubansoftware.com', '62120621190', 'sha1', '89354df7f5a083fd63307afde87f1209', '7c99add227b173bb4bfda5c1f649f7b78e514b1b', 1, 0, NULL, '2016-03-03 14:12:54', '2016-03-03 14:12:54'),
	(188, 'Nuris Sara', 'Escalona Gonzalez', '58071307079@cubansoftware.com', '58071307079', 'sha1', '36d8a61efa53ac0b3ebff020cd97c05f', '7208a41e1b6364d1c720815d566b5cfb0c786b61', 1, 0, NULL, '2016-03-03 14:16:56', '2016-03-03 14:16:56'),
	(189, 'Carlos Julio', 'Santiesteban Morales', '64041209308@cubansoftware.com', '64041209308', 'sha1', '0dc264367e8f2c0d5d881916fe5c0929', '97fc3611d2cdb64063b980c85ee6ae7752dfca25', 1, 0, NULL, '2016-03-03 14:32:55', '2016-03-03 14:32:55'),
	(190, 'Henry', 'Perez Gozalez', '81051419124@cubansoftware.com', '81051419124', 'sha1', 'c93c705fcd5e5cdba6544ed6ebc73813', '7ea8a4f087985da3f9e81ecf629a26d345bdf49b', 1, 0, NULL, '2016-03-03 14:35:50', '2016-03-03 14:35:50'),
	(191, 'Alfredo Florencio', 'Lopez Perez', '52011007762@cubansoftware.com', '52011007762', 'sha1', '9e085c2624864f3ec8f0bdde022c57a5', 'd87453c765261242117e19b05d613e18671172d1', 1, 0, NULL, '2016-03-03 14:41:16', '2016-03-03 14:41:16'),
	(192, 'Norge', 'Rojas Agulera', '67081207644@cubansoftware.com', '67081207644', 'sha1', 'c1d932fb4447e19396bdd44d7971c14a', 'ae917aaa7bda4a81900f1b7cebb11f7c3caf6f5d', 1, 0, NULL, '2016-03-03 14:44:13', '2016-03-03 14:44:13'),
	(193, 'Jorge Ariel', 'Perez Perez', '68051913905@cubansoftware.com', '68051913905', 'sha1', '3451b3e88ad89bff81ff483a4beb2c7f', '14efb02c49135e8a1939680a5cea6744d151f9c9', 1, 0, NULL, '2016-03-03 14:59:06', '2016-03-03 14:59:06'),
	(194, 'Rolquis', 'Sera Bruzon', '77111120083@cubansoftware.com', '77111120083', 'sha1', '80fdd1358d85fab1aecaeb96b432305c', '6367e4bc083b1dde52ce26f5a12685914a680374', 1, 0, NULL, '2016-03-03 15:01:59', '2016-03-03 15:01:59'),
	(195, 'Richar', 'Soque Martinez', '85112521703@cubansoftware.com', '85112521703', 'sha1', '99130f7e37939d4cc7003ec74a41c8e8', '5083d322a60dae47c60dfd65d8b714bec0ca63d9', 1, 0, NULL, '2016-03-03 15:05:37', '2016-03-03 15:05:37'),
	(196, 'Arturo', 'Rodriguez Ochoa', '30121505921@cubansoftware.com', '30121505921', 'sha1', 'd4592f05598327a4eaa6c860baacd872', '2bb1e2b45dcd711e23a9c4786ecdf78a8322377b', 1, 0, NULL, '2016-03-03 15:16:43', '2016-03-03 15:16:43'),
	(197, 'Miriam', 'Batista Doimeadios', '44030806874@cubansoftware.com', '44030806874', 'sha1', '315935a44d6b835080213269f16daf65', '7b1ba268103860850463ec0b0fbb4a635aa25862', 1, 0, NULL, '2016-03-03 15:19:10', '2016-03-03 15:19:10'),
	(198, 'Pablo Amado', 'Jibacoa Jorgem', '47081702884@cubansoftware.com', '47081702884', 'sha1', 'd594af9bac6efae4cb1b9fd9cc9128ea', '8d221df2be748b7646ca23f9e78d77a3c97f2012', 1, 0, NULL, '2016-03-03 15:21:39', '2016-03-03 15:21:39'),
	(199, 'Jorge Luis', 'Lorenzo Estrada', '71100923864@cubansoftware.com', '71100923864', 'sha1', '023c7df7603a03658b367a002fcb8650', 'a4302b1f87717bbae22bd44f7d836043ac58e0ba', 1, 0, NULL, '2016-03-03 15:25:41', '2016-03-03 15:25:41'),
	(200, 'Orlando', 'Perez Anazco', '60042208820@cubansoftware.com', '60042208820', 'sha1', '09de05e5c6d115df35b35d04de311450', '264e14d91649dc30f5f34a488e7d6774c17cd9c8', 1, 0, NULL, '2016-03-03 15:28:25', '2016-03-03 15:28:25'),
	(201, 'Reyder', 'Ramirez Santiesteban', '72121412704@cubansoftware.com', '72121412704', 'sha1', '8077456a2067d357bfc9c94dd2d53961', '7a4b3a80b182e0fb81cb54e2f9e26ce67879b4fa', 1, 0, NULL, '2016-03-03 15:32:25', '2016-03-03 15:32:25'),
	(202, 'Franklin ', 'Batista Figueredo', '76103016124@cubansoftware.com', '76103016124', 'sha1', 'b0418233cc938a98dc318fbabf8a51d8', '9b366dca721364efc9822dc3f6f7fdc5d7383edb', 1, 0, NULL, '2016-03-03 15:35:31', '2016-03-03 15:35:31'),
	(203, 'Jose Luis', 'Gonzalez Rodriguez', '71022405328@cubansoftware.com', '71022405328', 'sha1', '8ca038c0bd1b106ba9da3cbc5dc9b8ff', '93885ef2661b9483a8ac94fd7854aa11e8c1caa2', 1, 0, NULL, '2016-03-03 15:37:47', '2016-03-03 15:37:47'),
	(204, 'Jose Ramon', 'Velazquez Arbella', '72091223548@cubansoftware.com', '72091223548', 'sha1', '571ceb6f6df77af88fe335f77d08af21', '9d54044d38212e0a387c83329d2877be500355c9', 1, 0, NULL, '2016-03-03 15:40:27', '2016-03-03 15:40:27'),
	(205, 'Yaneisi', 'Lopez Castro', '78032926191@cubansoftware.com', '78032926191', 'sha1', 'b69240cd5b04aeaf5081ddd9db27686a', '3c29ba22a7a7f34d76d24a95a4a720126550e0b3', 1, 0, NULL, '2016-03-03 15:43:09', '2016-03-03 15:43:09'),
	(206, 'Miguel Angel', 'Peña Moreno', '35120806264@cubansoftware.com', '35120806264', 'sha1', 'd225405bc8b7267b46b88ced023d01bb', '9c6baa68c6ec631679a03048f94d44d6b67799e2', 1, 0, NULL, '2016-03-03 15:47:51', '2016-03-03 15:47:51'),
	(207, 'Silvino', 'Escalona Gomez', '44031505586@cubansoftware.com', '44031505586', 'sha1', 'a20cd0024abfe8968010ce9eb15c7ab7', 'bd1aa01aefc3c2bcc53ea8b5328b34131a395a75', 1, 0, NULL, '2016-03-03 15:51:13', '2016-03-03 15:51:13'),
	(208, 'Rafael Ramon', 'Paneque Cruz', '65061812269@cubansoftware.com', '65061812269', 'sha1', '656d13d23fcb9e8787e7e3bbc64e0167', 'c68590e4cc458a70cd31401941b8347f79ae4312', 1, 0, NULL, '2016-03-03 15:53:14', '2016-03-03 15:53:14'),
	(209, 'Pavel Redel', 'Diaz Rojas', '84111921626@cubansoftware.com', '84111921626', 'sha1', '742b0dd40fa6496bbe0d58ac393932a0', '88737f939ce9aa0d05524c904ac0c439a63f2deb', 1, 0, NULL, '2016-03-03 15:55:53', '2016-03-03 15:55:53'),
	(210, 'Jorge Amador', 'Paz Niebla', '45052205629@cubansoftware.com', '45052205629', 'sha1', '7082feb7e5adf9d154df97e6d2d2a839', 'dd72c1daab6d6f2c5f5d3a13355d01b1a740f233', 1, 0, NULL, '2016-03-03 15:58:23', '2016-03-03 15:58:23'),
	(211, 'Maria del Carmen', 'Avila Infante', '61090208938@cubansoftware.com', '61090208938', 'sha1', 'f8fe7aa9fb2a63f082ed240e468d595e', '9c5a4ab279eeb75bb54173c778d60251d22fedde', 1, 0, NULL, '2016-03-03 16:00:38', '2016-03-03 16:00:38'),
	(212, 'Orlando', 'Romero Avila', '46050807327@cubansoftware.com', '46050807327', 'sha1', 'e9bfedddb907005ac81a2294717e6494', '01f02879fd8cd7bfa761194765b6d20fdf058fc6', 1, 0, NULL, '2016-03-03 16:02:25', '2016-03-03 16:02:25'),
	(213, 'Alfredo', 'Perez Avila', '88092926167@cubansoftware.com', '88092926167', 'sha1', '22a1a41cff0f946904ea90a4460e4b81', '925ada91118a03072d55a2cb057b8489a1d0e82c', 1, 0, NULL, '2016-03-03 16:04:54', '2016-03-03 16:04:54'),
	(214, 'Pilar Esther', 'Moreno Osorio', '47101207295@cubansoftware.com', '47101207295', 'sha1', '070dd882c07f35304825f4c22c8b390b', '0338a03e06a3b990e295e4b86423dcb7361d1189', 1, 0, NULL, '2016-03-03 16:07:35', '2016-03-03 16:07:35'),
	(215, 'Frank Jose ', 'Fernandez Diaz', '89072645740@cubansoftware.com', '89072645740', 'sha1', '98f5da5e20211b839267474fa9459f28', '68bd4ad613629906172af21e2616544d8130edb0', 1, 0, NULL, '2016-03-03 16:10:57', '2016-03-03 16:10:57'),
	(216, 'Roger', 'Perez Ricardo', '48060303268@cubansoftware.com', '48060303268', 'sha1', '976ea48a07a96c445e4ccec04c8b468c', 'e5f4129637237c1d12c688b109022b5653dd9064', 1, 0, NULL, '2016-03-03 16:15:09', '2016-03-03 16:15:09'),
	(217, 'Mayra Celina', 'Avila Trasobares ', '54111307373@cubansoftware.com', '54111307373', 'sha1', '8339efb0dbcb01372f34c138e83026d9', 'f06f94984a32a44934cb3720fd27364123e6519a', 1, 0, NULL, '2016-03-03 16:17:41', '2016-03-03 16:17:41'),
	(218, 'Alejandro Juvinar', 'Hernandez Leyva', '72121902505@cubansoftware.com', '72121902505', 'sha1', '0e83e309bb10dbb4ed7958058f6780a2', 'f913d4da8d4250ebbcab43f1ecd3b18ccc695ce4', 1, 0, NULL, '2016-03-04 10:13:01', '2016-03-04 10:13:01'),
	(219, 'Yordanis', 'Ramires Parra', '84121822002@cubansoftware.com', '84121822002', 'sha1', '65d5c3c7f5d79c6be4f6202c812466ad', 'f9576532010c9666b1b58d0b177ebbf489119c2b', 1, 0, NULL, '2016-03-04 12:35:10', '2016-03-04 12:35:10'),
	(220, 'Luis', 'Fernandez Correa', '53071121444@cubansoftware.com', '53071121444', 'sha1', '55d7e4b1356c6db40b10762985de55b2', '107d129ca4aee3d5cf86a28a0ee91c1d7b02d306', 1, 0, NULL, '2016-03-04 12:51:25', '2016-03-04 12:51:25'),
	(221, 'Julio', 'Lopez Leyva', '62041224083@cubansoftware.com', '62041224083', 'sha1', 'd6903f92ec333493c6f63f9c6b3ad8d5', '58ea1213fb778b43938a6d97f1c39bb6cda282bb', 1, 0, NULL, '2016-03-04 13:03:03', '2016-03-04 13:03:03'),
	(222, 'Liannet Barbara', 'Baster Cruz', '91122343612@cubansoftware.com', '91122343612', 'sha1', '1f805e12bb393485f95e910969a5c82c', '3c64acdb02c83ece9fb76e01b765f5196441abc2', 1, 0, NULL, '2016-03-04 13:15:04', '2016-03-04 13:15:04'),
	(223, 'Ariel', 'Checa Galloso', '89021837580@cubansoftware.com', '89021837580', 'sha1', '3c8bd5352c5694143fbb46838b4449dd', 'b9dbeb0a14b87028f7e50241a54203b03cdebdfb', 1, 0, NULL, '2016-03-04 13:30:26', '2016-03-04 13:30:26'),
	(224, 'Yudelkis', 'Fernandez Salina', '82030726052@cubansoftware.com', '82030726052', 'sha1', '2ddd35bc4f216101cff65fadca9b435d', '2a1d2e49e54e54881d3c69b00917ec949ffd5d43', 1, 0, NULL, '2016-03-04 13:36:40', '2016-03-04 13:36:40'),
	(225, 'Waldemar', 'Campos Perez', '59102921880@cubansoftware.com', '59102921880', 'sha1', '0df3209aa7aba9f067c808efc3b56380', 'b48664462c40ae9b67dffac5961591dc716555f8', 1, 0, NULL, '2016-03-04 13:40:08', '2016-03-04 13:40:08'),
	(226, 'Yunet Anabel', 'Campos Concepcion', '94091043079@cubansoftware.com', '94091043079', 'sha1', '43f471a8afe69421d3ca098cf35bfae6', 'be64251dd9e096b49854ede3c4ef6e6d771fd046', 1, 0, NULL, '2016-03-04 13:44:31', '2016-03-04 13:44:31'),
	(227, 'Karel Fernando', 'Cruz Santiesteban', '87120925846@cubansoftware.com', '87120925846', 'sha1', '8da464078b9a40f2b7aa0cd2e166d451', 'ea84f18a062d6352be3cec3a70bdfc6b5ec73ada', 1, 0, NULL, '2016-03-04 13:47:37', '2016-03-04 13:47:37'),
	(228, 'Arianna ', 'Dieguez Velazquez', '87032725891@cubansoftware.com', '87032725891', 'sha1', '88bb0c34226d85c5f6f4fe59b4b73bfa', 'ac7ee7a2f7ea8a1b6f77541a49212e56f4e01413', 1, 0, NULL, '2016-03-04 13:53:43', '2016-03-04 13:53:43'),
	(229, 'Carlos Rene', 'Falco Fernandez', '76041416105@cubansoftware.com', '76041416105', 'sha1', '691558c204fde39a0d11d57385ff2ab0', '2df679cc306cb1ecaa778d18c3299bffa1d3f393', 1, 0, NULL, '2016-03-04 14:08:11', '2016-03-04 14:08:11'),
	(230, 'Elizabeth', 'Pupo Romero', '71040808192@cubansoftware.com', '71040808192', 'sha1', 'd47a0ce1aa882aaf7ef1ecd0c7ef88c2', 'c9f7f91d5f2276bf77027e0e0ca6684202a2edf3', 1, 0, NULL, '2016-03-04 14:11:01', '2016-03-04 14:11:01'),
	(231, 'Elizabeth', 'Aguilera Aballe', '75112116178@cubansoftware.com', '75112116178', 'sha1', '796ded80414fb3727947de56a849c5a4', '1e3fdb8a1a69ecaebab7174a497511e9b1da112b', 1, 0, NULL, '2016-03-04 14:14:12', '2016-03-04 14:14:12'),
	(232, 'Ramon ', 'Gonzalez Zaldivar', '43112519926@cubansoftware.com', '43112519926', 'sha1', '81fb5ab0ebb9c20c375a67670ae3edee', 'a665e21997e404e1d5354b41c425b5ef192b68ac', 1, 0, NULL, '2016-03-04 14:17:33', '2016-03-04 14:17:33'),
	(233, 'Alexey', 'Escobar Rodriguez', '86020720903@cubansoftware.com', '86020720903', 'sha1', '657ecb6bcb76778e7738048f7123442e', '97fdf6b9c4bb0f4074d798caca8dae277260d9e6', 1, 0, NULL, '2016-03-04 14:19:18', '2016-03-04 14:19:18'),
	(234, 'Luis ', 'Fernandez Gongora', '73102911560@cubansoftware.com', '73102911560', 'sha1', 'cb7467ddf85231e948620edf0ed3c381', '2856b98b2d4b711fca660c633527f84a7866249b', 1, 0, NULL, '2016-03-04 14:27:26', '2016-03-04 14:27:26'),
	(235, 'Rafael', 'Torres Pupo', '59032321881@cubansoftware.com', '59032321881', 'sha1', '2faa280a9bd80be48f911a644f3f81e4', '51e04023c5ec8b9dec8b9b0517706e5920e56bad', 1, 0, NULL, '2016-03-04 14:30:14', '2016-03-04 14:30:14'),
	(236, 'Jorge ', 'Dominguez Leyva', '66010409949@cubansoftware.com', '66010409949', 'sha1', 'b73b6ea6178b9e7c8c34d61f9103148f', 'c8a8ecc7d2fa3cc8565e144a14745fb9112d0071', 1, 0, NULL, '2016-03-04 14:32:24', '2016-03-04 14:32:24'),
	(237, 'Orestes', 'Estupinan Hernandez', '57121310367@cubansoftware.com', '57121310367', 'sha1', 'feecbdeaf4d8424580fde3705e3f354a', '9cd042fb50b9dc38c19184fea9592d7f3537eeaf', 1, 0, NULL, '2016-03-04 14:36:36', '2016-03-04 14:36:36'),
	(238, 'Yunior', 'Zulueta Laguna', '80051919109@cubansoftware.com', '80051919109', 'sha1', '410eaf6336ef0daabdf044adaf7fcf64', 'd324f92eae35d0ee81f558287450d4844526bee3', 1, 0, NULL, '2016-03-04 14:38:53', '2016-03-04 14:38:53'),
	(239, 'Dionicio Walcides', 'Lores Gongora', '43112707260@cubansoftware.com', '43112707260', 'sha1', 'eb9094c221fa64029b97b082f12f0aaf', 'd31e12929eb892381e78584c0bfa64bcf9bf73da', 1, 0, NULL, '2016-03-04 14:42:39', '2016-03-04 14:42:39'),
	(240, 'Yuilder', 'Gongora Batista', '88122826063@cubansoftware.com', '88122826063', 'sha1', '860169c427d486ba46f56ecd3162c2cf', '5fb90f7ff782f021bbe53e90445fbc915e7daa23', 1, 0, NULL, '2016-03-04 14:44:48', '2016-03-04 14:44:48'),
	(241, 'Alexei', 'Batista Batista', '76071616387@cubansoftware.com', '76071616387', 'sha1', '072869634721ebc25962e32342c7e909', '384dd4312c4221bd9e2de8b1837071b55125729a', 1, 0, NULL, '2016-03-04 17:53:18', '2016-03-04 17:53:18'),
	(242, 'Renel', 'Gongora Batista', '82011726027@cubansoftware.com', '82011726027', 'sha1', 'b7d49b6a2ae4e747aa16a8ab4fab3f0c', '7d5677d93ea4017e4b34661417361604676e2014', 1, 0, NULL, '2016-03-07 16:47:15', '2016-03-07 16:47:15'),
	(243, 'Orestes  Rafael', 'Batista Gonzalez', '71052008009@cubansoftware.com', '71052008009', 'sha1', 'edd45277dc2b54570c2e0352f9604384', '7ece0045f61c36b699dc70d5a62a65ede730b956', 1, 0, NULL, '2016-03-08 09:52:19', '2016-12-08 13:57:42'),
	(244, 'Pablo Andres', 'Piña Perez', '50111007846@cubansoftware.com', '50111007846', 'sha1', '0f083d02d81aa66f007836783399baf0', '8be240cb90ffa8b6a1d5c96a78e0fd3a3f063218', 1, 0, NULL, '2016-03-08 11:05:22', '2016-03-08 11:05:22'),
	(245, 'Narcizo ', 'Rodriguez Sanchez', '60112813581@cubansoftware.com', '60112813581', 'sha1', '42028b2a2145fbc4b77494da99888caa', 'da8970072cf259765017ffe2b2ddc2c938ce5952', 1, 0, NULL, '2016-03-08 11:15:31', '2016-03-08 11:15:31'),
	(246, 'Isany', 'Quevedo Aguilera', '88100326013@cubansoftware.com', '88100326013', 'sha1', '63324cc075b8b4fcc5aba60d5b25b8af', '64deee4cd7b14e5e4a3a3fb066fe453c4a99fb8a', 1, 0, NULL, '2016-03-08 11:20:44', '2016-03-08 11:20:44'),
	(247, 'Abel', 'Cruz Liranza', '63020414703@cubansoftware.com', '63020414703', 'sha1', 'c02147bfa62f841de2a29a955b3d4ffc', '148fc1c1725e799942ad2a30b86cdb00b6c80cb1', 1, 0, NULL, '2016-03-08 11:22:57', '2016-03-08 11:22:57'),
	(248, 'Javier', 'Torres Rodriguez', '52010807282@cubansoftware.com', '52010807282', 'sha1', 'caac6621bf38d001d7d199dbb5eef67a', 'a83a61dda3a2286153379e6062b96cb924fcc5ee', 1, 0, NULL, '2016-03-08 11:24:50', '2016-03-08 11:24:50'),
	(249, 'Carlos Enrique', 'Tamayo Rodriguez', '74012614786@cubansoftware.com', '74012614786', 'sha1', '683c7603de3be7321854da631daf0ea6', '6e8c646c595ff9c4022306135dd274fbaf0111eb', 1, 0, NULL, '2016-03-08 13:22:13', '2016-03-08 13:22:13'),
	(250, 'Carlos ', 'Romero Cordero', '48092620604@cubansoftware.com', '48092620604', 'sha1', 'be96e35a9c9c2d8f07deeb1a9fc701be', '14610f8d23fdde4125bfdc4f0e9b6247af556027', 1, 0, NULL, '2016-03-08 13:24:16', '2016-03-08 13:24:16'),
	(251, 'Felix Jorge', 'Peña Oliva', '60112014048@cubansoftware.com', '60112014048', 'sha1', '19afaa8e0a5e113707316ce978766527', 'd8a5ebf29c8d4e9f71be57069c3a07ff52e9854c', 1, 0, NULL, '2016-03-08 13:27:53', '2016-12-09 11:17:56'),
	(252, 'Geudys', 'Carrion Taylor', '78112931884@cubansoftware.com', '78112931884', 'sha1', 'a188c763b54c342cec4c9378c38e81ea', '510dad3c9ac863568246813a4901db481ee876cc', 1, 0, NULL, '2016-03-08 13:31:11', '2016-03-08 13:31:11'),
	(253, 'Julio ', 'Portilla Romero', '63072409665@cubansoftware.com', '63072409665', 'sha1', 'd85afc550b532f7748f36966455af1eb', '95443386397e5d58a6e1d723cb1e85c8d9fdd68f', 1, 0, NULL, '2016-03-08 13:33:06', '2016-03-08 13:33:06'),
	(254, 'Olga', 'Pompa Perezp', '55111406299@cubansoftware.com', '55111406299', 'sha1', '428109045b23fdf7c5111a46f3b96e29', '801931a4a12154cddf6f3c11540594f6eca76363', 1, 0, NULL, '2016-03-09 09:42:25', '2016-03-09 09:42:25'),
	(255, 'Rafael ', 'Matamoro Concepcion', '79121719109@cubansoftware.com', '79121719109', 'sha1', '62d2a8371ce7cf35b66b2a3a6dd241cb', '17608799ffc23f2a10aeab2fe1a076dbb3a3f3f6', 1, 0, NULL, '2016-03-09 09:45:01', '2016-03-09 09:45:01'),
	(256, 'Orestes', 'Benites Rodrigues', '63080410086@cubansoftware.com', '63080410086', 'sha1', 'c32385f539c864cd599d5b36243a02b9', '5c4533d1e1befbfa6ca92622a67aa2b5b9f59c30', 1, 0, NULL, '2016-03-09 09:47:27', '2016-03-09 09:47:27'),
	(257, 'Reyna', 'Reyes  Ojeda', '63010609851@cubansoftware.com', '63010609851', 'sha1', 'af09bba43fe8988ee556150e7aa81023', '14fdbf58b1452a74128992824104b9f971d6f38a', 1, 0, NULL, '2016-12-05 13:52:13', '2016-12-05 13:52:13'),
	(258, 'Aimé', 'Ramírez Benitez', '86031121617@cubansoftware.com', '86031121617', 'sha1', '6ad5f3d1f8a9b4ece45f19a2eeadbfdf', '9f73e381f34dd824df852a1c31a2ddb4507d5b05', 1, 0, NULL, '2016-12-05 14:32:44', '2016-12-05 14:32:44'),
	(259, 'Rolando ', 'Cruz González', '92022543383@cubansoftware.com', '92022543383', 'sha1', 'ad52b4ebf3d857d1870b09964cbadd87', '79e1c924e1ad2ed172009111d0eeab02325e9297', 1, 0, NULL, '2016-12-06 13:58:55', '2016-12-06 13:58:55'),
	(260, 'Pedro', 'Zaldivar Peña', '79010219080@cubansoftware.com', '79010219080', 'sha1', '2cb53826def016226e59be648cb8db75', '8665c656343959555a1a1e7f7c6c0966211de56a', 1, 0, NULL, '2016-12-06 14:10:30', '2016-12-06 14:10:30'),
	(261, 'Eugenia Idania', 'Guetton', '61090614074@cubansoftware.com', '61090614074', 'sha1', '974944b3fe120a6f8930284a19d0a468', '65d984c45377cf491ba636e28ffdaddf60c8ecc2', 1, 0, NULL, '2016-12-06 14:11:42', '2016-12-06 14:11:42'),
	(262, 'Adrian V', 'Rodriguez Moralez', '94102716428@cubansoftware.com', '94102716428', 'sha1', 'cf021cba2d5850cbc061e6eaa372f3de', '3af8ca702503a768239c27076c162f7fe37aab61', 1, 0, NULL, '2016-12-06 14:12:51', '2016-12-06 14:12:51'),
	(263, 'Edgar ', 'Ortiz Avila', '73010821540@cubansoftware.com', '73010821540', 'sha1', '839b0b08ff0611317058c8199e30df1f', '9b850744213d0e78ea82cc26431c2ec8b62129bb', 1, 0, NULL, '2016-12-06 14:13:36', '2016-12-06 14:13:36'),
	(264, 'Julio Cesar ', 'Ojeda Pupo', '94013142827@cubansoftware.com', '94013142827', 'sha1', '13581f12a234c218a7b9d3f1e271d6e8', 'ca368a391aa4139d58d89f3573981dbed2e4dc0f', 1, 0, NULL, '2016-12-06 14:14:54', '2016-12-06 14:14:54'),
	(265, 'Oyaima', 'Rodriguez Reyes', '81102523217@cubansoftware.com', '81102523217', 'sha1', 'c337407e9b2c97a09b7dacb695265f93', 'f3c3009384b98e05c3e34172bcbb44572567f021', 1, 0, NULL, '2016-12-06 14:16:19', '2016-12-06 14:16:19'),
	(266, 'Eddy', 'Fuentes Leyva', '83100719627@cubansoftware.com', '83100719627', 'sha1', 'ccf49c148d818f30dce36feeb38f1868', 'cae77582fc133a35f1f35dd998891245c830e32a', 1, 0, NULL, '2016-12-06 14:17:03', '2016-12-06 14:17:03'),
	(267, 'Idalmis ', 'García García', '67101903437@cubansoftware.com', '67101903437', 'sha1', '9807dd0ed1a39e2774df77fbef2c5459', '1097e2157e4836e154f3fdf6dd6bb5072d40aee4', 1, 0, NULL, '2016-12-06 14:18:03', '2016-12-06 14:18:03'),
	(268, 'Juan Oilder', 'Rubio Hechavarría', '57031710063@cubansoftware.com', '57031710063', 'sha1', 'b8e30d7de5bade95b503d3967ec0187f', '4649d2b791d6dd2c28f8e667aff38f4fb2bbafa8', 1, 0, NULL, '2016-12-06 14:29:55', '2016-12-06 14:29:55'),
	(269, 'Walter ', 'Sanchez González', '93030319802@cubansoftware.com', '93030319802', 'sha1', '9efafd64ecb5cbf3956c459398b20b46', 'becc4518abb8ac29ed50f348731383dbc9414bdc', 1, 0, NULL, '2016-12-06 14:30:58', '2016-12-06 14:30:58'),
	(270, 'Adel', 'Borges Zaldivar', '80100619545@cubansoftware.com', '80100619545', 'sha1', 'e3e4461e84575dae1be7aff2a093a752', '1483e6d36959c8b6fe1c30709b6e123ee80f2641', 1, 0, NULL, '2016-12-06 14:31:49', '2016-12-07 14:33:43'),
	(271, 'Milady Virgen', 'Zaldivar Tejeda ', '60022009076@cubansoftware.com', '60022009076', 'sha1', '61db6bcdf5abc384bce7f140030a560e', '32234de76c008faf9ddf56693a3a15705220b97d', 1, 0, NULL, '2016-12-06 14:32:58', '2016-12-06 14:32:58'),
	(272, 'Miguel ', 'Orduñez Pérez', '72072322383@cubansoftware.com', '72072322383', 'sha1', '4edb0de17040e01ee420970cd82cff6d', 'd4a375c51ae7208ee411a175912c6b9a99941ca5', 1, 0, NULL, '2016-12-06 14:34:58', '2016-12-06 14:34:58'),
	(273, 'Ernesto Julio', 'Domínguez Rodríguez', '88111111308@cubansoftware.com', '88111111308', 'sha1', '631ca2118d4481cf2fac4b11246f5507', '6d1b3df38cbc64a67b884b75d2197e1a39dbfc93', 1, 0, NULL, '2016-12-06 14:37:55', '2016-12-06 14:37:55'),
	(274, 'Yurisleidy', 'Maceo Vilche', '91021744262@cubansoftware.com', '91021744262', 'sha1', '9c08d8755f652d34000b12be1c70f0d6', 'a84a2d5752680565de6afd8de0e16295b355dcc0', 1, 0, NULL, '2016-12-06 14:41:40', '2016-12-06 14:41:40'),
	(275, 'Sandy', 'Ramírez Cespedes', '82101825066@cubansoftware.com', '82101825066', 'sha1', '9b37647f537a42766912d8338aa359c3', 'da2b1d3a57bddfc1420bc8ea30ed3b15bc6254f9', 1, 0, NULL, '2016-12-06 14:50:58', '2016-12-06 14:50:58'),
	(276, 'Dianela ', 'Ramírez Sanchez', '93090119694@cubansoftware.com', '93090119694', 'sha1', '8b433f5e4f51e30275f6ac0173112625', 'b3a8bb40eca41a2e23235b8dd2bc419a06505f4a', 1, 0, NULL, '2016-12-06 14:52:42', '2016-12-06 14:52:42'),
	(277, 'Yoenia ', 'Rodrigeuz Hidalgo', '91012941938@cubansoftware.com', '91012941938', 'sha1', 'ad304b6a75afcc96cd1ec2a5029af273', '003b460c5edcb6d86469c279beb2e9b2a743b117', 1, 0, NULL, '2016-12-06 14:53:34', '2016-12-06 14:53:34'),
	(278, 'Gabina Caridad', 'Fernández Miranda', '62090810970@cubansoftware.com', '62090810970', 'sha1', '6d91b73753b65cc90a7d18737d3fa027', '0ff47086f8435a179a399d84a1dbb695f9b8c077', 1, 0, NULL, '2016-12-06 14:54:33', '2016-12-10 12:10:13'),
	(279, 'Milenis ', 'Merino Fornaris', '69071808551@cubansoftware.com', '69071808551', 'sha1', '23bcffef8c740e3342e4cae025a5b76b', 'f60012874175ad3cdc97a07a2b4f3e231d7e1550', 1, 0, NULL, '2016-12-06 14:56:13', '2016-12-06 14:56:13'),
	(280, 'Julio Cesar ', 'Mariño Rojas', '71080913806@cubansoftware.com', '71080913806', 'sha1', '718bfa859d5530702dda267b0091683f', '472ece2de72edd1001a4ca4bc6e4468496233014', 1, 0, NULL, '2016-12-06 14:57:27', '2016-12-06 14:57:27'),
	(281, 'Ulises', 'Sanchez Rodriguez', '68121024280@cubansoftware.com', '68121024280', 'sha1', '074829cdfe9cade40c6da15092ca1e0f', 'e56b7f62af3d8f618a103991efa395f96f65ce93', 1, 0, NULL, '2016-12-06 14:58:40', '2016-12-06 14:58:40'),
	(282, 'Yunior Yasmany', 'Moreno Pozo', '89051537500@cubansoftware.com', '89051537500', 'sha1', 'f13e38abc647f1e4054413c2d1128f87', '8fd56fa7a8bcfd76018549e7dd5b05bcf0b7119c', 1, 0, NULL, '2016-12-06 15:34:34', '2016-12-06 15:34:34'),
	(283, 'Yanelis ', 'Cruz Sanchez', '85020221692@cubansoftware.com', '85020221692', 'sha1', '82c6ffa06d1c5bd02b50427672c29e3e', '284ef0bbd2b54ed5e198ca6eb0d72a2624b9c165', 1, 0, NULL, '2016-12-06 15:35:32', '2016-12-06 15:35:32'),
	(284, 'Osmel ', 'Cabrales Laguna', '90071041461@cubansoftware.com', '90071041461', 'sha1', 'a4f0339ff7ebb9e0dc8f39d942b005fe', '5d0d03387d99f799f416817f013b9d8b16dd14fc', 1, 0, NULL, '2016-12-06 15:36:22', '2016-12-06 15:36:22'),
	(285, 'Alexis', 'Marzo Terrero', '61051508367@cubansoftware.com', '61051508367', 'sha1', '2a63ebc6418193f16bbe7c71513ea341', '3c3236ab4ee14c0adf335329cee508f0cb06f914', 1, 0, NULL, '2016-12-06 15:37:17', '2016-12-06 15:37:17'),
	(286, 'Ayde Domitila', 'Ridriguez Rodriguez', '56050719491@cubansoftware.com', '56050719491', 'sha1', 'ac9f56f66f2e185225610f79cab6f654', 'adddc50efebd01f3b817822da920261827cce832', 1, 0, NULL, '2016-12-06 15:38:28', '2016-12-06 15:38:28'),
	(287, 'Amel', 'Martinez Verdecia', '60060708048@cubansoftware.com', '60060708048', 'sha1', 'ad4c1c08331eda13e04d59440b93b9a7', 'a918870952619f0c732a22b7d410fa3dae876439', 1, 0, NULL, '2016-12-06 15:39:29', '2016-12-06 15:39:29'),
	(288, 'Rosa ', 'Mora Reyes', '68083023639@cubansoftware.com', '68083023639', 'sha1', '0da0c6931a6d91d1d7676db015e77a6e', '68dc01232c94e3176046e8418849a20e83000171', 1, 0, NULL, '2016-12-06 15:40:24', '2016-12-06 15:40:24'),
	(289, 'Damara ', 'Serrano Rodriguez', '80110118452@cubansoftware.com', '80110118452', 'sha1', 'fe0bdab775a5c676eda80e05abd964c5', '22ed10218d025799607e0daf7f236281d8a77322', 1, 0, NULL, '2016-12-06 15:41:07', '2016-12-06 15:41:07'),
	(290, 'Maritza', 'Pelayo Rodriguez', '68042508638@cubansoftware.com', '68042508638', 'sha1', '460c15b018aac0f8c69b7f60229c4444', 'd0adf5d7af58813e017a5a3c6add1261765dcb75', 1, 0, NULL, '2016-12-06 15:43:05', '2016-12-06 15:43:05'),
	(291, 'Marisdelvis', 'Paneque de la Cruz', '83111019470@cubansoftware.com', '83111019470', 'sha1', '6f023b466feb873dfca696ddcd115a47', 'd83897684d29ae1fafb3f2e18c24299048021c85', 1, 0, NULL, '2016-12-06 15:45:21', '2016-12-06 15:45:21'),
	(292, 'Tomas', 'Suarez Rodriguez', '74021114484@cubansoftware.com', '74021114484', 'sha1', '7e1f295482ee5a45dea88840ff51eb1d', 'f3e1faf996fbdb6c9d117835766624eff82b476a', 1, 0, NULL, '2016-12-06 15:46:07', '2016-12-06 15:46:07'),
	(293, 'Yunier', 'Almarales Ares', '84061821647@cubansoftware.com', '84061821647', 'sha1', 'a01991f2c09127ccc3f64f4b36150d62', 'a0d7b995976d0d93d4d6c1fc9ff7eb0d0c27b9d8', 1, 0, NULL, '2016-12-06 15:47:25', '2016-12-06 15:47:25'),
	(294, 'Yurislan', 'Rojas Reyes', '79120119186@cubansoftware.com', '79120119186', 'sha1', '5729d9dc75996a3ad2ea5272826bd9d5', 'eba6449c4fbe970a05e7806b5d27c2e53ed55190', 1, 0, NULL, '2016-12-06 15:50:10', '2016-12-06 15:50:10'),
	(295, 'Maricely', 'Pratts Reytor', '89111537430@cubansoftware.com', '89111537430', 'sha1', '7e65769fb3679410b23fb3bc58f4605f', '5e3c03d6c2e16b91c987ca77bf573d6f3d504074', 1, 0, NULL, '2016-12-06 15:51:23', '2016-12-06 15:51:23'),
	(296, 'Alexei', 'Peña Fernández', '93100419801@cubansoftware.com', '93100419801', 'sha1', 'd8609c9b5ed45c305e357885a21cbd87', 'c96e69c0bdc8d2af520bb33a76a36d307e1268cd', 1, 0, NULL, '2016-12-06 15:52:30', '2016-12-07 15:00:38'),
	(297, 'Rubideysy', 'Salati Avalos', '65060423211@cubansoftware.com', '65060423211', 'sha1', '9e09bb0d294fdd077bb35e8ddd7c504f', 'c4ebffeb1384f554e57b92a4d991c0925c0f367f', 1, 0, NULL, '2016-12-06 15:54:04', '2016-12-06 15:54:04'),
	(298, 'Richelmi ', 'Perez Ricardo', '85041721680@cubansoftware.com', '85041721680', 'sha1', 'fc3fc79d545b5496198a826040a59db0', 'dd625ee8d4a28c035e4c56e56f2af9d9f11209f7', 1, 0, NULL, '2016-12-07 11:09:00', '2016-12-07 11:09:00'),
	(299, 'Donel', 'Vazquez Zambrano', '81092719101@cubansoftware.com', '81092719101', 'sha1', '08fa205a1cadc8a286920b3896630635', 'e5fc4d48e0e9f0b4df2193c334c23eb6b9a07c74', 1, 0, NULL, '2016-12-07 11:10:25', '2016-12-07 11:10:25'),
	(300, 'Yoanni', 'Diaz Batista', '84111221767@cubansoftware.com', '84111221767', 'sha1', '004bfb5378bcedb70f112baf1d0e3f86', '58b43bad33dc0d64bc4468965007e172ea0fbc0d', 1, 0, NULL, '2016-12-07 11:12:34', '2016-12-07 11:12:34'),
	(301, 'Rudlan Jose', 'Proenza Torres', '89122937407@cubansoftware.com', '89122937407', 'sha1', 'edf92e865d175f65c97b515a22c05f39', '90b52e3c358e5c128bebe7bd3741a5962cc72df4', 1, 0, NULL, '2016-12-07 11:14:11', '2016-12-07 11:14:11'),
	(302, 'Gianne', 'Figueroa Hernandez', '84022121733@cubansoftware.com', '84022121733', 'sha1', 'd138d706e60340d8540175418d6dbaf7', 'efd1620f632a9777129bf19167087756bee5eafe', 1, 0, NULL, '2016-12-07 11:15:24', '2016-12-07 11:15:24'),
	(303, 'Luis Orlando', 'Diaz Mulet', '87070625924@cubansoftware.com', '87070625924', 'sha1', '7a3dbbd86ccea49d1fd95f5f857c4ed4', '8692b87331cd3f9a3c75f15f62c03eac4e83d7ad', 1, 0, NULL, '2016-12-07 11:16:17', '2016-12-07 11:23:34'),
	(304, 'Yanara ', 'Palomino Osorio', '96012820195@cubansoftware.com', '96012820195', 'sha1', '9b52e5431295cf88329fb77bf346013d', '8f1215d448b553d2a4a7cd8a2ce0b2e02d062cd3', 1, 0, NULL, '2016-12-07 11:17:46', '2016-12-07 11:17:46'),
	(305, 'Lidia Elena', 'Nicot Cespedes', '97031118255@cubansoftware.com', '97031118255', 'sha1', 'cecee648b9eaa785c231072241bd3fd4', '1e62527522e15b139608793d8ee4a0710adb0b32', 1, 0, NULL, '2016-12-07 11:18:53', '2016-12-07 11:18:53'),
	(306, 'Alfredo ', 'Delaz Fuentes', '81102519106@cubansoftware.com', '81102519106', 'sha1', '901ac18bca6f8a95c7b755c7b8a507a7', 'c9a1d2823b2bff3696ed3b10ee6f13f824bdae99', 1, 0, NULL, '2016-12-07 11:20:57', '2016-12-07 11:20:57'),
	(307, 'Vivian', 'Bordonado Lamoru', '68031719739@cubansoftware.com', '68031719739', 'sha1', 'eb5b4415fc4cbc19165dc0dd96e37f30', '2be514aacd8e4183537b8b4af28086e98583adbb', 1, 0, NULL, '2016-12-07 11:27:11', '2016-12-07 11:27:11'),
	(308, 'MAyulis Ismary', 'Martínez Mendez', '93032720457@cubansoftware.com', '93032720457', 'sha1', '1bd145a10c37cd972e170160c2702c59', '75ba19c89f4c01093c45eb0aad820a2ce9efe2b2', 1, 0, NULL, '2016-12-07 11:28:26', '2016-12-07 11:28:26'),
	(309, 'René', 'Miranda Lopez', '71022608382@cubansoftware.com', '71022608382', 'sha1', 'ea14e74eae0fee976b29660a9730fede', 'eee5ffa50b43252042c1c1ba31b3c488752e7ba4', 1, 0, NULL, '2016-12-07 11:38:40', '2016-12-07 11:38:40'),
	(310, 'Yuly Manuel', 'Fuentes Azahares', '72021809829@cubansoftware.com', '72021809829', 'sha1', '01b7deedc3f3f7522825ca5b12352d1a', '85f1d7a9dae3f5671ece3320c24135d75232555b', 1, 0, NULL, '2016-12-07 11:40:05', '2016-12-07 11:40:05'),
	(311, 'Marbelis', 'Cruz Batista', '71010508356@cubansoftware.com', '71010508356', 'sha1', '3a2a774c9167c3bc5320a95c713ac470', 'ccfd71a710bae95f5f96cdebd58c0808f24d94d4', 1, 0, NULL, '2016-12-07 11:42:23', '2016-12-07 11:42:23'),
	(312, 'Ariel Gumercindo ', 'Batista Osorio', '48083003162@cubansoftware.com', '48083003162', 'sha1', 'f483e8f57ef62a57a7ac13206df6c853', '6a1d6dcdf0afdfdee4677a54fcf14f3b16e89294', 1, 0, NULL, '2016-12-07 11:43:50', '2016-12-07 11:43:50'),
	(313, 'Serguey', 'Batista Rodriguez', '76062316108@cubansoftware.com', '76062316108', 'sha1', '3df7c74d31ccb7ecff00310dd13b9cb3', '82b2838b85f84ab87c6024c38385ac059cdb0102', 1, 0, NULL, '2016-12-07 11:45:06', '2016-12-07 11:45:06'),
	(314, 'Dionis', 'Tamayo Mori', '92081443388@cubansoftware.com', '92081443388', 'sha1', 'd54ff5788b6ad46a3f5074a6fe99b598', '118a5ec14c3083c767127716e2f97a86ce497fd9', 1, 0, NULL, '2016-12-07 11:46:09', '2016-12-07 11:46:09'),
	(315, 'Oralia', 'Sarmiento Pérez', '73080206613@cubansoftware.com', '73080206613', 'sha1', '8cbf038539079cab0d80faf8ad549d3d', 'e1bb743307e0f8048a6dbdc7a70c7ca7fe5742fb', 1, 0, NULL, '2016-12-07 11:48:18', '2016-12-07 11:48:18'),
	(316, 'Juan Carlos ', 'Feria Quevedo', '84052121666@cubansoftware.com', '84052121666', 'sha1', '3dcb5755f614aaff790f9fdfc34b3949', '7b22fc10b26679c71c9836d25555bb64cf2ad241', 1, 0, NULL, '2016-12-07 11:49:59', '2016-12-07 11:49:59'),
	(317, 'Rafael Alejandro', 'Bermudez Salazar', '76030616247@cubansoftware.com', '76030616247', 'sha1', 'b14ec99205efbb3f98a6f2b5cbb6b0ea', 'f698c2fb5043144c318e1f684c6bd720c4bbdb19', 1, 0, NULL, '2016-12-07 11:51:18', '2016-12-07 11:51:18'),
	(319, 'Roberto', 'Aguilera Sánchez', '58090306325@cubansoftware.com', '58090306325', 'sha1', 'd195c0f364b0148807917279a3c5412c', '411926044887c393a598498835e6a79d754c5c47', 1, 0, NULL, '2016-12-07 11:55:15', '2016-12-07 11:55:15'),
	(320, 'Noel Victorico', 'Tamayo Parra', '45121106500@cubansoftware.com', '45121106500', 'sha1', '2f3b0e446d1a597bdfe9a9e45c359943', '7f6bdcd8b36602cf5d6a7f36939487ce8c5e5aa0', 1, 0, NULL, '2016-12-07 11:57:34', '2016-12-07 11:57:34'),
	(321, 'Nestor Arlen', 'Gonzalez Pupo', '66022606183@cubansoftware.com', '66022606183', 'sha1', '81ee7012376ea92be81a3052843035bc', 'e76dd791417b53df6d549a238c29ee0376251627', 1, 0, NULL, '2016-12-07 11:58:32', '2016-12-07 11:58:32'),
	(322, 'Carlos Alberto', 'Lamoru Figueredo', '91092716347@cubansoftware.com', '91092716347', 'sha1', 'f50267f7273e4fe6fa5adfcdcaba2b79', '682ac1ee7871c337eb11cde723da75484f7a67b1', 1, 0, NULL, '2016-12-07 12:02:43', '2016-12-07 12:02:43'),
	(323, 'Richard', 'Avila Nogales', '95082344283@cubansoftware.com', '95082344283', 'sha1', '2f7fb5df434f00e14e3d922823f67f13', 'da031a5bb8d0f6b5c4759e23eb4cf0cb5daca1b8', 1, 0, NULL, '2016-12-07 12:03:30', '2016-12-07 12:03:30'),
	(324, 'Raul Yordan', 'Marrero Zaldivar', '82070726026@cubansoftware.com', '82070726026', 'sha1', '6b2743073d148cafdb9646a501e9e766', '20911fb20637080b45119252d39688b09c07dd2b', 1, 0, NULL, '2016-12-07 12:05:47', '2016-12-07 12:05:47'),
	(325, 'Isis Islen', 'Fernandez Pol', '93090619775@cubansoftware.com', '93090619775', 'sha1', 'f621e0c0bc067d370849db42d457d04e', '0b0ed1db06d46f84d5eabd83503786c34529e4fb', 1, 0, NULL, '2016-12-07 12:06:36', '2016-12-07 12:06:36'),
	(326, 'Eduardo Rafael ', 'Ramos Berrillo', '71051023103@cubansoftware.com', '71051023103', 'sha1', '58cbed30db68ea3f58db6f8e7ec642c6', '2d505d446418446e59038ed469e8ecdaebf1ea3f', 1, 0, NULL, '2016-12-07 12:09:00', '2016-12-07 12:09:00'),
	(327, 'Luis Daniel ', 'Miranda Richard', '92070643226@cubansoftware.com', '92070643226', 'sha1', '105f86af2529fa8ba7af2b6213fa51f1', '94370a54cad63cdec4aaeb6e3898a00fd1b1d6d7', 1, 0, NULL, '2016-12-07 13:33:28', '2016-12-07 13:33:28'),
	(328, 'Luis Daniel ', 'Miranda Reyes', '73112606604@cubansoftware.com', '73112606604', 'sha1', '956024e81ccce60d1f34466cc4e8dbd9', '8b448c49860e4624a5d767adec91a7263fecff18', 1, 0, NULL, '2016-12-07 13:34:31', '2016-12-07 13:34:31'),
	(329, 'Reinier', 'Gomez Fernandez', '59081608109@cubansoftware.com', '59081608109', 'sha1', '4e3e52bee5c04859602cf85b97bb2cd7', 'c778849d0e0cf41abf24d5028c76070afcdeeef7', 1, 0, NULL, '2016-12-07 13:36:06', '2016-12-07 13:36:06'),
	(330, 'Manuel ', 'Marrero Leyva', '62122615006@cubansoftware.com', '62122615006', 'sha1', 'a80992de62b14c990731e515fad25b94', '57b94d0b64ccf4fc5bfb5bbe71f216d606e6ca10', 1, 0, NULL, '2016-12-07 13:38:47', '2016-12-07 13:38:47'),
	(331, 'Remigio ', 'Peña Mejias', '66100115808@cubansoftware.com', '66100115808', 'sha1', '4b2d16eb9bb0540ec86d3270969e9486', '3708be9bc26163108a3943675d8a68369f00e5a0', 1, 0, NULL, '2016-12-07 13:39:47', '2016-12-07 13:39:47'),
	(332, 'Ramon Antonio ', 'Vega Pupo', '95041444309@cubansoftware.com', '95041444309', 'sha1', 'da853c05fa96b428527f45c6e5681f00', '9220e67c7a41ae99e45ec6149d070b04efb041e6', 1, 0, NULL, '2016-12-07 13:40:45', '2016-12-07 13:40:45'),
	(333, 'Mirtha Ester', 'Franco Hernandez', '42073104996@cubansoftware.com', '42073104996', 'sha1', '46c8b6c3046834a7c239695b81b4d78e', 'dc976f5b0157943782c35172de60d7f3bf1a0d86', 1, 0, NULL, '2016-12-07 13:43:14', '2016-12-07 13:43:14'),
	(334, 'Omar', 'Perez Baster', '78082726307@cubansoftware.com', '78082726307', 'sha1', '722b051f1967f89e1147da1b2b4795ee', 'f6bbce9954ae0fcfdd3c1c2403afd5cf4b5f7ef5', 1, 0, NULL, '2016-12-07 14:00:25', '2017-02-03 11:26:07'),
	(335, 'Yailen', 'Cabrera Barzaga', '91092344514@cubansoftware.com', '91092344514', 'sha1', '0e3e19f3fb35b9adf16f122bc0b1325a', 'eaf1e64bc8265e381019ebdd8bb95df4f815e411', 1, 0, NULL, '2016-12-07 14:02:40', '2016-12-07 14:02:40'),
	(336, 'Julio Cesar', 'Fernandez Cruz', '96100120205@cubansoftware.com', '96100120205', 'sha1', 'e721bace6880bc38251ce0e1dbb214ce', '95d32d13b8fbb67aee6cb445b073cfc2811be0c8', 1, 0, NULL, '2016-12-07 14:03:29', '2016-12-07 14:03:29'),
	(337, 'Rolando ', 'Perez Zaldivar', '60031708469@cubansoftware.com', '60031708469', 'sha1', '857450b96ad9d835cbcd7c05b338f3d0', '0ebc816ad759fe22fb679c549cd976876f2ebc42', 1, 0, NULL, '2016-12-07 14:04:31', '2016-12-07 14:04:31'),
	(339, 'Arturo', 'Hernandez Peña', '73020107184@cubansoftware.com', '73020107184', 'sha1', '700f2624c0b41ad28967d516de946c8a', '323c4134c1b5d2cac4f43e6e0ced8b93e48b4a75', 1, 0, NULL, '2016-12-07 14:07:15', '2016-12-07 14:07:15'),
	(340, 'Luis Miguel ', 'Perdomo Almarales', '90060141224@cubansoftware.com', '90060141224', 'sha1', '4c64deda0667964d3d89ecc3196777d5', 'a1c9a4bda0b53e5466c999f3145aefc0ad9f80db', 1, 0, NULL, '2016-12-07 14:08:12', '2016-12-07 14:08:12'),
	(341, 'Daniel Raul', 'Moreno Guerra', '75072416189@cubansoftware.com', '75072416189', 'sha1', '5fbb8308b27d24c089162d482ae3cd6c', '2902474f57094fa4bfa96fa669c0eb79eda79f1f', 1, 0, NULL, '2016-12-07 14:09:32', '2016-12-07 14:09:32'),
	(342, 'Blanca Rosa', 'Pupo Perez', '66020723933@cubansoftware.com', '66020723933', 'sha1', '4d7396f807da1ae92958b0ded4464347', '3ec10f39a2bd956fffabe71c4b541c8eab8471a4', 1, 0, NULL, '2016-12-07 14:10:34', '2016-12-07 14:10:34'),
	(343, 'Wandro ', 'Diaz Alfonso', '78021326207@cubansoftware.com', '78021326207', 'sha1', '13973a8d3e68c4d476edf7d6099a985e', '53a33f290f069f40c3271cae9e7030eaf29ec91e', 1, 0, NULL, '2016-12-07 14:11:17', '2016-12-07 14:11:17'),
	(344, 'Arles Elio ', 'Silva Perez', '71112308509@cubansoftware.com', '71112308509', 'sha1', 'd00f55c8fa2a7ad54f7ce1b44e7c7234', '4d3769be822c5e875bf82fe9f122dc41cd5320f0', 1, 0, NULL, '2016-12-07 14:12:14', '2016-12-07 14:12:14'),
	(345, 'Vladimir Ramon', 'Ibañez Dominguez', '88011626221@cubansoftware.com', '88011626221', 'sha1', '37cbb2c49dfc55a78bd8571864645789', 'f491b7429c19fe76c40b2fbaec7c3b7fec657d04', 1, 0, NULL, '2016-12-07 14:19:28', '2016-12-07 14:19:28'),
	(346, 'Alexis ', 'Zaldivar Fernandez', '72082413305@cubansoftware.com', '72082413305', 'sha1', '0778c115a2f10432befcb9df5d992de9', '0151da419156f012d81914f52f11e83f4b9f06c1', 1, 0, NULL, '2016-12-07 15:55:11', '2016-12-07 15:55:11'),
	(347, 'Beatriz', 'Calvera del Toro', '68122712857@cubansoftware.com', '68122712857', 'sha1', 'ba206a9d0905323ab5df08928f857b40', '83f980ba964550496b32c246186c8a3ade258def', 1, 0, NULL, '2016-12-12 15:50:06', '2016-12-12 15:50:06'),
	(348, 'Jorge Antonio', 'Salgado Barrero', '85042325827@cubansoftware.com', '85042325827', 'sha1', '62252f90a873189a584d7e09847e6add', 'c2f6dcf9becac49f122c13e2c02317edc3c0603d', 1, 0, NULL, '2016-12-12 15:54:25', '2016-12-12 15:54:25'),
	(353, 'Geudys', 'Carrion Taylor', '78112831884@cubansoftware.com', '78112831884', 'sha1', 'b567867aae74bfb43a2824484ffa8615', 'c7173987b174e1751297bd1177e0a68748c69a77', 1, 0, NULL, '2016-12-12 16:10:48', '2016-12-12 16:10:48'),
	(354, 'Guillermo ', 'Ricardo Avila', '53051807842@cubansoftware.com', '53051807842', 'sha1', 'e6a455c1b3614daad2b0f0802c3899c7', 'c96fa910833d202efcd252ec551d1f7e7ed29d96', 1, 0, NULL, '2016-12-17 13:46:50', '2016-12-17 13:46:50'),
	(355, 'Maria  de los  Angeles', 'Gonzalez Rodriguez', '67021008410@cubansoftware.com', '67021008410', 'sha1', '41fae7e507d61e80e71bedc2b804c855', 'b03ccdc534e431cea2c659152465133d11e132a7', 1, 0, NULL, '2016-12-17 13:49:53', '2016-12-17 13:49:53'),
	(356, 'Yutniel', 'Gonzalez Pupo', '85061821701@cubansoftware.com', '85061821701', 'sha1', '5e632ab1766c632c7ec0ceb7f0502605', '615ada222e7991857bce787efd6bfed6fc44cac3', 1, 0, NULL, '2016-12-17 13:52:52', '2016-12-17 13:52:52'),
	(357, 'Yainier ', 'Machado Cruz', '90061314587@cubansoftware.com', '90061314587', 'sha1', '1f2507bb4db912207e7f88dc2d2576eb', 'ed81bd9b4d444a088dc7ada0351341f454264eab', 1, 0, NULL, '2016-12-21 11:53:12', '2016-12-21 11:53:12'),
	(358, 'Maylin ', 'Santiesteban Ochoa', '93021819714@cubansoftware.com', '93021819714', 'sha1', '2e45ea39e449f3220b6567cdad5a3c18', '9e9d0bed85bff48d51642fb39a700267d702bae6', 1, 0, NULL, '2016-12-21 11:55:23', '2016-12-21 11:55:23'),
	(359, 'Valentin Manuel', 'Rial Fernandez', '71042208241@cubansoftware.com', '71042208241', 'sha1', 'ef840192b1e9018c02a8318eff4ab6c5', '405da7ee9b55b33a1a6f99b8bf7ccf6981fb18bf', 1, 0, NULL, '2016-12-21 11:58:01', '2016-12-21 11:58:01'),
	(360, 'Franklin', 'Leon Hernandez', '83072119486@cubansoftware.com', '83072119486', 'sha1', 'c835fbca6878ff96d4f3568dc874248c', 'ad2e3f7e1558480e21086b05d32e63bfd21faf74', 1, 0, NULL, '2016-12-21 11:59:57', '2016-12-21 11:59:57'),
	(361, 'Carmen Maria', 'Jimenez Perez', '58110707330@cubansoftware.com', '58110707330', 'sha1', '6072657e51558896caf603bdee850bc1', '538912c91ddad64c725898cb786f3a6a0f03140d', 1, 0, NULL, '2016-12-21 12:02:05', '2016-12-21 12:02:05'),
	(362, 'Franklin Arturo', 'Batista Ruiz', '43080207102@cubansoftware.com', '43080207102', 'sha1', 'fa1cce1a281a1fe5820f7486a22f5ac9', 'a94d677ed5376fea6132e1f3f719ad23236bbc6f', 1, 0, NULL, '2016-12-21 12:14:10', '2016-12-21 12:14:10'),
	(363, 'Wiliam ', 'Castro Reyes', '61122508640@cubansoftware.com', '61122508640', 'sha1', '53aab7829a0e414d7d7f7036d1c77446', '1578f9916a4a713cbede7fd06c165002c6a4216d', 1, 0, NULL, '2016-12-21 12:59:37', '2016-12-21 12:59:37'),
	(364, 'Beatriz ', 'Calvera del Toro', '63122712857@cubansoftware.com', '63122712857', 'sha1', '297113b77836ed28bed9a1e12a13019b', 'eace8bb5b08e83f5f40585eab774c8fe026e0eec', 1, 0, NULL, '2017-02-03 11:24:52', '2017-02-03 11:24:52'),
	(365, 'Mayelin ', 'Cutiño Ortiz', '75050411618@cubansoftware.com', '75050411618', 'sha1', '4b077fc26651d93f669ff7f4a2b8893b', 'ffaea19aa011683dfa2c1f0d703125ccc4174687', 1, 0, NULL, '2017-02-03 11:28:53', '2017-02-03 11:28:53'),
	(366, 'Isabel', 'de la Cruz Montero', '45050806055@cubansoftware.com', '45050806055', 'sha1', 'bf2c25888ccef3d3c3ccff65574b6d32', '44650d4b1225cd2a84c2dae5961294bbdc7d218a', 1, 0, NULL, '2017-02-03 11:31:01', '2017-02-03 11:31:01'),
	(367, 'Nancy Eufrocina', 'Ortiz Amaro', '54010108676@cubansoftware.com', '54010108676', 'sha1', 'fece71a17d8890f71f1dad22808e3a16', 'ecc6778e81c19715b7465dff3193af2a90454df6', 1, 0, NULL, '2017-02-03 11:32:48', '2017-02-03 11:32:48'),
	(368, 'Avelino Eugenio', 'Ageitos Carvajal', '45111506627@cubansoftware.com', '45111506627', 'sha1', '9aa160814616cdc2d59a0ccf32cbbb86', '1adbc0af5e1f84f86de9612b2ec5f699cb4877e6', 1, 0, NULL, '2017-02-03 11:36:42', '2017-02-03 11:36:42'),
	(369, 'Carlos Luis ', 'Tamayo Ochoa', '79021916441@cubansoftware.com', '79021916441', 'sha1', '595c53d1fb0cbf5c8ee511ff4665b2c9', '93b289197e4aabffad8a4e335e1be65a949a4676', 1, 0, NULL, '2017-02-03 11:39:13', '2017-02-03 11:39:13'),
	(370, 'Maria de los Angeles', 'Gonzalez Rodriguez', '67021008810@cubansoftware.com', '67021008810', 'sha1', '2baf0660262d3b62ef6b0078cb2720f9', 'cdc7f0d2d26bd71b906bf6258da60559dfb49450', 1, 0, NULL, '2017-02-03 11:41:25', '2017-02-03 11:41:25'),
	(371, ' Reynaldo Consuelo', 'Cabrera Pupo', '55090300403@cubansoftware.com', '55090300403', 'sha1', '4f1429f83f12a957bd60ca955bc8ab2f', 'f75bbc18814fcd3dc863734b2d29faa38f08c661', 1, 0, NULL, '2017-02-03 11:43:54', '2017-02-03 11:43:54'),
	(372, 'Alexander Reynaldo', 'Cabrera Martinez', '84030821729@cubansoftware.com', '84030821729', 'sha1', '669043a698666f5746203fe96522c4f2', '59dc74264bb40429e110da5d3a369246f1e1fda4', 1, 0, NULL, '2017-02-03 11:44:48', '2017-02-03 11:44:48'),
	(373, 'Vladimir ', 'Ochoa Suarez', '80032619106@cubansoftware.com', '80032619106', 'sha1', 'd21f89dc87e56b2ecf4b1bb478ab374d', '86bc57c74a0a2db14ded80a82802d67296ddeede', 1, 0, NULL, '2017-02-03 11:45:45', '2017-02-03 11:45:45'),
	(374, 'Katia Dulaine', 'Tamayo Rodriguez', '73070525510@cubansoftware.com', '73070525510', 'sha1', 'ee461eaeef0b8fbb60deadd82ad576eb', '6b095115924e68f04f5fbda873f9ed902717bd87', 1, 0, NULL, '2017-02-03 11:46:57', '2017-02-03 11:46:57'),
	(375, 'Tamara Virgen', 'Cruz Perez', '93112819936@cubansoftware.com', '93112819936', 'sha1', 'de255ffbf715516e09f36ecf3aa26ae8', 'a300cde90d94340392d254dcfe2cfcc9eae913e9', 1, 0, NULL, '2017-02-03 11:48:06', '2017-02-03 11:48:06'),
	(376, 'Alejandro ', 'Costafreda Velazquez', '86081121968@cubansoftware.com', '86081121968', 'sha1', 'dedea30394a5adf91062137b7ac32550', '02d365e453dc2a7421306ff4aa1b9255dc303ee8', 1, 0, NULL, '2017-04-11 10:56:31', '2017-04-11 10:56:31'),
	(377, 'Aleido', 'López Alcántara', '62061114088@cubansoftware.com', '62061114088', 'sha1', 'b41cf99ca8b4a5b8ff4a0a90164874c5', 'e3f4bb9cfdc9d0dd55c1a7d7fdd6e76c87c1fb07', 1, 0, NULL, '2017-04-11 10:58:41', '2017-04-11 10:58:41'),
	(378, 'Alejandro', 'Diaz Terrero', '86081722926@cubansoftware.com', '86081722926', 'sha1', '1df2c19065a8c40688cac9c0f0f76aeb', 'dad76237451a975680a0645244b677205222deae', 1, 0, NULL, '2017-04-11 11:01:20', '2017-04-11 11:01:20'),
	(379, 'Danilo', 'Marrero Guerrero', '80070719542@cubansoftware.com', '80070719542', 'sha1', '08fa5f85ea67d85857a37fd1af3bd7af', '0a829908ef0c421534884fb08b8255a34f7a4a58', 1, 0, NULL, '2017-04-11 11:42:46', '2017-04-11 11:42:46'),
	(380, 'Maikel', 'Torres Aguilera', '79012819022@cubansoftware.com', '79012819022', 'sha1', '5f63b8cf3a1602962a48d45e47f3f8d0', '6a94fa3d32999e4f4d546fb4e1e7c3b89a7a0609', 1, 0, NULL, '2017-04-11 12:01:48', '2017-04-11 12:01:48'),
	(381, 'Freddy Heriberto ', 'Rodriguez Suarez', '83031719382@cubansoftware.com', '83031719382', 'sha1', '65c0aa9d0742aad55833e12dba7d2824', '6d5ca21a2e58b07f5b209d5bb1398c6ff8004485', 1, 0, NULL, '2017-04-11 12:04:57', '2017-04-11 12:04:57'),
	(382, 'Juan Rafael', 'Leyva Leyva', '68101014524@cubansoftware.com', '68101014524', 'sha1', '76c51eb7f72c3c47f821dd5a9913e53c', '1349f538e87c5b70c868ddcda5e23e726156d891', 1, 0, NULL, '2017-04-11 12:37:58', '2017-04-11 12:37:58'),
	(383, 'Jose Reymundo', 'Otero Hernandez', '66031524005@cubansoftware.com', '66031524005', 'sha1', '7e77f468041174216ff739eb807f9e98', '06482b4c422db8e8d623a90b26e6d0d097e464af', 1, 0, NULL, '2017-04-11 12:49:17', '2017-04-11 12:49:17'),
	(384, 'Juan Miguel', 'Ochoa Hechavarria', '67050609067@cubansoftware.com', '67050609067', 'sha1', '442162fec315277667a38f7df23711b9', 'cf1c5381fdb2fb17fc173080e3b7a27cedf8d4e0', 1, 0, NULL, '2017-04-11 13:18:46', '2017-04-11 13:18:46'),
	(386, 'Juan Oxel ', 'Montero Lopez', '69021923301@cubansoftware.com', '69021923301', 'sha1', '11ceb7bbcb93e4d2a634b0f4c6d98644', '389e2e25c209a39fe9e5a1abab2aa121ac4edfd3', 1, 0, NULL, '2017-04-11 13:40:25', '2017-04-11 13:40:25'),
	(387, 'Jorge Antonio', 'Guerra Batista', '93050319961@cubansoftware.com', '93050319961', 'sha1', 'e78877cd5bb672ba98cff2ad8b2efeb6', '80cf644cc9e4f77dd6bc60a12a222362a361872d', 1, 0, NULL, '2017-04-11 13:51:14', '2017-04-11 13:51:14'),
	(389, 'Jorge Armando', 'Lopez Dominguez', '98072523222@cubansoftware.com', '98072523222', 'sha1', '7b8700609e8592d03a41d1e670fa56ef', 'fe632f1d4f8726f72a0bf5a1ec5492a9442e5b63', 1, 0, NULL, '2017-04-11 13:56:34', '2017-04-11 13:56:34'),
	(390, 'Karel Jose', 'Lopez Gongora', '85022621067@cubansoftware.com', '85022621067', 'sha1', '44a690f162578fc4941252d7cd6f554c', '2ecbf720898528ba4f9065b545a64112ebf2dce4', 1, 0, NULL, '2017-04-11 14:07:47', '2017-04-11 14:07:47'),
	(391, 'Margarita ', 'Hidalgo Ochoa', '95101942732@cubansoftware.com', '95101942732', 'sha1', 'eb1d94fa906db7e33685c31f6d8b04ae', '1abe74eecab73262a3d2a14ff5f2eb2d82edca4b', 1, 0, NULL, '2017-04-11 14:32:56', '2017-04-11 14:32:56'),
	(392, 'Yasmany ', 'Sanchez Noa', '90111941262@cubansoftware.com', '90111941262', 'sha1', '37103d6c15cc3b3641eee5ca3c49f8d6', 'b2aaa42b817a63c1a1347116f5bc0b56db2a0b46', 1, 0, NULL, '2017-04-11 15:13:34', '2017-04-11 15:13:34'),
	(393, 'Yelena', 'Gomez Fuentes', '89051541339@cubansoftware.com', '89051541339', 'sha1', '439ab190d13c5f96475b35867c7713aa', '461a94a3a8ccc5c08f16148c9eec6b88805419e2', 1, 0, NULL, '2017-04-11 15:20:15', '2017-04-11 15:20:15'),
	(394, 'Yurisander', 'Nieves Morales', '84081821722@cubansoftware.com', '84081821722', 'sha1', '08571472a57377ba8bdc3607fc526a55', '1acf446f58dc13de60922d5e015c4219b706fd8c', 1, 0, NULL, '2017-04-11 15:25:31', '2017-04-11 15:25:31'),
	(395, 'Aliuska', 'Castro Hernandez', '87102026416@cubansoftware.com', '87102026416', 'sha1', 'e983ca4ebfd74b0c8b940d7ea911cde1', 'bcedaf0edb795117195ffe51172a3f4530f35070', 1, 0, NULL, '2017-04-11 15:32:41', '2017-04-11 15:32:41'),
	(396, 'Maykel Arnaldo', 'Rojas Manresa', '79102518162@cubansoftware.com', '79102518162', 'sha1', '2fb4a948346e0757d80c4b9ccb6080fa', 'ec142199b3287a7d59ac89be73ce3f51786a544a', 1, 0, NULL, '2017-04-13 10:17:16', '2017-04-13 10:17:16'),
	(404, 'Roberto Carlos', 'Jobega Jomarron', '94042742905@cubansoftware.com', '94042742905', 'sha1', 'cc892e447f8284c78d8736b980e64728', 'c833287eedad74a7f37efd19222b95a97d81b6fb', 1, 0, NULL, '2017-04-13 11:21:46', '2017-04-13 11:21:46'),
	(405, 'Dania', 'Mulet Mora', '64090109636@cubansoftware.com', '64090109636', 'sha1', '021547af6e6067f577e572f2d89758a0', 'b3fc4912cdccaec67d8297f1e7ec35bc3f6c47c9', 1, 0, NULL, '2017-04-13 13:02:19', '2017-04-13 13:02:19'),
	(406, 'Yohana', 'Morales Marrero', '92020943553@cubansoftware.com', '92020943553', 'sha1', 'e5e4ca9deb60eb40e756fe4aa1c30420', '807d6ce596d655becb99e13c3cbd5aecc28480b0', 1, 0, NULL, '2017-04-13 13:46:24', '2017-04-13 13:46:24'),
	(407, 'Orlando', 'Pupo Verges', '60122024063@cubansoftware.com', '60122024063', 'sha1', '053c9456e33b6190c1611a6b5f16ad5b', 'dbee9f0447eafc385357dfe8dc5d4e167c0f23f4', 1, 0, NULL, '2017-04-13 15:40:31', '2017-04-13 15:40:31'),
	(408, 'Isaac', 'Cruz Marrero', '96050620107@cubansoftware.com', '96050620107', 'sha1', '69ab30a881bc304c0dba50d383e5dc27', '3fa1f40c5f902ce21162b07da40988c17f09b803', 1, 0, NULL, '2017-04-13 15:56:26', '2017-04-13 15:56:26'),
	(409, 'Justo Francisco', 'Exposito Sao', '74010115003@cubansoftware.com', '74010115003', 'sha1', '03728df6132de290414f650db4cbf772', '9b116ffc801afdc5440c358779dfd7d3102a185a', 1, 0, NULL, '2017-04-13 16:26:41', '2017-04-13 16:26:41'),
	(411, 'Osmani', 'Mulet Martinez', '79052119063@cubansoftware.com', '79052119063', 'sha1', 'd6518824ae6cba3339500495f3abdb66', 'afa826474ffd1c702a8d2266f1633b58d21f705f', 1, 0, NULL, '2017-04-13 17:05:35', '2017-04-13 17:05:35'),
	(412, 'Luis Enrique', 'Lago Brito', '68101424541@cubansoftware.com', '68101424541', 'sha1', '4280d34cf666cf9f7b014bd805ccef0a', 'acb6fd2f743177d8a01cd4cfe22ccdba2dc40c6d', 1, 0, NULL, '2017-04-15 07:46:11', '2017-04-15 07:46:11'),
	(417, 'Richard', 'Perez Perasmo', '91010142326@cubansoftware.com', '91010142326', 'sha1', '9b582c2dabab2fe6c1fbe85ea92a1824', 'a87f5d6b33f6ec82473e35163bb61882bf59fd0a', 1, 0, NULL, '2017-04-15 08:28:41', '2017-04-15 08:28:41'),
	(419, 'Pedro Luis ', 'Hernandez Abreu', '94092842762@cubansoftware.com', '94092842762', 'sha1', 'eccceeecff0db0b806126b6f7916ab50', '863eba799ee950889fefaf1f513522efc9ac472f', 1, 0, NULL, '2017-04-15 08:37:11', '2017-04-15 08:37:11'),
	(420, 'Hilda Rosa', 'Rodriguez Hernandez', '86102121673@cubansoftware.com', '86102121673', 'sha1', '4085a61a844ac6ec99952b6f142ed64f', 'd5dbc390739bdab4c597e0bb57ce59f80d2100e4', 1, 0, NULL, '2017-04-15 09:02:51', '2017-04-15 09:02:51'),
	(421, 'Yordania', 'Masjuan Batista', '83072019416@cubansoftware.com', '83072019416', 'sha1', '3086540fa077324cbb890ec2024d5342', '99450d9391fc1afaa9c80cc78d0d5ec6d667291c', 1, 0, NULL, '2017-04-15 10:00:03', '2017-04-15 10:00:03'),
	(422, 'Yaniesky', 'Ricardo Gonzalez', '81090719147@cubansoftware.com', '81090719147', 'sha1', '4dffece305d27cc1bf2e988cd61e370d', 'c65a4a5a6868f257525cde80d6d0f19f2f9ac9cc', 1, 0, NULL, '2017-04-15 10:56:17', '2017-04-15 10:56:17'),
	(423, 'Jesus Guillermo', 'Ricardo Lopez', '57040607366@cubansoftware.com', '57040607366', 'sha1', '882ed630395f9ef4cfff7782a6eb2af8', '0bca6cdfb1e62a69697f48903e06cd73700fe56a', 1, 0, NULL, '2017-04-15 10:58:37', '2017-04-15 10:58:37'),
	(424, 'Yulia', 'Cruz Mederos', '85041621636@cubansoftware.com', '85041621636', 'sha1', '8f4078cc300ac1345e8ecd63f43daa5b', '66bb72b89542553392771111d4830a4c73719fa8', 1, 0, NULL, '2017-04-15 11:01:40', '2017-04-15 11:01:40'),
	(425, 'Yoisel', 'Toruella Exposito', '86121921464@cubansoftware.com', '86121921464', 'sha1', 'ffda6923ed2eac76832ded766607d203', '650f720e88bba71ace855b8f705d4689ce2500d6', 1, 0, NULL, '2017-08-23 08:55:41', '2017-08-23 08:55:41'),
	(426, 'Fernando Yaniel', 'Anillo Valladares', '79021019582@cubansoftware.com', '79021019582', 'sha1', 'c2fa368944ac26fdeba2899bd3db4dbe', 'da514835e72111b187b7304ef1885762f0449c75', 1, 0, NULL, '2017-12-04 04:05:15', '2017-12-04 04:05:15'),
	(427, 'Jorge Luis', 'Hidalgo Lopez', '86122221728@cubansoftware.com', '86122221728', 'sha1', 'c53658eb254ab5a05fafd178442f879f', '7b556bef25b5fff7e7798650901846c6cdd24cbe', 1, 0, NULL, '2017-12-04 04:07:12', '2017-12-04 04:07:12'),
	(428, 'Fe de los Angeles', 'Curbelo Gonzalez', '83070701712@cubansoftware.com', '83070701712', 'sha1', '39d9709556bbff29d5108f8f05539cba', 'a03f5b34133b92e6c9224006009f093af7051ddf', 1, 0, NULL, '2017-12-04 04:09:35', '2017-12-04 04:09:35'),
	(429, 'Estrella  Zoila', 'Alvares Reyes', '41062705895@cubansoftware.com', '41062705895', 'sha1', '9d44afc4c9567bfaa81047f97115fb72', '7226efee5f79bd0df8f64a87535199f259b22f15', 1, 0, NULL, '2017-12-04 04:11:23', '2017-12-04 04:11:23'),
	(430, 'Luis Leonardo', 'Curvelo Perez', '90030941181@cubansoftware.com', '90030941181', 'sha1', 'a83588638d7a73df70abf774ab743516', '57f2656e92731ce6d1e52c62336b79f94e2cb7fa', 1, 0, NULL, '2017-12-04 04:13:49', '2017-12-04 04:13:49'),
	(431, 'Leodanis ', 'Palmero Batista', '93100819865@cubansoftware.com', '93100819865', 'sha1', 'e98ee452faa39f8457d59277b6404c67', '0dbe9ab626ca8a2106e7d3e959ac61c89481c2c7', 1, 0, NULL, '2017-12-04 04:16:11', '2017-12-04 04:16:11'),
	(432, 'Katia ', 'Teruel Gallardo', '83090717371@cubansoftware.com', '83090717371', 'sha1', '08903a7d57981f08a0f2608bc086e0a4', 'ee492e4d7bb85b00bc7abb818d2cceab9c412931', 1, 0, NULL, '2017-12-04 04:38:19', '2017-12-04 04:38:19'),
	(433, 'Josue Rafael', 'Borjas Mulet', '94110743081@cubansoftware.com', '94110743081', 'sha1', 'c9e8f2e6a9984d28b0fef1d6f9e1f86b', '467087ad0d31cc564974bc1276f8f0a6858068ca', 1, 0, NULL, '2017-12-04 04:40:11', '2017-12-04 04:40:11'),
	(434, 'Sandra Elena', 'Musteliier Ricardo', '85122621458@cubansoftware.com', '85122621458', 'sha1', '10a584470a4e4c80e069a7db7695c42e', '0ada5893a4099e5c9f8b293f3e897dc0913a99f2', 1, 0, NULL, '2017-12-04 04:42:42', '2017-12-04 04:42:42'),
	(435, 'Yursey ', 'Ruiz Galvan', '83042219426@cubansoftware.com', '83042219426', 'sha1', '38a26dff62502c3be25c1601b8ae82c8', '454d60dc8847eec10a596afb597f7111314e1d5b', 1, 0, NULL, '2017-12-04 04:47:47', '2017-12-04 04:47:47'),
	(436, 'Juan Erelis ', 'Calero Rivera', '64050609604@cubansoftware.com', '64050609604', 'sha1', '66daac0b2f9b9dd52f4b2c14bd4fed1b', '58c709e028212b39b1bc561b9b92ebc1114b1c6e', 1, 0, NULL, '2017-12-04 04:53:02', '2017-12-04 04:53:02'),
	(438, 'Roxana  de la Caridad', 'Cruz Rodriguez', '97012318090@cubansoftware.com', '97012318090', 'sha1', 'd0b2a69c999acbc489643d3889c8d4b0', '4e3cb4ee232fc34863ee92a5f3f8cb55ced70b3f', 1, 0, NULL, '2017-12-04 04:59:16', '2017-12-04 04:59:16'),
	(439, 'Donel ', 'Vazquez  Zambrano', '81092719102@cubansoftware.com', '81092719102', 'sha1', 'e7d772cc3ac070a469e0928f0385258e', '0abe841f97239d488538ad67a3cdb43aefd2d864', 1, 0, NULL, '2017-12-04 05:06:13', '2017-12-04 05:06:13'),
	(440, 'Kiirenia ', ' Reynaldo Cabrera', '99071618835@cubansoftware.com', '99071618835', 'sha1', '9a1bdc280ebca17d6de9d720af526691', 'e743077d49af8ee245eef625d87bc978c248a7ec', 1, 0, NULL, '2017-12-05 12:55:36', '2017-12-05 12:55:36'),
	(441, 'Luis Marcos', 'Espinsa Gonzalez', '92090543404@cubansoftware.com', '92090543404', 'sha1', '6efc3cc0f75258059b2425387b47e9ac', '1ca7ac76d437c754eef84d4c821527a01191c5ef', 1, 0, NULL, '2017-12-06 09:14:22', '2017-12-06 09:14:22'),
	(442, 'Yanetsi ', 'Lopez Castro', '78032925191@cubansoftware.com', '78032925191', 'sha1', '0573ced66b78b5f6cae6d672c8bddecc', '4324b288ba840e1491e959f3152990e5c7270007', 1, 0, NULL, '2017-12-06 09:19:54', '2017-12-06 09:19:54'),
	(443, 'David ', 'Gomez Cuenca', '90053141263@cubansoftware.com', '90053141263', 'sha1', '2f5bc38c4a0439e2da2154767f1dd866', '0146cd541c13d97a5f6754c6ca0c4c782d4d133c', 1, 0, NULL, '2017-12-06 09:24:40', '2017-12-06 09:24:40'),
	(444, 'Esmel', 'Acosta  Sanchez', '91100942262@cubansoftware.com', '91100942262', 'sha1', '451085a2cc956b5c8aa139bccc0c6dfe', 'cec0be8a02d1ca3c98462104ee412aa98cdaf5d2', 1, 0, NULL, '2017-12-06 09:47:20', '2017-12-06 09:47:20'),
	(445, 'Nestor Hugo', 'Puron Reyes', '84100422902@cubansoftware.com', '84100422902', 'sha1', '84d3c559dfa5f7f17e1111840e7a439d', '2cc65576f6292e16c6778a7a98fd25e66103560e', 1, 0, NULL, '2017-12-06 09:52:05', '2017-12-06 09:52:05'),
	(446, 'Juan Carlos', 'Marcos Cruz', '75010216264@cubansoftware.com', '75010216264', 'sha1', '7fad5e16ebd18869340c12ef7702d6b2', 'ccfcdffdb98be2db8c37dd3a6fd3d3439db53d3e', 1, 0, NULL, '2017-12-06 09:54:20', '2017-12-06 09:54:20'),
	(447, 'Magalis', 'Cruz  Perez', '47042706891@cubansoftware.com', '47042706891', 'sha1', 'f4d9555bd575bcce3ff5ee91eb6232e8', 'a6178c457203fd2831613326b01988487559fda8', 1, 0, NULL, '2017-12-06 09:56:33', '2017-12-06 09:56:33'),
	(448, 'Edilberto', 'Morales Orduñez', '91052242269@cubansoftware.com', '91052242269', 'sha1', '14f733b9d1d435b269478479318ed4ca', '24763b08536ac90bfcd3658198b75c4891a9f87f', 1, 0, NULL, '2017-12-06 09:59:01', '2017-12-06 09:59:01'),
	(449, 'Ruben ', 'Duputey Betancourt', '85010222506@cubansoftware.com', '85010222506', 'sha1', 'a9c8ce41372b703b3acd0e2bbaac3113', '07faa54f2c2420d2cb77e449ab6e5f802c8e339c', 1, 0, NULL, '2017-12-06 10:03:58', '2017-12-06 10:03:58'),
	(450, 'Elena', 'Escalona Cabrera', '67100509551@cubansoftware.com', '67100509551', 'sha1', '7321db2f81de9606871f1f3d410019d5', '158c1e98ca97a8505becf185deda58046e67000e', 1, 0, NULL, '2017-12-06 10:06:18', '2017-12-06 10:06:18'),
	(451, 'Antonio ', 'Acosta Fort', '90091541245@cubansoftware.com', '90091541245', 'sha1', 'e51c709d173a22020e3488d425a97f5c', '287145c83d604147444ab42b10c3e7b9d5ec37a7', 1, 0, NULL, '2017-12-06 10:10:50', '2017-12-06 10:10:50'),
	(452, 'Daimi Amelina ', 'Rojas Oliver', '86121321737@cubansoftware.com', '86121321737', 'sha1', '8a07d5dc16b78e165048b3a3ef81185a', 'aed24a62c43895fbacddd3a72aeaf75f14bfdc71', 1, 0, NULL, '2017-12-06 10:25:42', '2017-12-06 10:25:42'),
	(453, 'Marianela ', 'Bueno Capote', '75070516250@cubansoftware.com', '75070516250', 'sha1', '8475e6bb7a1a9f49bdbc8ca87be3ae76', 'e4abbdf3e29942e1b92e0d2d0ed5042fa9ff07de', 1, 0, NULL, '2017-12-06 11:04:50', '2017-12-06 11:04:50'),
	(454, 'Yosvani', 'Hidalgo Castellano', '86122521649@cubansoftware.com', '86122521649', 'sha1', '89ab4b10ca38a4ada1dabfaf626a1922', '3c6f3bfeff1f3098f35230796acd4ced8a9a1983', 1, 0, NULL, '2017-12-06 18:04:19', '2017-12-06 18:04:19'),
	(456, 'Noel', 'Trasobares Rojas', '65103024780@cubansoftware.com', '65103024780', 'sha1', 'e7844b6d5f27bdfe64ab04a72b61c3df', 'fc4e7c7af4f4d45847bd384474b1bfac96f9a6aa', 1, 0, NULL, '2017-12-06 18:08:32', '2017-12-06 18:08:32'),
	(457, 'Maikel', 'Brea MNejias', '80081918989@cubansoftware.com', '80081918989', 'sha1', '286d4af00c4f4bccb0ea49d2cd5444ed', '827f0b0b18ede60d1f0065754c99e8c4238099b0', 1, 0, NULL, '2017-12-08 10:13:31', '2017-12-08 10:13:31'),
	(458, 'Maria Luisa', 'Marquez La O', '92110743554@cubansoftware.com', '92110743554', 'sha1', 'f78ab4597ccb7ad27c041129d9e8fb6a', '68244420b8943eea887f286d132a91e72a04b0db', 1, 0, NULL, '2017-12-08 10:15:59', '2017-12-08 10:15:59'),
	(459, 'Yanet', 'Rodriguez Garcia', '88110123718@cubansoftware.com', '88110123718', 'sha1', '48f2371a088230ba50d0ac513e0c34e4', '77d096056fa2a6cab1b6c5230a9159c64d7159ae', 1, 0, NULL, '2017-12-08 11:31:48', '2017-12-08 11:31:48'),
	(460, 'Adrian ', 'Arbella Vazquez', '85030121649@cubansoftware.com', '85030121649', 'sha1', '07ecfb600661746e871087c722f3c322', 'f2868ecbc270346df286a25984628381f0e36965', 1, 0, NULL, '2017-12-08 11:33:24', '2017-12-08 11:33:24'),
	(461, 'Jorge Luis', 'Maceo Riñack', '68120700207@cubansoftware.com', '68120700207', 'sha1', 'a83d9044a37362ec07284acb7d1c084f', '5a730836f26975a9129fcdc95568a56b34fdbad5', 1, 0, NULL, '2017-12-08 11:35:43', '2017-12-08 11:35:43'),
	(462, 'Jesus', 'Velazquez Borrego', '61080606100@cubansoftware.com', '61080606100', 'sha1', 'b1bd610a04a49559351a5f5ebeafb739', 'fa843aafb2281e5a65e3e157756870055b668466', 1, 0, NULL, '2017-12-08 11:37:51', '2017-12-08 11:37:51'),
	(465, 'Mileydi', 'Garcia Lopez', '76070637758@cubansoftware.com', '76070637758', 'sha1', '4ef637203ff07f4487737c9a5e39405a', 'fdaae05210c7f11af12d3a462f50922fa6377658', 1, 0, NULL, '2017-12-08 11:42:35', '2017-12-08 11:42:35'),
	(466, 'Marian Rosa ', 'Jorge Gonzalez', '86061421631@cubansoftware.com', '86061421631', 'sha1', '5a48df3e0fd0ab77dc5ee5f66cbb5e02', '4cb4c144b83602d06afd0e56f0bc92fb886ed467', 1, 0, NULL, '2017-12-08 11:48:42', '2017-12-08 11:48:42'),
	(468, 'Carlos Enrrique', 'Tamayo Rodriguez', '74012614186@cubansoftware.com', '74012614186', 'sha1', 'fb7fa2e5cabf596cfe35228d2f2536c1', 'aaf26190ca729f8cbb1972eb5563a2f2a29755cb', 1, 0, NULL, '2017-12-08 11:52:54', '2017-12-08 11:52:54'),
	(469, 'Lazaro', 'Gongora Fernandez', '46121706901@cubansoftware.com', '46121706901', 'sha1', '30f41ee52dd9fa36506c0cdc048c485f', '137cee1d5c270f49fa9670cd66639aaf420050c0', 1, 0, NULL, '2017-12-08 11:55:51', '2017-12-08 11:55:51'),
	(470, 'Milaida ', 'Perez Gonzalez', '90040208571@cubansoftware.com', '90040208571', 'sha1', '65086d5443809fd8ee0d9aaabc2bc31c', '14e1da7eeb8157a621147099c91a9bf0715c7b44', 1, 0, NULL, '2017-12-08 12:00:49', '2017-12-08 12:00:49'),
	(471, 'Gloria Olimeria', 'Arevalo Vives', '58040606830@cubansoftware.com', '58040606830', 'sha1', '0fedfb51371b57f7c93ec32c0843c2af', '75b904f719ca84c6ed847dfbc39ff0d0418707d5', 1, 0, NULL, '2017-12-08 12:04:08', '2017-12-08 12:04:08'),
	(472, 'Margarita', 'Gonzalez Pupo', '61072008550@cubansoftware.com', '61072008550', 'sha1', '7376454204daafaa868545120e369c97', '248c0516cc6c4f7dc113ea040754aac29f86fecc', 1, 0, NULL, '2017-12-08 12:06:51', '2017-12-08 12:06:51'),
	(473, 'Tadiennis de la Caridad', 'Tamayo Quevedo', '93112719581@cubansoftware.com', '93112719581', 'sha1', '9218f9d46ffc1fefa08fc74e0b0964dc', '37dc63487b5976b00789df73424df8c6b3cc2d4c', 1, 0, NULL, '2017-12-08 12:11:42', '2017-12-08 12:11:42'),
	(474, 'Yenisey', 'Ricardo  Gonzalez', '85073023157@cubansoftware.com', '85073023157', 'sha1', 'd41b649e85b3755ba2f4fb8e940c1efb', '1198541546d9d93375adb152b0bdb9232ec4c843', 1, 0, NULL, '2017-12-08 12:14:12', '2017-12-08 12:14:12'),
	(475, 'Yamila', 'Cuadrado Hernandez', '83101519659@cubansoftware.com', '83101519659', 'sha1', '3be65b69d19ad7690a46b55276d23882', 'efb803a47f4553aa921df3f3c51ded84378b5911', 1, 0, NULL, '2017-12-08 12:19:15', '2017-12-08 12:19:15'),
	(476, 'Yosandra', 'Olivera Gonzalez', '71021013110@cubansoftware.com', '71021013110', 'sha1', 'e8bd3a62269d095f4727384b05ed0f78', '78d4fdfeca0c2ce872df0dfd906b1fa3014059e3', 1, 0, NULL, '2018-03-04 10:59:17', '2018-03-04 10:59:17'),
	(477, 'Clara Noris', 'Leyva Ramirez', '90100137818@cubansoftware.com', '90100137818', 'sha1', '37f875596170109d0340c77c5375aa78', '73dacbc491b37b8cd0be534b92dd9959e9b2dd7b', 1, 0, NULL, '2018-03-04 11:02:53', '2018-03-04 11:02:53'),
	(478, 'Ramona Juana', 'Roman Guerra', '58022502523@cubansoftware.com', '58022502523', 'sha1', 'e996c56de5b6824390d0923ac9019a3e', 'eb2ce52dc41aade5212a34eef7387e3238adda28', 1, 0, NULL, '2018-03-04 11:05:44', '2018-03-04 11:05:44'),
	(479, 'Jarol', 'Fuentes Cables', '95052944427@cubansoftware.com', '95052944427', 'sha1', '16b09f02e546f2b0169516e7022718b7', '76e5dcef84d037d268b91da024cb6a80bdedc48d', 1, 0, NULL, '2018-03-04 11:12:10', '2018-03-04 11:12:10'),
	(480, 'Alejandro', 'Acosta  Sanchez', '87121826126@cubansoftware.com', '87121826126', 'sha1', 'ca6fdbbe6b3298ce9b8b150a90cb6b6a', '266ae2c084ce82fc9ffefed3760ff73044196de3', 1, 0, NULL, '2018-03-04 11:19:51', '2018-03-04 11:19:51'),
	(481, 'Rafael David', 'Vallejo Avila', '70100405922@cubansoftware.com', '70100405922', 'sha1', '7fc583e3c5ecfa7e8310b8d5c3eb7754', '75aeb24e7dca773063568a0de84839e4b7591252', 1, 0, NULL, '2018-03-04 11:24:27', '2018-03-04 11:24:27'),
	(482, 'Kiusty ', 'Cobas Pupo', '83101019444@cubansoftware.com', '83101019444', 'sha1', '80251bdb364db65b6ba69ababb9990bb', 'ba6a9c274a67a1341f37b568e3127e093de2771c', 1, 0, NULL, '2018-03-04 11:28:01', '2018-03-04 11:28:01'),
	(489, 'Jorge Luis', 'Peña Vazquez', '92091443241@cubansoftware.com', '92091443241', 'sha1', '21648cbda49f98dcaa7606e60dbd716c', '3ef8bbb981b44acb4ef7b07384a7be5842ebf3b2', 1, 0, NULL, '2002-01-01 01:00:39', '2002-01-01 01:00:39'),
	(490, 'Yosvanis ', 'Sanches Rodriguez', '85070888983@cubansoftware.com', '85070888983', 'sha1', '2b848aabf779557e6cf70380757c0e20', '5afa904c1a6e37a5c832f1bb2d69869bc052686a', 1, 0, NULL, '2002-01-01 02:09:45', '2002-01-01 02:09:45'),
	(492, 'Victoriano ', 'Perez Roche', '63041509288@cubansoftware.com', '63041509288', 'sha1', '08d551cee24d53420b236592eb341d47', '4e618f241cadf2a9e66714e9ed2caf5d909f0502', 1, 0, NULL, '2018-05-02 11:49:44', '2018-05-02 11:49:44'),
	(493, 'Anderson Ernesto', 'Santieteban Velazquez', '90081741322@cubansoftware.com', '90081741322', 'sha1', '20698713b33679a41e3c7fdd4ea97f53', 'b717e2c2f9be019d137722c6fb10aa9b9b597a27', 1, 0, NULL, '2002-01-01 00:02:51', '2002-01-01 00:02:51'),
	(494, 'Victor', 'Perez Fernandez', '82061226069@cubansoftware.com', '82061226069', 'sha1', 'd2cba24e0c04052eeb5e7dcb1d08f93b', '6463aa0da1e127e3b995a692996eca13bfe3c4ae', 1, 0, NULL, '2002-01-01 00:06:01', '2002-01-01 00:06:01'),
	(500, 'Oreste', 'Benitez Rodriguez', '63080410083@cubansoftware.com', '63080410083', 'sha1', 'fe54cf2656dd799954941df9454afa99', '0c95ca2e266e7d63dc30fe58d12075ed5315afb2', 1, 0, NULL, '2018-05-03 14:20:56', '2018-05-03 14:20:56'),
	(501, 'Alfredo Ernesto', 'Bauta  Layva', '59012318208@cubansoftware.com', '59012318208', 'sha1', 'dd42b75237be20c5443378a69b5e6527', 'd8ca72adf5d919af2f0adcefa88fe2acc2c3f2ac', 1, 0, NULL, '2018-05-03 14:24:36', '2018-05-03 14:24:36'),
	(502, 'Fe de los Angeles', 'Curvelo Gonzalez', '53070701712@cubansoftware.com', '53070701712', 'sha1', '49b967fea9a76a1afeb90a80ea70f986', '6e192c993b96ecb7b86d6c7924b38e9caf401abe', 1, 0, NULL, '2018-05-03 14:26:58', '2018-05-03 14:26:58'),
	(503, 'Yudit', 'Vega Peña', '86073121857@cubansoftware.com', '86073121857', 'sha1', '76bcf940f52cafc0447957f8eacf9f59', '0f7d30b114d7bce1bd97280936fc8eb0657bee04', 1, 0, NULL, '2018-05-04 03:33:51', '2018-05-04 03:33:51'),
	(505, 'Ramon Rafael', 'Bermudez Avila', '42100907164@cubansoftware.com', '42100907164', 'sha1', 'a060934989cfdaa8bf08e103f0e0190c', '700a637177357f1bf3bdbc56b8e90d1742a272f6', 1, 0, NULL, '2018-05-05 06:47:53', '2018-05-05 06:47:53'),
	(506, 'Osmani', 'Mulet Martinez', '79052119064@cubansoftware.com', '79052119064', 'sha1', '17f3d0cc16c45006b77b7cb683703f97', '5d3e0c0e9123ab24147c1d4632a23e36cc459012', 1, 0, NULL, '2018-05-05 06:53:07', '2018-05-05 06:53:07'),
	(507, 'Eliecer ', 'Rojas Tamayo', '89100637502@cubansoftware.com', '89100637502', 'sha1', '9e1f6a67c8b425d05257f7eb597c8c20', '1a086960f472191e105640c0ada7c5d3338e6e5a', 1, 0, NULL, '2019-08-05 04:48:58', '2019-08-05 04:48:58'),
	(508, 'Alejandro', 'Escalona Giraldo', '77011620341@cubansoftware.com', '77011620341', 'sha1', 'a998a643fe8aca2ca81beb22b4b307cd', 'a13d978b790c702db8fcff4e8910d3082c19e409', 1, 0, NULL, '2019-08-05 04:54:45', '2019-08-05 04:54:45'),
	(510, 'Luis Enrrique', 'Ricardo Tamayo', '71112908503@cubansoftware.com', '71112908503', 'sha1', '8a491bf493f46bb8031b804394ff0260', 'af009232370972c4bc4cdd952f87c4c8edbac353', 1, 0, NULL, '2019-08-05 05:36:46', '2019-08-05 05:36:46'),
	(511, 'Carlos', 'Estupinan Martinez', '82031526023@cubansoftware.com', '82031526023', 'sha1', '70a68de2ecab7977c0c6558cc79cc8c4', '7e5408cf543ab0d6af8dc110eaf5bc0239baa2b0', 1, 0, NULL, '2019-08-05 05:41:30', '2019-08-05 05:41:30'),
	(512, 'Yuser Eduardo', 'Suarez Naranjo', '82091526083@cubansoftware.com', '82091526083', 'sha1', '536bb40b9a123acc53fa67569325688e', '725df4cc89abe9a2e91cdfa14f95c23ac74351fd', 1, 0, NULL, '2019-08-05 05:45:04', '2019-08-05 05:45:04'),
	(514, 'Roger', 'Hernandez Diaz', '63081129921@cubansoftware.com', '63081129921', 'sha1', '596b61dddf752eeb39d14371f75907b1', 'd549cd3ae2a5f9d44add0cdbffc50d2dbbec83a1', 1, 0, NULL, '2019-08-05 06:19:08', '2019-08-05 06:19:08'),
	(515, 'Jonatan saul', 'Rodriguez Hijuelos', '88090226260@cubansoftware.com', '88090226260', 'sha1', '9207feb07cc6153f3d379d23812bcc88', 'd2394cd655e052488f3d6551750c4fd767a2a5cc', 1, 0, NULL, '2019-08-05 06:32:43', '2019-08-05 06:32:43'),
	(516, 'Arlay ', 'Subirat Columbie', '68061806045@cubansoftware.com', '68061806045', 'sha1', '67cf1c261affe91189464c82feb62365', '5f0dc3674677fdabda510f12c4d40332659c6a07', 1, 0, NULL, '2019-08-05 06:38:29', '2019-08-05 06:38:29'),
	(517, 'David ', 'Abreu Cabrera', '79052519109@cubansoftware.com', '79052519109', 'sha1', 'd2db72fed596d9e4a06cd2d0865ae4c6', '1de08816c97bbe31f02f366962c4f02ebcb88c78', 1, 0, NULL, '2019-08-05 06:45:27', '2019-08-05 06:45:27'),
	(518, 'Fernando ', 'Betancourt De la Torre', '65040809405@cubansoftware.com', '65040809405', 'sha1', 'a3dbe16ab2ddbfa11bf953b8b2e5e2ff', '5f114e45feb5685b98dc3ecdb13a867460af524a', 1, 0, NULL, '2019-08-05 07:00:34', '2019-08-05 07:00:34'),
	(519, 'Ilianny', 'Conrrado Betancourt', '92012443395@cubansoftware.com', '92012443395', 'sha1', 'c6985c09bbd58ae854072d9e127bfdd1', '3cc07f9d37e518ad498627e51c18a87f0cfaa431', 1, 0, NULL, '2019-08-05 07:14:17', '2019-08-05 07:14:17'),
	(520, 'Gerardo ', 'Gonzalez  Guilarte', '88083126124@cubansoftware.com', '88083126124', 'sha1', '4a88dbd32e6b57f8536529e5ce4b8883', '62c10f5f98d5df3a38f70d52af15ced4ab051123', 1, 0, NULL, '2019-08-05 07:25:24', '2019-08-05 07:25:24'),
	(521, 'Jose Fermin', 'Ruiz Mendoza', '68012410287@cubansoftware.com', '68012410287', 'sha1', '8c43418d676c52a07fdbf47e044b38e3', 'b91adfe5576e4bb025e5c9652d661f200567b135', 1, 0, NULL, '2019-08-05 07:29:29', '2019-08-05 07:29:29'),
	(522, 'Franky William', 'Tamayo Torralbas', '76122016264@cubansoftware.com', '76122016264', 'sha1', '5aeda8b35f70957673d5685a442d3de2', '3c215514454e733ed65844751d79c2746ff03690', 1, 0, NULL, '2019-08-05 07:43:40', '2019-08-05 07:43:40'),
	(523, 'Richelmis', 'Rodrguez Barea', '82010225866@cubansoftware.com', '82010225866', 'sha1', '731c8831eed690ef92bdceae8e434f5b', 'bec9f404509166c4a7e83187cebca262bda8f2e0', 1, 0, NULL, '2019-08-05 07:53:53', '2019-08-05 07:53:53'),
	(524, 'Wilber Wualter', 'Pupo Pupo', '70100208524@cubansoftware.com', '70100208524', 'sha1', '4dc481ea956fdc4bf43ea2a78ba07d69', 'c2cf7bf8c08a42765b4ee8f09bbef23055a4e743', 1, 0, NULL, '2019-08-05 08:05:48', '2019-08-05 08:05:48'),
	(525, 'Rosa Ivis', 'Tamayo Curbelo', '75072516094@cubansoftware.com', '75072516094', 'sha1', 'f00de5cccce87cd258b70b430d3c5708', 'bde55cf9e9d305e5bfb0487a263feffe530e3812', 1, 0, NULL, '2019-08-05 08:12:07', '2019-08-05 08:12:07'),
	(527, 'Martha Magdiellis', 'Calzadilla Batista', '97043018178@cubansoftware.com', '97043018178', 'sha1', '711af26b8b69a5ca278042d305782940', '7d4eefee0e5e583ad8c774b7a7f0ca1d5c8c18dd', 1, 0, NULL, '2019-08-05 08:14:40', '2019-08-05 08:14:40'),
	(529, 'Yuritza', 'Torres Hart', '84122921451@cubansoftware.com', '84122921451', 'sha1', '087c969b278a2af123c47c6905e92a9b', '8c9fcf10ac24ca5679ab2495f51cf74fa01dd978', 1, 0, NULL, '2019-08-05 08:19:25', '2019-08-05 08:19:25'),
	(530, 'YOVANI', 'RODRIGUEZ LORENZO', '73080821586@cubansoftware.com', '73080821586', 'sha1', 'dad125c28083a67091148ae5e4484770', '92f7cb2023203423cfe5717bace6423bb40c3e85', 1, 0, NULL, '2019-10-16 03:05:15', '2019-10-16 10:27:08'),
	(531, 'Lizzet', 'Rodriguez Hernandez', '77011819974@cubansoftware.com', '77011819974', 'sha1', '63bca7fefd9827f70062a5b638e834fd', '91eccc22c1efc5d18e50f3ecd61476d7d825d699', 1, 0, NULL, '2020-12-08 11:22:54', '2020-12-08 11:22:54'),
	(532, 'Manuel Efigenio', ' Perez Lozada', '67080309647@cubansoftware.com', '67080309647', 'sha1', '7d8250faaf34690e7c8dd2d9ba535beb', '9d1c97ef57cfd230aff6dbeb43dd0f99424f2e2f', 1, 0, NULL, '2020-12-08 11:34:46', '2020-12-08 11:34:46'),
	(533, 'Roberto', 'Guillen Cruz', '87032628580@cubansoftware.com', '87032628580', 'sha1', 'd10fd3511dd37a21c4735b2a2e06ce9a', '23557583d5b3f73ce7f8a4eaeb3504543ad3ae9c', 1, 0, NULL, '2020-12-08 11:42:26', '2020-12-08 11:42:26'),
	(534, 'Yakelin', ' Montero Consuegra', '76091434153@cubansoftware.com', '76091434153', 'sha1', 'bf996d972174ebcad9435fcd9da50f98', '3772d95ed8145e57a93ee3ef656feca0f963f123', 1, 0, NULL, '2020-12-08 11:49:46', '2020-12-08 11:49:46'),
	(535, 'Antony', ' Castellanos Peña', '98051618282@cubansoftware.com', '98051618282', 'sha1', '2792c76ea601bbe4621be79d9f7bbdba', 'ecfbe2cb42c1fc22f0a17f4024b05211856b3041', 1, 0, NULL, '2020-12-08 13:31:00', '2020-12-08 13:31:00'),
	(536, 'Yoelvis Daniel', 'Mejias Gonzalez', '91040436585@cubansoftware.com', '91040436585', 'sha1', '09aa2904c66c2f030fd2e8cea58f81fc', '25a90d768d3c1599f4c447d384aea8ab4dee55e9', 1, 0, NULL, '2020-12-08 13:33:42', '2020-12-08 13:33:42'),
	(537, 'Oreste', 'Isaac Manrresa', '67051313449@cubansoftware.com', '67051313449', 'sha1', '95a527bb8c94a0ad183c5c67cd521d37', 'e100fb86c54d0097f8a1649e41a5ed2563db1b57', 1, 0, NULL, '2020-12-08 13:36:57', '2020-12-08 13:36:57'),
	(538, 'Alberto Alejandro ', 'Cabrera Cartaya', '90073141186@cubansoftware.com', '90073141186', 'sha1', '59c2bd2dc6e3f48857d05e6b3ff81c80', 'db83303e61652bc5a98212eb4bea4c82ee3bea08', 1, 0, NULL, '2020-12-08 15:35:27', '2020-12-08 15:35:27'),
	(539, 'Alcides ', 'Olamendi Zalduivar', '89091737580@cubansoftware.com', '89091737580', 'sha1', '670c8167ebcfe1a62821034ad75bc315', '2514a842e8c22f3ce7ce0a554a1593be127697b5', 1, 0, NULL, '2020-12-08 15:37:14', '2020-12-08 15:37:14'),
	(540, 'Arlety ', 'Feria Fernandez', '92100743235@cubansoftware.com', '92100743235', 'sha1', '037c39b41ead89e0521080b2924af767', '13bdbb60f9b72ac11e967d0d8b3fd83339fc5f07', 1, 0, NULL, '2020-12-08 15:40:24', '2020-12-08 15:40:24'),
	(541, 'Beatriz ', 'Escobar Pupo', '86101400618@cubansoftware.com', '86101400618', 'sha1', 'c04225445df744b49d4c4a23a1ece31c', '9462a07ea79e605b5c0a94fc12c639b0673a3a7b', 1, 0, NULL, '2020-12-09 08:26:49', '2020-12-09 08:26:49'),
	(542, 'Enrique Alcides ', 'Urrutia Rodriguez', '91110842286@cubansoftware.com', '91110842286', 'sha1', '7efd3b5145aa838d74e5c99d83b7afe9', 'e5370b7a1d1ea6a438767b4d39ce038075850f72', 1, 0, NULL, '2020-12-09 08:34:18', '2020-12-09 08:34:18'),
	(543, 'Eliett Rafael ', 'Buedo Garcia', '85011222101@cubansoftware.com', '85011222101', 'sha1', 'f856650d92f1a6e42b187c2c1941ddd1', '887cd4c3e975e72b533d613f88b0f7d2c44f0ad0', 1, 0, NULL, '2020-12-09 08:36:24', '2020-12-09 08:36:24'),
	(544, 'Evelyn Beatriz ', 'Anguera Ricardo', '95102144256@cubansoftware.com', '95102144256', 'sha1', '1b29ac987ddbdfe959453c1bd9c30b59', '897c4419cb45262e268dd147fd24334383e867f7', 1, 0, NULL, '2020-12-09 08:37:42', '2020-12-09 08:37:42'),
	(545, 'Franscisco ', 'Sonrosa Chapman', '66121515267@cubansoftware.com', '66121515267', 'sha1', '4774cac5988c738a6f8279fbfab2467e', 'f291a446a68600a3eb9ea97cd8a689fe9835b5ef', 1, 0, NULL, '2020-12-09 08:39:50', '2020-12-09 08:39:50'),
	(559, 'Gilberto Enrique', 'Ruiz Gonzales', '75032804283@cubansoftware.com', '75032804283', 'sha1', '467dfd1fb492fb45566a112a894862ab', '563d5d31113dbf53418b011700b0aae73437dbda', 1, 0, NULL, '2020-12-09 08:42:26', '2020-12-09 08:42:26'),
	(560, 'Iliana Lianet', 'Cardenas Dias', '92072643214@cubansoftware.com', '92072643214', 'sha1', 'd62392a28475278522db7adcc2f4934d', 'c94b241d8d0ed2e253675e53ee4e0d1296e6fe20', 1, 0, NULL, '2020-12-09 08:44:26', '2020-12-09 08:44:26'),
	(561, 'Ideliza', 'Diaz Cruz', '73030406491@cubansoftware.com', '73030406491', 'sha1', 'bc67a6e25c06192399ea3a08d6af7814', '2b43d860c4442d90607cb23b993c4ca96f05e105', 1, 0, NULL, '2020-12-09 08:46:26', '2020-12-09 08:46:26'),
	(562, 'Janady', 'Rodriguez De la Cruz', '91022042273@cubansoftware.com', '91022042273', 'sha1', '5018ebd3627f60e5ade5a938eb02ca21', '8d2db6a860a0a9146fe22ba045c039a1c5934fcb', 1, 0, NULL, '2020-12-09 08:48:10', '2020-12-09 08:48:10'),
	(563, 'Julio Cesar ', 'Hidalgo Companis ', '85050221663@cubansoftware.com', '85050221663', 'sha1', '0cab756f0ea6084ad58a1bd694c38499', '50a8aae8ef53b54de75934c902b4e02280c009b0', 1, 0, NULL, '2020-12-09 08:50:42', '2020-12-09 08:50:42'),
	(564, 'Juan Alberto ', 'Perez Licea', '84101121703@cubansoftware.com', '84101121703', 'sha1', '51c6a415ecff4f6be3ae5e6ee26fe642', 'ed82110f633d23aa96e494dd8f5a9d6fee01837a', 1, 0, NULL, '2020-12-09 08:55:11', '2020-12-09 08:55:11'),
	(565, 'Katia ', 'Galon Perez', '85050321714@cubansoftware.com', '85050321714', 'sha1', '1afccba54e72b358e0afe0ba7daeacea', '93f350daeac6e15f83e41f10ec123c32aced68e4', 1, 0, NULL, '2020-12-09 08:57:52', '2020-12-09 08:57:52'),
	(566, 'Lazaro Bruno', 'Ruiz Reyes', '90122541407@cubansoftware.com', '90122541407', 'sha1', '00904bbaaaabe81342a7bc45781d0096', 'f4876c86b3e1d9d53aad1743f6b6a74927707f02', 1, 0, NULL, '2020-12-09 08:59:06', '2020-12-09 08:59:06'),
	(567, 'Lazaro Herminio ', 'Avila Serrano', '71091306842@cubansoftware.com', '71091306842', 'sha1', '5c240a21bd7bb676d750b5f244e9b143', 'ea92957a850f322ea5c7fbf6e1e0aaf7fd57d9d5', 1, 0, NULL, '2020-12-09 09:00:39', '2020-12-09 09:00:39'),
	(568, 'Lisandro', ' Vazquez Lopez', '88112526069@cubansoftware.com', '88112526069', 'sha1', '6099750c60039886948067f1f833db53', '162a9628e8c0f87cf0973328d5a751c8d3fbb132', 1, 0, NULL, '2020-12-09 09:03:54', '2020-12-09 09:03:54'),
	(569, 'Mabel ', 'Columbie Espinosa', '95112044270@cubansoftware.com', '95112044270', 'sha1', '944e7532f309732bbcefa723a440f47f', 'dbdfbe5b813478088089237f5daeb4c4939e8775', 1, 0, NULL, '2020-12-09 09:08:37', '2020-12-09 09:08:37'),
	(570, 'Miguel Jose', 'Sierra Martinez', '91031245707@cubansoftware.com', '91031245707', 'sha1', 'db8d2664aaeb121d9590c5f62b2fcb6a', '79f4a2e2a5a389a52e1f9913c60f60417489f115', 1, 0, NULL, '2020-12-09 09:10:18', '2020-12-09 09:10:18'),
	(597, 'Maricela', 'Cuervo Cabrera', '69070814216@cubansoftware.com', '69070814216', 'sha1', '33c40b267add6048cf627d0149ac9aa5', '31058d68836ac903665420709ba17f14d4663dfb', 1, 0, NULL, '2020-12-09 09:18:33', '2020-12-09 09:18:33'),
	(598, 'Osmany', 'Cabrera Zaldivar', '89091337568@cubansoftware.com', '89091337568', 'sha1', 'a637f4974f8436abeae87bb0c8581684', '889f954a7542671a29507683a1204d8296c8a758', 1, 0, NULL, '2020-12-09 09:39:19', '2020-12-09 09:39:19'),
	(599, 'Raul Miguel', 'Infante Peña', '95041944341@cubansoftware.com', '95041944341', 'sha1', '5a0a8165017956b5ffebe6004fd4305d', '18b8cae2bd5ad5347bfb81c1d5d6c9fb23c2dea5', 1, 0, NULL, '2020-12-09 09:42:36', '2020-12-09 09:42:36'),
	(600, 'Ramiro ', 'Espinosa Avila', '90100241188@cubansoftware.com', '90100241188', 'sha1', 'b557c9296d4f988be21076f38d8cdd7b', '0552b70c42eb7adba1d8d28fb49613b881f204ed', 1, 0, NULL, '2020-12-09 09:44:51', '2020-12-09 09:44:51'),
	(601, 'Renier Cristino ', 'Perez Gallardo', '89011637700@cubansoftware.com', '89011637700', 'sha1', '90511834e7156780f95bbcc93842b690', '68b28da6d91e1623c6ee60ed039494c70e3652c2', 1, 0, NULL, '2020-12-09 09:46:44', '2020-12-09 09:46:44'),
	(602, 'Rigoberto Oreste', 'Crespo Ruiz', '68020206545@cubansoftware.com', '68020206545', 'sha1', '4dd54941eae5cc38d1c9640b7c05a012', '2899e231c818b5717fdd271ee1f97d3da1f7c7d0', 1, 0, NULL, '2020-12-09 09:48:49', '2020-12-09 09:48:49'),
	(603, 'Roberto ', 'Calsadilla Gonzales', '72060708141@cubansoftware.com', '72060708141', 'sha1', '739b39d8ad56e51c4cb178e714c2c616', '399d1cda13111f570dc5f4028c2db6f84f0cb21c', 1, 0, NULL, '2020-12-09 09:50:28', '2020-12-09 09:50:28'),
	(604, 'Walter', 'Silvera Jorge', '68031500504@cubansoftware.com', '68031500504', 'sha1', 'bda248a6ff85ca726f85f20f518d95f4', '84519b320775800ffec798d50d7ae0d5a09a0e68', 1, 0, NULL, '2020-12-09 09:54:01', '2020-12-09 09:54:01'),
	(605, 'Yanne', 'Truyenque Cruz', '81122618572@cubansoftware.com', '81122618572', 'sha1', '4b4dd764a710a3f27ee82c416d3e24aa', '5e3559c5e1deaef4c3efcd987a6e1d86bda45bda', 1, 0, NULL, '2020-12-09 09:56:53', '2020-12-09 09:56:53'),
	(606, 'Yunia', 'Rodriguez Arguelles', '75102940258@cubansoftware.com', '75102940258', 'sha1', '31a7d0ec50c8628e19d666c5b20206a7', '913656b8b03c1e798aa573379018b6cd76d470d7', 1, 0, NULL, '2020-12-09 09:59:05', '2020-12-09 09:59:05'),
	(607, 'Yonatan', 'Valerino Escobar', '92032743480@cubansoftware.com', '92032743480', 'sha1', 'ee7c8a90b9fae88578563404bd44592f', '1e92ef50fd395e1dcba0c0e48acd4f1adf9d23db', 1, 0, NULL, '2020-12-09 10:00:14', '2020-12-09 10:00:14'),
	(608, 'Yosvanis ', 'Hernandez Ricardo', '94040334382@cubansoftware.com', '94040334382', 'sha1', 'd063f9b67f5c3b6a189b5e2f097437bf', 'f3812a849047d7a04c2d1522e80df8400d30398a', 1, 0, NULL, '2020-12-09 10:01:36', '2020-12-09 10:01:36'),
	(609, 'Zoila Avelina', 'Falcon Acosta', '56032807610@cubansoftware.com', '56032807610', 'sha1', 'e9356a0c37e84a7aa84a7ef2d26ba1c8', '2f6191818c0c4cf866d6904226085a761eb8498d', 1, 0, NULL, '2020-12-09 10:03:28', '2020-12-09 10:03:28');
/*!40000 ALTER TABLE `sf_guard_user` ENABLE KEYS */;


-- Volcando estructura para tabla zentrogestorcopa.sf_guard_user_group
CREATE TABLE IF NOT EXISTS `sf_guard_user_group` (
  `user_id` bigint(20) NOT NULL,
  `group_id` bigint(20) NOT NULL,
  `created_at` datetime NOT NULL,
  `updated_at` datetime NOT NULL,
  PRIMARY KEY (`user_id`,`group_id`),
  KEY `sf_guard_user_group_group_id_sf_guard_group_id` (`group_id`),
  CONSTRAINT `sf_guard_user_group_group_id_sf_guard_group_id` FOREIGN KEY (`group_id`) REFERENCES `sf_guard_group` (`id`) ON DELETE CASCADE,
  CONSTRAINT `sf_guard_user_group_user_id_sf_guard_user_id` FOREIGN KEY (`user_id`) REFERENCES `sf_guard_user` (`id`) ON DELETE CASCADE
) ENGINE=InnoDB DEFAULT CHARSET=latin1;

-- Volcando datos para la tabla zentrogestorcopa.sf_guard_user_group: ~4 rows (aproximadamente)
/*!40000 ALTER TABLE `sf_guard_user_group` DISABLE KEYS */;
INSERT INTO `sf_guard_user_group` (`user_id`, `group_id`, `created_at`, `updated_at`) VALUES
	(1, 1, '2015-05-02 14:44:08', '2015-05-02 14:44:08'),
	(2, 1, '2015-05-04 10:13:20', '2015-05-04 10:13:20'),
	(2, 2, '2015-05-02 14:44:08', '2015-05-02 14:44:08'),
	(2, 3, '2015-05-02 14:44:08', '2015-05-02 14:44:08');
/*!40000 ALTER TABLE `sf_guard_user_group` ENABLE KEYS */;


-- Volcando estructura para tabla zentrogestorcopa.sf_guard_user_password
CREATE TABLE IF NOT EXISTS `sf_guard_user_password` (
  `id` bigint(20) NOT NULL AUTO_INCREMENT,
  `user_id` bigint(20) DEFAULT NULL,
  `algorithm` varchar(128) NOT NULL DEFAULT 'sha1',
  `salt` varchar(128) DEFAULT NULL,
  `password` varchar(128) DEFAULT NULL,
  `created_at` datetime NOT NULL,
  `updated_at` datetime NOT NULL,
  PRIMARY KEY (`id`),
  KEY `user_id_idx` (`user_id`),
  CONSTRAINT `sf_guard_user_password_user_id_sf_guard_user_id` FOREIGN KEY (`user_id`) REFERENCES `sf_guard_user` (`id`)
) ENGINE=InnoDB DEFAULT CHARSET=latin1;

-- Volcando datos para la tabla zentrogestorcopa.sf_guard_user_password: ~0 rows (aproximadamente)
/*!40000 ALTER TABLE `sf_guard_user_password` DISABLE KEYS */;
/*!40000 ALTER TABLE `sf_guard_user_password` ENABLE KEYS */;


-- Volcando estructura para tabla zentrogestorcopa.sf_guard_user_permission
CREATE TABLE IF NOT EXISTS `sf_guard_user_permission` (
  `user_id` bigint(20) NOT NULL,
  `permission_id` bigint(20) NOT NULL,
  `created_at` datetime NOT NULL,
  `updated_at` datetime NOT NULL,
  PRIMARY KEY (`user_id`,`permission_id`),
  KEY `sf_guard_user_permission_permission_id_sf_guard_permission_id` (`permission_id`),
  CONSTRAINT `sf_guard_user_permission_permission_id_sf_guard_permission_id` FOREIGN KEY (`permission_id`) REFERENCES `sf_guard_permission` (`id`) ON DELETE CASCADE,
  CONSTRAINT `sf_guard_user_permission_user_id_sf_guard_user_id` FOREIGN KEY (`user_id`) REFERENCES `sf_guard_user` (`id`) ON DELETE CASCADE
) ENGINE=InnoDB DEFAULT CHARSET=latin1;

-- Volcando datos para la tabla zentrogestorcopa.sf_guard_user_permission: ~0 rows (aproximadamente)
/*!40000 ALTER TABLE `sf_guard_user_permission` DISABLE KEYS */;
/*!40000 ALTER TABLE `sf_guard_user_permission` ENABLE KEYS */;


-- Volcando estructura para tabla zentrogestorcopa.zab_calendar
CREATE TABLE IF NOT EXISTS `zab_calendar` (
  `id` bigint(20) NOT NULL AUTO_INCREMENT,
  `code` varchar(50) NOT NULL,
  `name` varchar(130) NOT NULL,
  `comment` text DEFAULT NULL,
  `color` bigint(20) DEFAULT 0,
  PRIMARY KEY (`id`),
  UNIQUE KEY `code` (`code`)
) ENGINE=InnoDB AUTO_INCREMENT=4 DEFAULT CHARSET=latin1;

-- Volcando datos para la tabla zentrogestorcopa.zab_calendar: ~3 rows (aproximadamente)
/*!40000 ALTER TABLE `zab_calendar` DISABLE KEYS */;
INSERT INTO `zab_calendar` (`id`, `code`, `name`, `comment`, `color`) VALUES
	(1, '09476c3cf5f13e5c36d0e812f7364d88', 'Trabajo', NULL, 6),
	(2, 'e41ee28e036aab0388bea90110a2ec74', 'Casa', NULL, 15),
	(3, '17d311bb72096d252c26b3b926786211', 'Escuela', NULL, 26);
/*!40000 ALTER TABLE `zab_calendar` ENABLE KEYS */;


-- Volcando estructura para tabla zentrogestorcopa.zab_contacttype
CREATE TABLE IF NOT EXISTS `zab_contacttype` (
  `id` bigint(20) NOT NULL AUTO_INCREMENT,
  `code` varchar(50) NOT NULL,
  `name` varchar(130) NOT NULL,
  `comment` text DEFAULT NULL,
  PRIMARY KEY (`id`),
  UNIQUE KEY `code` (`code`)
) ENGINE=InnoDB DEFAULT CHARSET=latin1;

-- Volcando datos para la tabla zentrogestorcopa.zab_contacttype: ~0 rows (aproximadamente)
/*!40000 ALTER TABLE `zab_contacttype` DISABLE KEYS */;
/*!40000 ALTER TABLE `zab_contacttype` ENABLE KEYS */;


-- Volcando estructura para tabla zentrogestorcopa.zab_entity
CREATE TABLE IF NOT EXISTS `zab_entity` (
  `id` bigint(20) NOT NULL AUTO_INCREMENT,
  `code` varchar(50) NOT NULL,
  `name` varchar(200) NOT NULL,
  `comment` text DEFAULT NULL,
  `logo` text DEFAULT NULL,
  `images` text DEFAULT NULL,
  `path` text DEFAULT NULL,
  `parentid` bigint(20) DEFAULT NULL,
  `profile` text DEFAULT NULL,
  PRIMARY KEY (`id`),
  UNIQUE KEY `code` (`code`),
  KEY `parentid_idx` (`parentid`),
  CONSTRAINT `zab_entity_parentid_zab_entity_id` FOREIGN KEY (`parentid`) REFERENCES `zab_entity` (`id`) ON DELETE CASCADE
) ENGINE=InnoDB AUTO_INCREMENT=3 DEFAULT CHARSET=latin1;

-- Volcando datos para la tabla zentrogestorcopa.zab_entity: ~0 rows (aproximadamente)
/*!40000 ALTER TABLE `zab_entity` DISABLE KEYS */;
INSERT INTO `zab_entity` (`id`, `code`, `name`, `comment`, `logo`, `images`, `path`, `parentid`, `profile`) VALUES
	(1, 'e591468ea86518cfbb36b2942178b66b', 'Empresa X', 'Una pequeña descripción de la entidad Empresa X', 'images/entity.png', NULL, NULL, NULL, NULL);
/*!40000 ALTER TABLE `zab_entity` ENABLE KEYS */;


-- Volcando estructura para tabla zentrogestorcopa.zab_entityuserrelation
CREATE TABLE IF NOT EXISTS `zab_entityuserrelation` (
  `entity_id` bigint(20) NOT NULL,
  `sf_guard_user_id` bigint(20) NOT NULL,
  PRIMARY KEY (`entity_id`,`sf_guard_user_id`),
  KEY `zab_entityuserrelation_sf_guard_user_id_sf_guard_user_id` (`sf_guard_user_id`),
  CONSTRAINT `zab_entityuserrelation_entity_id_zab_entity_id` FOREIGN KEY (`entity_id`) REFERENCES `zab_entity` (`id`) ON DELETE CASCADE,
  CONSTRAINT `zab_entityuserrelation_sf_guard_user_id_sf_guard_user_id` FOREIGN KEY (`sf_guard_user_id`) REFERENCES `sf_guard_user` (`id`) ON DELETE CASCADE
) ENGINE=InnoDB DEFAULT CHARSET=latin1;

-- Volcando datos para la tabla zentrogestorcopa.zab_entityuserrelation: ~0 rows (aproximadamente)
/*!40000 ALTER TABLE `zab_entityuserrelation` DISABLE KEYS */;
/*!40000 ALTER TABLE `zab_entityuserrelation` ENABLE KEYS */;


-- Volcando estructura para tabla zentrogestorcopa.zab_event
CREATE TABLE IF NOT EXISTS `zab_event` (
  `id` bigint(20) NOT NULL AUTO_INCREMENT,
  `code` varchar(50) NOT NULL,
  `name` varchar(130) NOT NULL,
  `comment` text DEFAULT NULL,
  `allday` tinyint(1) DEFAULT 0,
  `start` datetime NOT NULL,
  `end` datetime NOT NULL,
  `calendarid` bigint(20) DEFAULT NULL,
  `reminderid` bigint(20) DEFAULT NULL,
  `location` text DEFAULT NULL,
  `link` text DEFAULT NULL,
  PRIMARY KEY (`id`),
  UNIQUE KEY `code` (`code`),
  KEY `calendarid_idx` (`calendarid`),
  KEY `reminderid_idx` (`reminderid`),
  CONSTRAINT `zab_event_calendarid_zab_calendar_id` FOREIGN KEY (`calendarid`) REFERENCES `zab_calendar` (`id`) ON DELETE CASCADE,
  CONSTRAINT `zab_event_reminderid_zab_reminder_id` FOREIGN KEY (`reminderid`) REFERENCES `zab_reminder` (`id`) ON DELETE CASCADE
) ENGINE=InnoDB AUTO_INCREMENT=10 DEFAULT CHARSET=latin1;

-- Volcando datos para la tabla zentrogestorcopa.zab_event: ~9 rows (aproximadamente)
/*!40000 ALTER TABLE `zab_event` DISABLE KEYS */;
INSERT INTO `zab_event` (`id`, `code`, `name`, `comment`, `allday`, `start`, `end`, `calendarid`, `reminderid`, `location`, `link`) VALUES
	(1, '0d57c220a3ef147e1cf35430e303a603', 'Vacaciones', 'Tiempo de diversion...', 0, '2015-04-11 14:00:00', '2015-04-22 15:00:00', 2, 1, NULL, NULL),
	(2, '40336cf3edc079a4f64446dffa121fdb', 'Almuerzo con Dcita', 'Debo estar una hora antes en el restaurant', 0, '2015-05-02 11:30:00', '2015-05-02 13:00:00', 1, 1, NULL, NULL),
	(3, '9ff0c2c742ef6eff9ebb0a8160898008', 'Pagar la electricidad', NULL, 0, '2015-05-02 15:00:00', '2015-05-02 15:00:00', 1, NULL, NULL, NULL),
	(4, 'd61915029953cccd22cc4df817b398c8', 'Cumpleaños de Mayra', 'Hay q comprar un regalo', 1, '2015-05-02 00:00:00', '2015-05-02 00:00:00', 2, NULL, NULL, NULL),
	(5, 'bdbcb6692ff90ceeb50a26847d306f2f', 'Hacer ejercicios', NULL, 1, '2015-04-20 00:00:00', '2015-05-11 23:59:59', 1, NULL, NULL, NULL),
	(6, 'e141a4c2bd74aa2c4efd27d07541c718', 'Pelarme', NULL, 0, '2015-05-02 09:00:00', '2015-05-02 09:30:00', 2, NULL, NULL, NULL),
	(7, '4cbf1a8c26a033b0331597a48c3187a1', 'Consejo de direccion', NULL, 0, '2015-04-30 13:00:00', '2015-04-30 18:00:00', 1, NULL, NULL, NULL),
	(8, '43568a3b57377c8866c644f3707a12aa', 'Noche de peliculas', NULL, 0, '2015-05-04 19:00:00', '2015-05-04 23:00:00', 2, NULL, NULL, NULL),
	(9, '3ff2953c341b75df009234886ae7019f', 'Forum nacional', NULL, 0, '2015-05-10 08:00:00', '2015-05-15 16:00:00', 3, NULL, 'Ciudad de la Habana', 'www.forum.cuba.cu');
/*!40000 ALTER TABLE `zab_event` ENABLE KEYS */;


-- Volcando estructura para tabla zentrogestorcopa.zab_file
CREATE TABLE IF NOT EXISTS `zab_file` (
  `id` bigint(20) NOT NULL AUTO_INCREMENT,
  `code` varchar(50) NOT NULL,
  `name` varchar(130) NOT NULL,
  `url` text DEFAULT NULL,
  `content` longtext DEFAULT NULL,
  PRIMARY KEY (`id`),
  UNIQUE KEY `code` (`code`)
) ENGINE=InnoDB DEFAULT CHARSET=latin1;

-- Volcando datos para la tabla zentrogestorcopa.zab_file: ~0 rows (aproximadamente)
/*!40000 ALTER TABLE `zab_file` DISABLE KEYS */;
/*!40000 ALTER TABLE `zab_file` ENABLE KEYS */;


-- Volcando estructura para tabla zentrogestorcopa.zab_metadata
CREATE TABLE IF NOT EXISTS `zab_metadata` (
  `name` varchar(50) NOT NULL,
  `comment` text DEFAULT NULL,
  `value` text DEFAULT NULL,
  `category` text DEFAULT NULL,
  `is_visible` tinyint(1) DEFAULT 1,
  PRIMARY KEY (`name`),
  UNIQUE KEY `name` (`name`)
) ENGINE=InnoDB DEFAULT CHARSET=latin1;

-- Volcando datos para la tabla zentrogestorcopa.zab_metadata: ~39 rows (aproximadamente)
/*!40000 ALTER TABLE `zab_metadata` DISABLE KEYS */;
INSERT INTO `zab_metadata` (`name`, `comment`, `value`, `category`, `is_visible`) VALUES
	('app_authldapfilterdn', 'Establece la ubicación de los usuarios en el LDAP', 'OU=Unit,DC=domain,DC=com', 'LDAP', 1),
	('app_authldaprootdn', 'Establece la ubicación del usuario de búsqueda en el LDAP', 'CN=Users,DC=domain,DC=com', 'LDAP', 1),
	('app_authldapsearchinguser', 'Establece el usuario usado para realizar la conexión con el LDAP', 'administrador', 'LDAP', 1),
	('app_authldapsearchinguserpass', 'Establece la contraseña del usuario usado para realizar la conexión con el LDAP', 'C0ntrasenna', 'LDAP', 1),
	('app_authldapserver', 'Permite definir el Nombre o Dirección IP del servidor LDAP', '192.168.3.22', 'LDAP', 1),
	('app_authmode', 'Establece el tipo de autenticación a usar en el sistema: "local" (sin comillas) para usar la base de datos, "ldap" (sin comillas) para usar un directorio activo y "mixed" (sin comillas) para combinar ambos métodos', 'local', 'Seguridad', 1),
	('app_businessmail', 'Permite definir la cuenta de correo que será utilizada para la realización de las transferencias de pago mediante PayPal y para el envío de las notificaciones generadas por el sistema.', 'zentro@nauta.cu', 'Sistema', 1),
	('app_characteramounttofind', 'Permite definir a partir de cuántos caracteres se realizan búsquedas', '1', 'Sistema', 1),
	('app_clientname', NULL, 'COBRAN-SA', 'Negocio', 1),
	('app_defaultlanguaje', 'Define el idioma en que por defecto se cargarán las interfaces del sistema aun cuando pueden ser variadas localmente mediante el uso de la Barra superior.', 'es-Es', 'Sistema', 1),
	('app_elementsongrid', 'Establece la cantidad de elementos a mostrar en una página de interfaz tabular correspondiente al área de trabajo. De esta forma el sistema se encarga de generar la paginación que entre otras cosas permite elevar el rendimiento de las consultas realizadas a las bases de datos.', '20', 'Tablas de datos', 1),
	('app_fileintegrity', 'Establece la suma de chequeo de integridad de los archivos del sistema', 'd7e26022062eaf76d5b56af4c58ff33a', 'Archivos', 0),
	('app_filemaxsize', 'Establece el tamaño (en bytes) máximo de los archivos subidos del sistema', '5242880', 'Archivos', 1),
	('app_filereadcontent', 'Permite definir la forma de leer los contenidos de un archivo. ("text" solo texto y "all" todo el contenido)', 'text', 'Archivos', 0),
	('app_indexablefiles', 'Permite definir los tipos de archivos subidos al servidor que seran indexados para búsquedas. Deben ser especificados separados por coma.', 'doc,docx,xls,xlsx,pdf', 'Archivos', 0),
	('app_ismultientidable', 'Permite definir si el sistema debe comportarse como multientidad', '0', 'Sistema', 1),
	('app_lockaccountfor', 'Permite definir el tiempo en segundos por el que se bloquea a los usuarios que superan el máximo de intentos fallidos de autenticación', '300', 'Seguridad', 1),
	('app_mailencryption', 'Establece el Tipo de Encriptado utilizado por el servidor de correo: ~, ssl, tls', '~', 'Correo', 1),
	('app_mailhost', 'Establece el Nombre o la Dirección IP del servidor de correo', '10.0.0.1', 'Correo', 1),
	('app_mailhostport', 'Establece el Puerto por el que escucha el servidor de correo', '25', 'Correo', 1),
	('app_mailpassword', 'Establece el la Contraseña del usuario de correo utilizado para enviar las notificaciones', 'C0ntrasenna', 'Correo', 1),
	('app_mailstrategy', 'Establece el la estrategia de envío de correos notificaciones: "queue" (sin comillas) para encolarlos y enviarlos mediante tarea programada del sistema y "realtime" (sin comillas) para entrega en tiempo real', 'queue', 'Correo', 1),
	('app_mailusername', 'Establece el Usuario de correo utilizado para enviar las notificaciones', 'administrador@domain.com', 'Correo', 1),
	('app_multiactivitypercent', 'Permite definir el porciento que se paga cuando se tiene más de una actividad', '70', 'Negocio', 1),
	('app_name', 'Permite variar el nombre del sistema mostrado el banner superior', 'Zentro&reg; Gestor de Cobros y Pagos', 'Sistema', 0),
	('app_notificationrefreshperiod', 'Permite definir cada cuantos segundos se recargarán los datos del panel de notificaciones', '60', 'Sistema', 0),
	('app_patentcode', 'Permite definir el código de Impuesto sobre los Ingresos Personales. A este código se asocia el valor del pago de la patente por la ejecución de la actividad', '051012', 'Negocio', 1),
	('app_publicservice', 'Permite definir el código de Impuesto sobre los Servicios Públicos.', '020102', 'Negocio', 1),
	('app_sendsystememails', 'Permite definir si el sistema enviará notificaciones por correo o no', '', 'Sistema', 1),
	('app_showgridtitle', 'Permite personalizar las vistas de las interfaces de gestión usando o no los títulos en las tablas.', '1', 'Tablas de datos', 1),
	('app_showmessageonformloadfailed', 'Permite establecer si el sistema mostrará mensajes de notificación cuando NO se hayan cargado datos a un formulario satisfactoriamente', '1', 'Notificaciones', 1),
	('app_showmessageonformloadposition', 'Permite establecer cómo el sistema mostrará mensajes de notificación (top: notificacion superior, window: en una ventana de información).', 'top', 'Notificaciones', 1),
	('app_showmessageonformloadsuccessful', 'Permite establecer si el sistema mostrará mensajes de notificación cuando se hayan cargado datos a un formulario satisfactoriamente', '', 'Notificaciones', 1),
	('app_showmessageonmoduleloadsuccessful', 'Permite establecer si el sistema mostrará mensajes de notificación cuando se active un módulo satisfactoriamente', '1', 'Notificaciones', 1),
	('app_showmessageonstoreloadfailed', 'Permite establecer si el sistema mostrará mensajes de notificación cuando NO se hayan cargado satisfactoriamente las fuentes de datos', '1', 'Notificaciones', 1),
	('app_showmessageonstoreloadsuccessful', 'Permite establecer si el sistema mostrará mensajes de notificación cuando se hayan cargado satisfactoriamente las fuentes de datos', '', 'Notificaciones', 1),
	('app_unsuccessfulloginattempts', 'Permite definir la cantidad de intentos de autenticación fallidos antes de bloquear el acceso al usuario', '3', 'Seguridad', 1),
	('app_uploadimagedestination', 'Permite definir el lugar donde se desean guardar las imagenes de usuarios del sistema. ("file" como archivos y "db" en la base de datos)', 'file', 'Archivos', 1),
	('app_xpercent', 'Permite definir el porciento que se paga como Impuesto los Ingresos Personales', '10', 'Negocio', 1);
/*!40000 ALTER TABLE `zab_metadata` ENABLE KEYS */;


-- Volcando estructura para tabla zentrogestorcopa.zab_module
CREATE TABLE IF NOT EXISTS `zab_module` (
  `id` bigint(20) NOT NULL AUTO_INCREMENT,
  `code` varchar(50) NOT NULL,
  `name` varchar(130) NOT NULL,
  `nick` varchar(130) NOT NULL,
  `icon` varchar(130) DEFAULT NULL,
  `comment` text DEFAULT NULL,
  `attributes` text DEFAULT NULL,
  `relations` text DEFAULT NULL,
  `is_active` tinyint(1) DEFAULT 1,
  `is_multientity` tinyint(1) DEFAULT 0,
  `is_multientidable` tinyint(1) DEFAULT 0,
  `is_base` tinyint(1) DEFAULT 0,
  `parentid` bigint(20) DEFAULT NULL,
  `path` text DEFAULT NULL,
  `increase` text DEFAULT NULL,
  PRIMARY KEY (`id`),
  UNIQUE KEY `code` (`code`),
  KEY `parentid_idx` (`parentid`),
  CONSTRAINT `zab_module_parentid_zab_module_id` FOREIGN KEY (`parentid`) REFERENCES `zab_module` (`id`) ON DELETE CASCADE
) ENGINE=InnoDB AUTO_INCREMENT=24 DEFAULT CHARSET=latin1;

-- Volcando datos para la tabla zentrogestorcopa.zab_module: ~23 rows (aproximadamente)
/*!40000 ALTER TABLE `zab_module` DISABLE KEYS */;
INSERT INTO `zab_module` (`id`, `code`, `name`, `nick`, `icon`, `comment`, `attributes`, `relations`, `is_active`, `is_multientity`, `is_multientidable`, `is_base`, `parentid`, `path`, `increase`) VALUES
	(1, 'a1bc2d6ebcc1280df1d2d35cb69eb038', 'Personas', 'Person', 'user_suit.png', 'Gestión de personas', NULL, NULL, 1, 0, 1, 1, NULL, NULL, '0000000010'),
	(2, '7054f79fdf544224152181f3fb8b023f', 'Sexos', 'Sex', 'male.png', NULL, '[{"ispk":true,"name":"Código","nick":"code","type":"string","restriction":"30","nulleable":false},{"isak":true,"name":"Nombre","nick":"name","type":"string","restriction":"130","nulleable":false},{"name":"Descripción","nick":"comment","type":"string","restriction":"","nulleable":true}]', NULL, 1, 0, 0, 0, NULL, NULL, '0000000020'),
	(3, '5ccc852b901c562665fa9adc13dbf9fc', 'Localizaciones', 'Location', 'flag_orange.png', 'Gestión de localizaciones', '[{"ispk":true,"name":"Código","nick":"code","type":"string","restriction":"30","nulleable":false},{"isak":true,"name":"Nombre","nick":"name","type":"string","restriction":"130","nulleable":false},{"name":"Descripción","nick":"comment","type":"string","restriction":"","nulleable":true},{"name":"Padre","nick":"parent","type":"integer","restriction":"","nulleable":true}]', '[{"attributeid":"parent","attribute":"Padre","typeid":"onetomany","type":"Uno a muchos","moduleid":"Location","module":"Ã?rbol paginado"}]', 1, 0, 0, 0, NULL, NULL, '0000000140'),
	(4, '566e353f89a32c0ff6d3f1374a7d54d1', 'Explorador', 'Explorer', 'wtop-explorer.png', 'Gestión de archivos y carpetas del sistema', '[{"name":"Nombre","nick":"name","type":"string","restriction":"","nulleable":false},{"name":"Fecha de modificación","nick":"lastmod","type":"string","restriction":"","nulleable":false},{"name":"Tamaño","nick":"size","type":"string","restriction":"","nulleable":false}]', NULL, 0, 0, 0, 1, NULL, NULL, '0000000160'),
	(5, 'd1844b3b8627e806fdd0f2018add7202', 'Lugar de trabajo', 'Place', 'house.png', 'Lugar de trabajo del trabajador por cuenta propia', '[{"ispk":true,"name":"Código","nick":"code","type":"string","restriction":"30","nulleable":false},{"isak":true,"name":"Nombre","nick":"name","type":"string","restriction":"130","nulleable":false},{"name":"Descripción","nick":"comment","type":"string","restriction":"","nulleable":true}]', NULL, 1, 0, 0, 0, NULL, NULL, '0000000130'),
	(6, '531034c747663a655b4951f529e3172a', 'Actividades', 'Activity', 'book_open.png', 'Actividades para el trabajo por cuenta propia', '[{"ispk":true,"name":"Código","nick":"code","type":"string","restriction":"30","nulleable":false},{"isak":true,"name":"Nombre","nick":"name","type":"string","restriction":"130","nulleable":false},{"name":"Descripción","nick":"comment","type":"string","restriction":"","nulleable":true},{"name":"Prohibida","nick":"forbidden","type":"boolean","restriction":"","nulleable":true},{"name":"Ayuda","nick":"help","type":"boolean","restriction":"","nulleable":true}]', NULL, 1, 0, 0, 0, NULL, NULL, '0000000030'),
	(7, 'c14fdea8d4a13423a6ab13ccea444015', 'Elementos de gasto', 'Element', 'bricks.png', 'Elementos de gasto', '[{"ispk":true,"name":"Código","nick":"code","type":"string","restriction":"30","nulleable":false},{"isak":true,"name":"Nombre","nick":"name","type":"string","restriction":"130","nulleable":false},{"name":"Descripción","nick":"comment","type":"string","restriction":"","nulleable":true}]', NULL, 1, 0, 0, 0, NULL, NULL, '0000000040'),
	(8, '1472e47657724d3d9afd6a3897ffe5fa', 'Impuestos', 'Tax', 'coins.png', 'Impuestos', '[{"ispk":true,"name":"Código","nick":"code","type":"string","restriction":"30","nulleable":false},{"isak":true,"name":"Nombre","nick":"name","type":"string","restriction":"130","nulleable":false},{"name":"Descripción","nick":"comment","type":"string","restriction":"","nulleable":true}]', '[{"attributeid":"parent","attribute":"Padre","typeid":"manytomany","type":"Muchos a muchos","moduleid":"Tax","module":"Impuestos"}]', 1, 0, 0, 0, NULL, NULL, '0000000050'),
	(9, 'd1cd0a605cfa6b16c5b94b4eb5650fd5', 'Servicios', 'Service', 'cup.png', 'Servicios', '[{"ispk":true,"name":"Código","nick":"code","type":"string","restriction":"30","nulleable":false},{"isak":true,"name":"Nombre","nick":"name","type":"string","restriction":"130","nulleable":false},{"name":"Descripción","nick":"comment","type":"string","restriction":"","nulleable":true},{"name":"Cantidad","nick":"amount","type":"decimal","restriction":""}]', NULL, 1, 0, 0, 0, NULL, NULL, '0000000060'),
	(10, '0abc28bcb832a6bbd1c673309cbad21a', 'Usuarios', 'User', 'wtop-users.png', 'Gestión de usuarios del sistema', NULL, NULL, 1, 0, 0, 1, NULL, NULL, '9000000000'),
	(11, '1b57cc8f13c60c87a1c96d8f6d538c20', 'Tipos de contacto', 'Contacttype', 'ekiga.png', 'Gestión de tipos de contacto', '[{"ispk":true,"name":"Código","nick":"code","type":"string","restriction":"50","nulleable":false},{"isak":true,"name":"Nombre","nick":"name","type":"string","restriction":"130","nulleable":false},{"name":"Descripción","nick":"comment","type":"string","restriction":"","nulleable":true}]', NULL, 0, 0, 0, 0, NULL, NULL, '0000000070'),
	(12, '267cf24edd9f5f09964b575ccc693494', 'Grupos de actividades', 'Activitygroup', 'package.png', 'Grupos de las Actividades para el trabajo por cuenta propia', '[{"ispk":true,"name":"Código","nick":"code","type":"string","restriction":"30","nulleable":false},{"isak":true,"name":"Nombre","nick":"name","type":"string","restriction":"130","nulleable":false},{"name":"Descripción","nick":"comment","type":"string","restriction":"","nulleable":true},{"name":"Cantidad","nick":"amount","type":"decimal","restriction":""},{"name":"Tipo","nick":"fixed","type":"boolean","restriction":""}]', NULL, 1, 0, 0, 0, NULL, NULL, '0000000030'),
	(13, 'cc9aee2e5955cc065a92c2106af9998c', 'Balances', 'Transaction', 'creditcards.png', 'Balance de comprobación de saldos', '[{"ispk":true,"name":"Código","nick":"code","type":"string","restriction":"30","nulleable":false},{"isak":true,"name":"Nombre","nick":"name","type":"string","restriction":"130","nulleable":false},{"name":"Descripción","nick":"comment","type":"string","restriction":"","nulleable":true},{"name":"Cantidad","nick":"amount","type":"decimal","restriction":""}]', NULL, 1, 0, 0, 0, NULL, NULL, '0000000080'),
	(14, 'e7af0863035207943f53f63d68f6f170', 'Gráficos', 'Chart', 'wtop-charts.png', 'Generador de gráficos del sistema', NULL, NULL, 0, 0, 0, 1, NULL, NULL, '9000000000'),
	(15, 'a6d080f2730d57c1da1e777002102139', 'Calendario', 'Calendar', 'wtop-calendars.png', 'Visor de eventos del sistema', '[{"name":"Nombre","nick":"name","type":"string","restriction":"","nulleable":false},{"name":"Descripción","nick":"comment","type":"string","restriction":"","nulleable":false}]', NULL, 0, 0, 0, 1, NULL, NULL, '9000000000'),
	(16, 'a7c68a28d40f282bae2ee54b5abcb65a', 'Recordatorios', 'Reminder', 'wtop-reminders.png', 'Gestión de recordatorios del sistema', '[{"name":"Nombre","nick":"name","type":"string","restriction":"","nulleable":false},{"name":"Descripción","nick":"comment","type":"string","restriction":"","nulleable":false},{"name":"Valor","nick":"value","type":"int","restriction":"","nulleable":false},{"name":"Periodo","nick":"period","type":"int","restriction":"","nulleable":false}]', NULL, 0, 0, 0, 1, NULL, NULL, '9000000000'),
	(17, 'f77828c55becd4d2013f22bfbf5ccf94', 'Configuración', 'Metadata', 'wtop-config.png', 'Configuraci&oacute;n general del sistema', NULL, NULL, 1, 0, 0, 1, NULL, NULL, '9000000000'),
	(18, 'bf2d27ca3e7f635e06ac60a586240083', 'Trazas', 'Log', 'wtop-logs.png', 'Auditoría de trazas del sistema', NULL, NULL, 1, 0, 0, 1, NULL, NULL, '9000000000'),
	(19, 'a95374dafe28f54b7ce7729f8378c819', 'Módulos', 'Module', 'wtop-modules.png', 'Gestión de módulos del sistema', '[{"name":"Código","nick":"code","type":"string","restriction":"","nulleable":false},{"name":"Nombre","nick":"name","type":"string","restriction":"","nulleable":false},{"name":"Alias","nick":"nick","type":"string","restriction":"","nulleable":false},{"name":"Descripción","nick":"comment","type":"string","restriction":"","nulleable":false},{"name":"Ícono","nick":"icon","type":"string","restriction":"","nulleable":true}]', NULL, 0, 0, 0, 1, NULL, NULL, '9000000000'),
	(20, '88a72558f6d824e814086ec6abd3854c', 'Editor de contenido', 'Contenteditor', 'page_paintbrush.png', 'Editor de contenido', '[{"ispk":true,"name":"Código","nick":"code","type":"string","restriction":"50","nulleable":false},{"isak":true,"name":"Nombre","nick":"name","type":"string","restriction":"130","nulleable":false},{"name":"Descripción","nick":"comment","type":"string","restriction":"","nulleable":true}]', NULL, 0, 0, 0, 1, NULL, NULL, '9000000000'),
	(21, '80b5b2da7cd15147b2806b3538203255', 'Editor de notas', 'Note', 'page_paintbrush.png', 'Editor de notas', '[{"ispk":true,"name":"Código","nick":"code","type":"string","restriction":"50","nulleable":false},{"isak":true,"name":"Nombre","nick":"name","type":"string","restriction":"130","nulleable":false},{"name":"Descripción","nick":"comment","type":"string","restriction":"","nulleable":true}]', NULL, 0, 0, 0, 1, NULL, NULL, '9000000000'),
	(22, 'ebf0e1820c9faa8e1f121d60ee1585df', 'Entidades', 'Entity', 'shutter.png', 'Gestión de entidades', '[{"ispk":true,"name":"Código","nick":"code","type":"string","restriction":"50","nulleable":false},{"isak":true,"name":"Nombre","nick":"name","type":"string","restriction":"130","nulleable":false},{"name":"Descripción","nick":"comment","type":"string","restriction":"","nulleable":true},{"name":"Padre","nick":"parentid","type":"integer","restriction":"","nulleable":true}]', '[{"attributeid":"parentid","attribute":"Padre","typeid":"onetomany","type":"Uno a muchos","moduleid":"Entity","module":"Entidades"}]', 1, 0, 0, 1, NULL, NULL, '0000000010'),
	(23, 'b568e034a58149ab3e8233273bb6714f', 'Entidad', 'Entitymanager', 'shutter.png', 'Gestión de la entidad', '[{"ispk":true,"name":"Código","nick":"code","type":"string","restriction":"50","nulleable":false},{"isak":true,"name":"Nombre","nick":"name","type":"string","restriction":"130","nulleable":false},{"name":"Descripción","nick":"comment","type":"string","restriction":"","nulleable":true},{"name":"Padre","nick":"parentid","type":"integer","restriction":"","nulleable":true}]', '[{"attributeid":"parentid","attribute":"Padre","typeid":"onetomany","type":"Uno a muchos","moduleid":"Entity","module":"Entidades"}]', 0, 0, 1, 1, NULL, NULL, '00000000001');
/*!40000 ALTER TABLE `zab_module` ENABLE KEYS */;


-- Volcando estructura para tabla zentrogestorcopa.zab_moduledependencyrelation
CREATE TABLE IF NOT EXISTS `zab_moduledependencyrelation` (
  `module_id` bigint(20) NOT NULL,
  `dependency_id` bigint(20) NOT NULL,
  PRIMARY KEY (`module_id`,`dependency_id`),
  KEY `zab_moduledependencyrelation_dependency_id_zab_module_id` (`dependency_id`),
  CONSTRAINT `zab_moduledependencyrelation_dependency_id_zab_module_id` FOREIGN KEY (`dependency_id`) REFERENCES `zab_module` (`id`) ON DELETE CASCADE,
  CONSTRAINT `zab_moduledependencyrelation_module_id_zab_module_id` FOREIGN KEY (`module_id`) REFERENCES `zab_module` (`id`) ON DELETE CASCADE
) ENGINE=InnoDB DEFAULT CHARSET=latin1;

-- Volcando datos para la tabla zentrogestorcopa.zab_moduledependencyrelation: ~21 rows (aproximadamente)
/*!40000 ALTER TABLE `zab_moduledependencyrelation` DISABLE KEYS */;
INSERT INTO `zab_moduledependencyrelation` (`module_id`, `dependency_id`) VALUES
	(1, 2),
	(1, 3),
	(1, 5),
	(1, 6),
	(1, 9),
	(1, 10),
	(3, 4),
	(6, 7),
	(6, 8),
	(10, 11),
	(13, 1),
	(15, 16),
	(16, 10),
	(19, 10),
	(20, 4),
	(21, 20),
	(22, 4),
	(22, 11),
	(23, 11),
	(23, 21),
	(23, 22);
/*!40000 ALTER TABLE `zab_moduledependencyrelation` ENABLE KEYS */;


-- Volcando estructura para tabla zentrogestorcopa.zab_modulepermission
CREATE TABLE IF NOT EXISTS `zab_modulepermission` (
  `module_id` bigint(20) NOT NULL,
  `permission_id` bigint(20) NOT NULL,
  PRIMARY KEY (`module_id`,`permission_id`),
  KEY `zab_modulepermission_permission_id_sf_guard_permission_id` (`permission_id`),
  CONSTRAINT `zab_modulepermission_module_id_zab_module_id` FOREIGN KEY (`module_id`) REFERENCES `zab_module` (`id`) ON DELETE CASCADE,
  CONSTRAINT `zab_modulepermission_permission_id_sf_guard_permission_id` FOREIGN KEY (`permission_id`) REFERENCES `sf_guard_permission` (`id`) ON DELETE CASCADE
) ENGINE=InnoDB DEFAULT CHARSET=latin1;

-- Volcando datos para la tabla zentrogestorcopa.zab_modulepermission: ~73 rows (aproximadamente)
/*!40000 ALTER TABLE `zab_modulepermission` DISABLE KEYS */;
INSERT INTO `zab_modulepermission` (`module_id`, `permission_id`) VALUES
	(1, 1),
	(1, 15),
	(1, 16),
	(1, 17),
	(1, 18),
	(1, 19),
	(1, 20),
	(1, 21),
	(2, 22),
	(2, 23),
	(2, 24),
	(2, 25),
	(3, 2),
	(3, 26),
	(3, 27),
	(3, 28),
	(4, 14),
	(5, 3),
	(5, 29),
	(5, 30),
	(5, 31),
	(6, 9),
	(6, 32),
	(6, 33),
	(6, 34),
	(7, 4),
	(7, 35),
	(7, 36),
	(7, 37),
	(8, 10),
	(8, 38),
	(8, 39),
	(8, 40),
	(9, 5),
	(9, 41),
	(9, 42),
	(9, 43),
	(10, 8),
	(10, 44),
	(10, 45),
	(10, 46),
	(11, 47),
	(11, 48),
	(11, 49),
	(11, 50),
	(12, 11),
	(12, 51),
	(12, 52),
	(12, 53),
	(13, 6),
	(14, 54),
	(15, 55),
	(16, 55),
	(17, 7),
	(18, 12),
	(19, 13),
	(19, 56),
	(19, 57),
	(19, 58),
	(20, 13),
	(20, 56),
	(20, 57),
	(20, 58),
	(21, 13),
	(21, 56),
	(21, 57),
	(21, 58),
	(22, 59),
	(22, 60),
	(22, 61),
	(22, 62),
	(23, 59),
	(23, 63);
/*!40000 ALTER TABLE `zab_modulepermission` ENABLE KEYS */;


-- Volcando estructura para tabla zentrogestorcopa.zab_note
CREATE TABLE IF NOT EXISTS `zab_note` (
  `id` bigint(20) NOT NULL AUTO_INCREMENT,
  `comment` longtext DEFAULT NULL,
  `amount` decimal(18,2) DEFAULT NULL,
  `json` longtext DEFAULT NULL,
  `person_id` bigint(20) DEFAULT NULL,
  `parentid` bigint(20) DEFAULT NULL,
  `entityid` text DEFAULT NULL,
  `entity` text DEFAULT NULL,
  `increase` text DEFAULT NULL,
  `created_at` datetime NOT NULL,
  `updated_at` datetime NOT NULL,
  PRIMARY KEY (`id`),
  KEY `person_id_idx` (`person_id`),
  KEY `parentid_idx` (`parentid`),
  CONSTRAINT `zab_note_parentid_zab_note_id` FOREIGN KEY (`parentid`) REFERENCES `zab_note` (`id`) ON DELETE CASCADE,
  CONSTRAINT `zab_note_person_id_zab_person_id` FOREIGN KEY (`person_id`) REFERENCES `zab_person` (`id`) ON DELETE CASCADE
) ENGINE=InnoDB DEFAULT CHARSET=latin1;

-- Volcando datos para la tabla zentrogestorcopa.zab_note: ~0 rows (aproximadamente)
/*!40000 ALTER TABLE `zab_note` DISABLE KEYS */;
/*!40000 ALTER TABLE `zab_note` ENABLE KEYS */;


-- Volcando estructura para tabla zentrogestorcopa.zab_person
CREATE TABLE IF NOT EXISTS `zab_person` (
  `id` bigint(20) NOT NULL AUTO_INCREMENT,
  `code` varchar(50) DEFAULT NULL,
  `comment` text DEFAULT NULL,
  `picture` text DEFAULT NULL,
  `profile` text DEFAULT NULL,
  `sf_guard_user_id` bigint(20) DEFAULT NULL,
  `phone` varchar(50) DEFAULT NULL,
  `cellphone` varchar(50) DEFAULT NULL,
  `address` text DEFAULT NULL,
  `patent` varchar(50) DEFAULT NULL,
  `inscription` varchar(50) DEFAULT NULL,
  `nit` varchar(50) DEFAULT NULL,
  `birthdate` date DEFAULT NULL,
  `patented` tinyint(1) DEFAULT 0,
  `usufructuary` tinyint(1) DEFAULT 0,
  `client` tinyint(1) DEFAULT 0,
  `collectday` bigint(20) DEFAULT 20,
  `creationdate` date DEFAULT NULL,
  `deletiondate` date DEFAULT NULL,
  `locationid` bigint(20) DEFAULT NULL,
  `placeid` bigint(20) DEFAULT NULL,
  `sexid` bigint(20) DEFAULT NULL,
  PRIMARY KEY (`id`),
  UNIQUE KEY `code` (`code`),
  KEY `sf_guard_user_id_idx` (`sf_guard_user_id`),
  KEY `locationid_idx` (`locationid`),
  KEY `placeid_idx` (`placeid`),
  KEY `sexid_idx` (`sexid`),
  CONSTRAINT `zab_person_locationid_zgctr_location_id` FOREIGN KEY (`locationid`) REFERENCES `zgctr_location` (`id`) ON DELETE SET NULL,
  CONSTRAINT `zab_person_placeid_zgtcp_place_id` FOREIGN KEY (`placeid`) REFERENCES `zgtcp_place` (`id`) ON DELETE SET NULL,
  CONSTRAINT `zab_person_sexid_zgtcp_sex_id` FOREIGN KEY (`sexid`) REFERENCES `zgtcp_sex` (`id`) ON DELETE SET NULL,
  CONSTRAINT `zab_person_sf_guard_user_id_sf_guard_user_id` FOREIGN KEY (`sf_guard_user_id`) REFERENCES `sf_guard_user` (`id`) ON DELETE CASCADE
) ENGINE=InnoDB AUTO_INCREMENT=534 DEFAULT CHARSET=latin1;

-- Volcando datos para la tabla zentrogestorcopa.zab_person: ~418 rows (aproximadamente)
/*!40000 ALTER TABLE `zab_person` DISABLE KEYS */;
INSERT INTO `zab_person` (`id`, `code`, `comment`, `picture`, `profile`, `sf_guard_user_id`, `phone`, `cellphone`, `address`, `patent`, `inscription`, `nit`, `birthdate`, `patented`, `usufructuary`, `client`, `collectday`, `creationdate`, `deletiondate`, `locationid`, `placeid`, `sexid`) VALUES
	(3, '86051421786', NULL, './images/avatar.png', NULL, 5, '', '', 'Guajabale', '039840', '0206281', '6712680684156023', '1986-05-14', 0, 0, 0, 20, '2011-11-22', '2016-12-01', 44, 1, 1),
	(4, '69100514261', NULL, './images/avatar.png', NULL, 2, '24426859', '54660392', 'Maximo Gomez No. 191 %  Aricochea  y Cable', '401134', '0716646', '7241161965006023', '1969-10-05', 1, 0, 1, 20, '2014-05-19', NULL, 49, 4, 1),
	(6, '74061514569', NULL, './images/avatar.png', NULL, 7, '', '', 'Rafael Peralta', '3u32u', '0712263', '6541960475166023', '1974-06-15', 1, 0, 1, 20, '2014-01-28', '2017-08-10', 28, 2, 1),
	(10, '57033009769', NULL, './images/avatar.png', NULL, 11, '', '', 'Carretera  a Mayari Km 5 1/2 San  Rafael ', '000001', '070372', '3790960750332063', '1957-03-30', 1, 0, 1, 20, '2013-05-19', '2015-08-31', 64, 3, 1),
	(11, '67091624343', NULL, './images/avatar.png', NULL, 12, '', '', 'Calle 23 Esquina 2da ', NULL, NULL, '6342340766196023', '1967-09-16', 1, 0, 1, 20, '2015-02-04', '2020-12-08', 30, 2, 1),
	(15, '85011821620', NULL, './images/avatar.png', NULL, 16, '', '', 'Calle 27 ', NULL, '0202937', '5612020588116023', '1985-01-18', 1, 0, 1, 20, '2013-12-26', NULL, 43, 3, 1),
	(16, '66031026382', NULL, './images/avatar.png', NULL, 17, '', '', 'calle 33', NULL, NULL, '3362280660136023', '1966-03-10', 1, 0, 1, 20, '2015-11-15', NULL, 30, 2, 1),
	(17, '65091610875', NULL, './images/avatar.png', NULL, 18, '', '', 'MArtires Esquina Angel Guerra', NULL, NULL, NULL, '1965-09-16', 0, 0, 0, 20, '2015-03-09', '2016-12-01', 45, NULL, 2),
	(20, '82062726038', NULL, './images/avatar.png', NULL, 21, '', '', 'Calle 9 ', NULL, NULL, '2062830287266023', '1982-06-27', 1, 0, 1, 20, '2015-11-20', '2018-02-10', 43, 4, 2),
	(21, '73070611549', NULL, './images/avatar.png', NULL, 22, '', '', 'Calle Prolangacion Adel Calderon % 5 y 25', NULL, NULL, '6511940376076023', '1973-07-06', 1, 0, 1, 20, '2015-05-01', '2019-04-25', 18, 2, 1),
	(22, '71071113570', NULL, './images/avatar.png', NULL, 23, '', '', 'Prolongacion  Adel Calderon', NULL, '0707824', '8531070171176023', '1971-07-11', 1, 0, 1, 20, '2013-10-21', '2019-04-25', 18, 1, 2),
	(23, '83082119373', NULL, './images/avatar.png', NULL, 24, '', '', 'Edificio ', NULL, '0724127', '5391370381286023', '1983-08-21', 1, 0, 1, 20, '2015-04-04', '2016-08-29', 21, 4, 2),
	(26, '65031209703', NULL, './images/avatar.png', NULL, 27, '', '', 'Playa Giron  %  B  y C  Comunidad Militar Sur', NULL, '0718209', '7790300562136023', '1965-03-12', 1, 0, 1, 20, '2014-08-30', '2017-08-10', 30, 1, 1),
	(27, '63010814472', NULL, './images/avatar.png', NULL, 28, '', '', 'Calle 36 %  Aguilera y Almaguer', NULL, '0712046', '4441270368016023', '1963-01-08', 1, 0, 1, 20, '2014-01-24', NULL, 28, 1, 2),
	(28, '54080507258', NULL, './images/avatar.png', NULL, 29, '', '', 'Calle 36 % Aguilera  y  R Almaguer', NULL, '0708189', '1270850455086023', '1954-08-05', 1, 0, 1, 20, '2014-11-26', '2018-11-27', 28, 1, 2),
	(29, '65011624349', NULL, './images/avatar.png', NULL, 30, '', '', 'Rafael Peralta Esq  Sierra Maestra', NULL, '0705058', '6342940566116023', '1965-01-16', 1, 0, 1, 20, '2013-07-14', '2019-04-25', 28, 1, 1),
	(30, '80081821564', NULL, './images/avatar.png', NULL, 31, '', '', 'Rafael Peralta', NULL, '0705866', '5512460088186023', '1980-08-18', 1, 0, 1, 20, '2013-08-25', '2019-04-25', 28, 3, 1),
	(33, '73062011688', NULL, './images/avatar.png', NULL, 34, '', '', 'Calle 25 No 14', NULL, '0205147', '911880370266023', '1973-06-20', 1, 0, 1, 20, '2015-01-04', '2019-04-25', 19, 3, 1),
	(35, '64021809918', NULL, './images/avatar.png', NULL, 36, '', '', 'Calle 27 e/4ta y 6ta. Ramon Quintana', NULL, NULL, '4990810468126023', '1964-02-18', 1, 0, 1, 20, '2015-04-05', '2019-08-04', 30, 1, 2),
	(37, '68072414013', NULL, './images/avatar.png', NULL, 38, '', '', 'Calle  42  Esquina Aguilera ', NULL, NULL, '3041310864276023', '1968-07-24', 1, 0, 1, 20, '2015-05-26', NULL, 28, 1, 2),
	(39, '70040424020', NULL, './images/avatar.png', NULL, 40, '', '', 'Juan Cruz  Esquina 11 ', NULL, '19/11/2014', '4042020074046023', '1970-04-04', 1, 0, 1, 20, '2015-11-19', NULL, 28, 3, 1),
	(40, '69061009163', NULL, './images/avatar.png', NULL, 41, '', '', 'Pendiente', NULL, '18/03/2011', '0190360960166023', '1969-06-10', 1, 0, 1, 20, '2015-11-20', '2018-12-22', NULL, 3, 1),
	(41, '57121721411', NULL, './images/avatar.png', NULL, 42, '', '', 'Pendiente', NULL, '0200934', '6412111757126023', '1957-12-17', 1, 0, 1, 20, '2015-11-20', '2019-08-04', NULL, 1, 2),
	(42, '90041341166', NULL, './images/avatar.png', NULL, 43, '', '', 'Pendiente', NULL, NULL, '4114660093146023', '1990-04-13', 1, 0, 1, 20, '2015-11-22', '2016-12-01', NULL, 3, 1),
	(43, '65091428927', NULL, './images/avatar.png', NULL, 44, '', '', 'Pueblo Nuevo', NULL, NULL, '8982720564196023', '1965-09-14', 1, 0, 1, 20, '2015-11-20', '2018-02-10', 18, 3, 1),
	(44, '69031323781', NULL, './images/avatar.png', NULL, 45, '', '', 'Pendiente', NULL, '0721626', '2732180963136023', '1969-03-13', 1, 0, 1, 20, '2015-01-04', '2017-08-10', NULL, 1, 1),
	(45, '72031509502', NULL, './images/avatar.png', NULL, 46, '', '', 'Pendiente', NULL, '23/08/2013', '1590200275136023', '1972-03-15', 1, 0, 1, 20, '2015-11-23', '2016-12-01', NULL, 3, 1),
	(46, '62090910364', NULL, './images/avatar.png', NULL, 47, '', '', 'Calle D Comunidad Sur', NULL, NULL, '5301460269096023', '1962-09-09', 1, 0, 1, 20, '2015-11-20', '2018-01-28', 30, 1, 1),
	(47, '56092605662', NULL, './images/avatar.png', NULL, 48, '', '', 'Calle 27 e/ 6ta y 8va', NULL, '06/06/2011', '8650260656296023', '1956-09-26', 1, 0, 1, 20, '2015-11-22', '2019-04-25', 30, 3, 1),
	(48, '89090237391', NULL, './images/avatar.png', NULL, 49, '', '', 'calle 25 %  Manuel Angulo  y Adel Calderon ', NULL, NULL, '1373190982096023', '1989-09-02', 1, 0, 1, 20, '2015-03-20', '2016-12-01', 19, 4, 2),
	(49, '70092308238', NULL, './images/avatar.png', NULL, 50, '', '', 'Pendiente', NULL, '08/01/2014', '7280830073296023', '1970-09-23', 1, 0, 1, 20, '2015-11-22', '2016-12-05', 30, 1, 2),
	(50, '51022821497', NULL, './images/avatar.png', NULL, 51, '', '', 'Carretera a  Mayari Km 5 1/2', NULL, '0713858', '3412790158226023', '1951-02-28', 1, 0, 1, 20, '2015-11-16', '2018-11-27', 64, 3, 2),
	(51, '68122024063', NULL, './images/avatar.png', NULL, 52, '', '', 'Carretera  a  Mayari Km 5 1/2', NULL, '0703713', '0042361860226023', '1968-12-20', 1, 0, 1, 20, '2013-06-05', '2017-03-27', 64, 4, 1),
	(52, '43031706485', NULL, './images/avatar.png', NULL, 53, '', '', 'Calle 12 e/ Juan Cruz y Enrique Rodriguez', NULL, '06/02/2004', '2460580247136023', '1943-03-17', 1, 0, 1, 20, '2015-11-20', '2019-08-04', 28, 3, 1),
	(53, '59051710031', NULL, './images/avatar.png', NULL, 54, '', '', 'Calle Reynerio Almaguer e/ Manuel Angulo y Ruben Bravo', NULL, '11/07/2013', '3001130957156023', '1959-05-17', 1, 0, 1, 20, '2015-11-18', '2018-11-27', 28, 4, 2),
	(54, '77122020042', NULL, './images/avatar.png', NULL, 55, '', '', 'Calle 25 Esquina 4ta . Ramon Quintana', NULL, '11/02/2013', '7002241770226023', '1977-12-20', 1, 0, 1, 20, '2015-11-20', '2019-04-25', 30, 3, 1),
	(55, '72082313564', NULL, './images/avatar.png', NULL, 56, '', '', 'Pendiente', NULL, '04/08/2014', '9531460273286023', '1972-08-23', 1, 0, 1, 20, '2015-11-21', '2017-08-10', NULL, 4, 1),
	(56, '59101013113', NULL, './images/avatar.png', NULL, 57, '', '', 'Pendiente', NULL, '07/10/2013', '613131950106023', '1959-10-10', 1, 0, 1, 20, '2015-11-20', '2020-12-08', NULL, 1, 2),
	(57, '77091119998', NULL, './images/avatar.png', NULL, 58, '', '', 'Pendiente', NULL, '0712078', '4991860771196023', '1977-09-11', 1, 0, 1, 20, '2014-01-28', '2016-12-01', NULL, 1, 2),
	(59, '78080929363', NULL, './images/avatar.png', NULL, 60, '', '', 'pendiente', NULL, '0717629', '2392360879086023', '1978-08-09', 1, 0, 1, 20, '2014-08-01', '2018-11-27', NULL, 1, 1),
	(60, '72022022640', NULL, './images/avatar.png', NULL, 61, '', '', 'Pendiente', NULL, '0705253', '0622040270226023', '1972-02-20', 1, 0, 1, 20, '2013-07-20', NULL, NULL, 3, 1),
	(62, '39031906771', NULL, './images/avatar.png', NULL, 63, '', '', 'Calle 25 No/ 27 % Adel Calderon y  Cristino Naranjo', NULL, NULL, '8760170939136023', '1939-03-19', 1, 0, 1, 20, '2015-11-18', '2019-04-25', 19, 1, 2),
	(64, '63121010147', NULL, './images/avatar.png', NULL, 65, '24454139', '', '25  nO. 23  Reparto 26  de  Julio', NULL, '0716940', '0101741360126023', '1963-12-10', 1, 0, 0, 20, '2014-06-28', '2017-12-04', 18, 6, 1),
	(65, '88111426020', NULL, './images/avatar.png', NULL, 66, '', '', 'Calle 27 e/Manuel Angulo y 11', NULL, '0705321', '3062021884116023', '1988-11-14', 1, 0, 1, 20, '2013-07-28', NULL, 19, 3, 1),
	(66, '71092012721', NULL, './images/avatar.png', NULL, 67, '', '', 'Calle 17  % Comandante Fajardo y  2da', NULL, '0006352', '1721120170296023', '1971-09-20', 1, 0, 1, 20, '2002-08-04', '2019-04-25', 30, 1, 1),
	(68, '66061014860', NULL, './images/avatar.png', NULL, 69, '', '', 'p', NULL, NULL, '1841060660166023', '1966-06-10', 1, 0, 1, 20, '2015-03-29', '2020-12-08', NULL, 1, 1),
	(69, '50111407525', NULL, './images/avatar.png', NULL, 70, '', '', 'p', NULL, NULL, '2570521054116023', '1950-11-14', 1, 0, 1, 20, '2015-11-21', '2019-10-23', NULL, 4, 1),
	(71, '76082016168', NULL, './images/avatar.png', NULL, 72, '', '', 'Cristino Naranjo % Manuel Angulo y Rio', NULL, NULL, '1161860670286023', '1976-08-20', 1, 0, 1, 20, '2015-04-07', NULL, 19, 4, 1),
	(72, '56111507125', NULL, './images/avatar.png', NULL, 73, '', '', 'p', NULL, NULL, '7170521655116023', '1956-11-15', 1, 0, 1, 20, '2015-04-07', NULL, NULL, 2, 1),
	(73, '49050602766', NULL, './images/avatar.png', NULL, 74, '', '', 'Calle Enrique Rodriguez #4 e/Carretera central y 13', NULL, NULL, '4720660946056023', '1949-05-06', 1, 0, 1, 20, '2015-11-20', '2017-08-10', 28, 1, 1),
	(74, '87022525845', NULL, './images/avatar.png', NULL, 75, '', '', 'Calle 15 , La embajada', NULL, '0720774', '9852540785226023', '1987-02-25', 1, 0, 1, 20, '2015-11-19', '2019-04-25', 18, 1, 1),
	(75, NULL, NULL, NULL, '{"entity":{"id":"*","name":""}}', 1, NULL, NULL, NULL, NULL, NULL, NULL, NULL, 0, 0, 0, 20, NULL, '2016-12-01', NULL, NULL, NULL),
	(79, '77120120040', NULL, './images/avatar.png', NULL, 79, '', '', 'p', NULL, NULL, '4002041771026023', '1977-12-01', 1, 0, 1, 20, '2015-02-02', '2016-12-03', NULL, 1, 1),
	(83, '94020242743', NULL, './images/avatar.png', NULL, 83, '', '', 'Calle 10 #12 e/ 7 y 9, Reparto Peralta', NULL, '0717681', '6724340492026023', '1994-02-02', 1, 0, 1, 20, '2015-10-28', '2019-08-04', 51, NULL, 1),
	(84, '83120819514', NULL, './images/avatar.png', NULL, 84, '', '53784285', 'Calle 36 % Aguilera  y  Reynerio Almaguer', NULL, NULL, '3187909990196023', '1983-12-08', 1, 0, 1, 20, '2015-11-21', '2019-08-04', 28, 1, 2),
	(85, '79031512702', NULL, './images/avatar.png', NULL, 85, '', '', 'Carretera Central Esquina Eduardo Perez', NULL, NULL, '0721200975136023', '1979-03-15', 1, 0, 1, 20, '2015-11-20', '2018-11-27', 28, 1, 1),
	(86, '84100328360', NULL, './images/avatar.png', NULL, 86, '', '', 'Alcides Pino', NULL, '0712494', '3382061483006023', '1984-10-03', 1, 0, 1, 20, '2014-02-03', '2017-03-27', 8, 1, 1),
	(88, '83101519559', NULL, './images/avatar.png', NULL, 88, '', '', 'Alcides Pino', NULL, NULL, '9591951385106023', '1983-10-15', 1, 0, 1, 20, '2015-11-19', '2017-03-27', 28, 1, 2),
	(89, '70021508572', NULL, './images/avatar.png', NULL, 89, '', '', 'Calle 10 #12 e/7 y 9 Reparto Peralta', NULL, '0717881', '4580270075126023', '1970-02-15', 1, 0, 1, 20, '2014-08-03', '2019-08-04', 51, 3, 2),
	(90, '65010907833', NULL, './images/avatar.png', NULL, 90, '', '', 'p', NULL, '0706340', '9870330569016023', '1965-01-09', 0, 1, 1, 20, '2013-09-12', '2017-03-27', NULL, 3, 2),
	(91, '68040709068', NULL, './images/avatar.png', NULL, 91, '', '', 'Cristino Naranjo No 19 alto %  R Peralta y 13', NULL, NULL, '0090860867046023', '1968-04-07', 1, 0, 1, 20, '2015-07-05', NULL, 28, 2, 1),
	(92, '92070343240', NULL, './images/avatar.png', NULL, 92, '', '', 'p', NULL, NULL, '1234040293076023', '1992-07-03', 1, 0, 1, 20, '2015-07-01', '2016-12-01', NULL, 1, 1),
	(94, '70093023069', NULL, './images/avatar.png', NULL, 94, '', '', 'p', NULL, '0707247', '6032960070396023', '1970-09-30', 0, 1, 1, 20, '2013-10-02', '2017-03-27', NULL, NULL, 1),
	(95, '45062907401', NULL, './images/avatar.png', NULL, 95, '', '', 'p', NULL, '0707705', '3470100549266023', '1945-06-29', 0, 1, 1, 20, '2013-10-18', '2017-03-27', NULL, 1, 1),
	(96, '63092420607', NULL, './images/avatar.png', NULL, 96, '', '', 'p', NULL, '0706881', '4602700364296023', '1963-09-24', 0, 1, 1, 20, '2013-09-28', '2017-03-27', NULL, NULL, 1),
	(97, '74092110209', NULL, './images/avatar.png', NULL, 97, '', '', 'p', NULL, '0706885', '5201900471296023', '1974-09-21', 0, 1, 1, 20, '2013-09-29', '2017-03-27', NULL, NULL, 1),
	(99, '73030407104', NULL, './images/avatar.png', NULL, 99, '', '', 'p', NULL, '0707711', '5170400374036023', '1973-03-04', 0, 1, 0, 20, '2013-10-18', '2017-03-27', NULL, NULL, 1),
	(100, '67121814709', NULL, './images/avatar.png', NULL, 100, '', '', 'p', NULL, '0707830', '2741901768126023', '1967-12-18', 0, 1, 1, 20, '2013-10-22', '2017-03-27', NULL, NULL, 1),
	(101, '82102324429', NULL, './images/avatar.png', NULL, 101, '', '', 'Camino Guajabales, Barrio San Miguel ', NULL, '0201849', '7442921283206023', '1982-10-23', 1, 0, 1, 20, '2011-05-14', NULL, 92, 1, 1),
	(102, '83061519398', NULL, './images/avatar.png', NULL, 102, '', '', 'Camino Guajabales, Barrio San Miguel ', NULL, '0722916', '3391890385166023', '1983-06-15', 1, 0, 1, 20, '2015-02-15', '2018-01-28', 92, 2, 2),
	(103, '81100619112', NULL, './images/avatar.png', NULL, 103, '', '', 'Camino Guajabales, Barrio San Miguel ', NULL, '0716855', '0191211186006023', '1981-10-06', 1, 0, 1, 20, '2014-06-27', '2019-04-25', 92, 1, 2),
	(104, '73011708680', NULL, './images/avatar.png', NULL, 104, '', '', 'Camino Guajabales, Barrio San Miguel ', NULL, NULL, '1680080377116023', '1973-01-17', 1, 0, 1, 20, '2015-11-19', '2018-12-22', 92, 1, 1),
	(105, '61041809101', NULL, './images/avatar.png', NULL, 105, '', '', 'Camino Guajabales, Barrio San Miguel ', NULL, '00008893', '6190100168146023', '1961-04-18', 1, 0, 1, 20, '2010-12-29', '2019-04-25', 92, 1, 1),
	(106, '81122519168', NULL, './images/avatar.png', NULL, 106, '', '', 'Camino Guajabales, Barrio San Miguel ', NULL, '0207577', '4191861185226023', '1981-12-25', 1, 0, 1, 20, '2012-01-17', '2019-04-25', 92, 1, 1),
	(107, '80072500208', NULL, './images/avatar.png', NULL, 107, '', '', 'p', NULL, '0724439', '8200800085276023', '1980-07-25', 1, 0, 1, 20, '2015-04-06', '2016-12-05', NULL, 1, 1),
	(108, '87071125888', NULL, './images/avatar.png', NULL, 108, '', '', 'Camino Guajabales, Barrio San Miguel ', NULL, '0705776', '6852880781176023', '1987-07-11', 1, 0, 1, 20, '2013-08-17', '2019-04-25', 92, 1, 1),
	(109, '84071221768', NULL, './images/avatar.png', NULL, 109, '', '', 'Camino Guajabales, Barrio San Miguel p', NULL, NULL, '8712860482176023', '1984-07-12', 1, 0, 1, 20, '2015-11-20', '2019-04-25', 92, 1, 1),
	(110, '69070524023', NULL, './images/avatar.png', NULL, 110, '', '', 'Camino Guajabales, Barrio San Miguel ', NULL, '0718049', '3042320965076023', '1969-07-05', 1, 0, 1, 20, '2014-08-16', '2018-12-22', 92, 1, 1),
	(111, '65111412882', NULL, './images/avatar.png', NULL, 111, '', '', 'Camino Guajabales, Barrio San Miguel ', NULL, '0693448', '5821281564116023', '1965-11-14', 1, 0, 1, 20, NULL, '2019-04-25', 92, 1, 1),
	(112, '90121341286', NULL, './images/avatar.png', NULL, 112, '', '', 'Camino Guajabales, Barrio San Miguel ', NULL, '0693450', '4214681093126023', '1990-12-13', 1, 0, 1, 20, '2012-02-16', '2019-04-25', 92, 4, 1),
	(113, '62111204177', NULL, './images/avatar.png', NULL, 113, '', '', 'Camino Guajabales, Barrio San Miguel', NULL, NULL, '4140771262116023', '1962-11-12', 1, 0, 1, 20, '2015-11-19', NULL, 44, 1, 2),
	(114, '69110425921', NULL, './images/avatar.png', NULL, 114, '', '', 'Guajabales', NULL, NULL, NULL, '1969-11-04', 0, 0, 1, 20, '2015-12-26', '2017-03-27', 44, NULL, 2),
	(116, '71121311674', NULL, './images/avatar.png', NULL, 116, '', '', 'Frente al Pediatrico, Reparto Peralta', NULL, '0727519', '9611471173126023', '1971-12-13', 1, 0, 1, 20, '2015-08-30', '2018-11-27', 51, 2, 2),
	(117, '85042323702', NULL, './images/avatar.png', NULL, 117, '', '', 'Frente al Pediatrico, Reparto Peralta', NULL, '0207915', '9732200583246023', '1985-04-23', 1, 0, 1, 20, '2012-02-01', '2018-11-27', 51, 3, 1),
	(119, '65081109131', NULL, './images/avatar.png', NULL, 119, '', '', 'Frente al Pediatrico, Reparto Peralta', NULL, NULL, '2190130561186023', '1965-08-11', 1, 0, 1, 20, '2015-12-13', '2018-11-27', 51, 1, 2),
	(123, '90011541469', NULL, './images/avatar.png', NULL, 123, '', '', 'p', NULL, NULL, '1414960095116023', '1990-01-15', 1, 0, 1, 20, '2015-12-15', '2017-12-04', NULL, NULL, 1),
	(125, '60080411857', NULL, './images/avatar.png', NULL, 125, '', '', 'p', NULL, NULL, '3811750064086023', '1960-08-04', 1, 0, 1, 20, '2015-12-15', '2016-12-05', NULL, 1, 2),
	(126, '89120137548', NULL, './images/avatar.png', NULL, 126, '', '', 'Carretera del valle, Frente al correo ', NULL, NULL, '0573841981026023', '1989-12-01', 1, 0, 1, 20, '2015-12-13', '2019-01-18', 21, NULL, 1),
	(127, '69012808714', NULL, './images/avatar.png', NULL, 127, '', '', 'Carretera del Valle, Frente al correo', NULL, NULL, '5780410968216023', '1969-01-28', 1, 0, 1, 20, '2015-12-11', '2019-01-14', 21, 4, 2),
	(128, '57033009767', NULL, './images/avatar.png', NULL, 128, '', '', ' Carretera a Mayari Km 5 1/2  San Rafael', NULL, '0703372', '3790960750336023', '1957-03-30', 1, 0, 1, 20, '2014-12-28', '2017-12-04', 64, 6, 1),
	(129, '70012208482', NULL, './images/avatar.png', NULL, 129, '', '', 'Calle Cuba e/ Mendieta y Union', NULL, '0203689', '7480280072216023', '1970-01-22', 1, 0, 1, 20, '2011-08-09', NULL, NULL, 2, 1),
	(130, '83090819424', NULL, './images/avatar.png', NULL, 130, '', '', 'Calle Cuba e/ Mendiera y Union', NULL, NULL, '2491420388096023', '1983-09-08', 1, 0, 1, 20, '2015-12-13', NULL, NULL, 2, 1),
	(131, '75092516234', NULL, './images/avatar.png', NULL, 131, '', '', 'Calle Cuba e/ mendieta y Union', NULL, NULL, '1261430575296023', '1975-09-25', 1, 0, 1, 20, '2015-12-15', '2020-12-08', NULL, 4, 2),
	(132, '71111523106', NULL, './images/avatar.png', NULL, 132, '', '', 'p', NULL, NULL, '6132601175116023', '1971-11-15', 1, 0, 1, 20, '2015-12-15', '2018-12-09', NULL, 1, 1),
	(133, '63092625728', NULL, './images/avatar.png', NULL, 133, '', '', 'p', NULL, NULL, '9752820366296023', '1963-09-26', 1, 0, 1, 20, '2015-12-15', '2019-08-04', NULL, 1, 1),
	(134, '64041423407', NULL, './images/avatar.png', NULL, 134, '', '', 'p', NULL, NULL, '7432700464146023', '1964-04-14', 1, 0, 1, 20, '2015-12-18', '2016-12-05', NULL, 1, 1),
	(135, '73091921682', NULL, './images/avatar.png', NULL, 135, '', '', 'p', NULL, NULL, '0612280379196023', '1973-09-19', 1, 0, 1, 20, NULL, '2016-12-01', NULL, NULL, 1),
	(136, '86030221626', NULL, './images/avatar.png', NULL, 136, '', '', 'p', NULL, NULL, '0612620682036023', '1986-03-02', 1, 0, 1, 20, '2015-11-05', '2017-03-27', NULL, 4, 1),
	(137, '42031706485', NULL, './images/avatar.png', NULL, 137, '', '', 'p', NULL, '0700401', '2460580247136023', '1942-03-17', 1, 0, 1, 20, '2004-02-06', '2016-12-05', NULL, 3, 1),
	(138, '72082413306', NULL, './images/avatar.png', NULL, 138, '', '', 'p', NULL, '0202130', '6331600274286023', '1972-08-24', 1, 0, 1, 20, '2011-08-03', NULL, NULL, 1, 1),
	(139, '72040108664', NULL, './images/avatar.png', NULL, 139, '', '', 'Camino Guajabales, Barrio San Miguel ', NULL, '0206113', '5680460271046023', '1972-04-01', 1, 0, 1, 20, NULL, '2018-12-22', 92, 1, 1),
	(140, '60072108181', NULL, './images/avatar.png', NULL, 140, '', '', 'p', NULL, NULL, '2180180061276023', '1960-07-21', 1, 0, 1, 20, '2015-08-12', '2019-04-25', NULL, 1, 1),
	(142, '93110919706', NULL, './images/avatar.png', NULL, 143, '', '', 'p', NULL, NULL, '9791601399016023', '1993-11-09', 1, 0, 1, 20, '2015-05-07', '2016-12-05', NULL, 1, 1),
	(143, '77082819882', NULL, './images/avatar.png', NULL, 144, '', '', 'Camino Guajabales, Barrio San Miguel ', NULL, NULL, '9891280778286023', '1977-08-28', 1, 0, 1, 20, '2015-05-05', '2018-12-22', 92, 1, 1),
	(144, '89031837508', NULL, './images/avatar.png', NULL, 145, '', '', 'p', NULL, NULL, '0573800988136023', '1989-03-18', 1, 0, 1, 20, '2015-10-22', '2016-12-05', NULL, 1, 1),
	(145, '87042025784', NULL, './images/avatar.png', NULL, 146, '', '', 'Camino Guajabales, Barrio San Miguel ', NULL, '0697538', '4752480780246023', '1987-04-20', 1, 0, 1, 20, '2012-09-30', '2019-04-25', 92, 1, 1),
	(149, '71021022428', NULL, './images/avatar.png', NULL, 150, '', '', 'Camino Guajabales, Barrio San Miguel ', NULL, '0722657', '1422820170126023', '1971-02-10', 1, 0, 1, 20, '2015-02-07', '2019-08-04', 92, 4, 1),
	(150, '90110641380', NULL, './images/avatar.png', NULL, 151, '', '', 'p', NULL, NULL, '4314081096016023', '1990-11-06', 1, 0, 1, 20, '2015-04-21', NULL, NULL, 1, 1),
	(151, '89033037405', NULL, './images/avatar.png', NULL, 152, '', '', 'Camino Guajabales, Barrio San Miguel ', NULL, NULL, '6473500980336023', '1989-03-30', 1, 0, 1, 20, '2015-11-21', '2019-08-04', 92, 3, 1),
	(152, '55030910222', NULL, './images/avatar.png', NULL, 153, '', '', 'p', NULL, '0200701', '6201220559036023', '1955-03-09', 1, 0, 1, 20, '2011-04-12', NULL, NULL, 4, 1),
	(153, '64070323804', NULL, './images/avatar.png', NULL, 154, '', '', 'p', NULL, '0207538', '5832400463076023', '1964-07-03', 1, 0, 1, 20, '2012-01-17', '2016-12-05', NULL, 1, 1),
	(154, '87100325856', NULL, './images/avatar.png', NULL, 155, '', '', 'p', NULL, NULL, '0852651783006023', '1987-10-03', 1, 0, 1, 20, '2015-11-21', NULL, NULL, 2, 2),
	(155, '82101026141', NULL, './images/avatar.png', NULL, 156, '', '', 'Camino Guajabales, Barrio San Miguel ', NULL, NULL, '2162141280106023', '1982-10-10', 1, 0, 1, 20, '2015-11-21', '2019-04-25', 92, 3, 1),
	(156, '79052819127', NULL, './images/avatar.png', NULL, 157, '52274738', '54801471', 'Barrio San Miguel', NULL, NULL, '8191720978256023', '1979-05-28', 1, 0, 1, 20, '2015-11-20', '2018-01-28', 44, 1, 1),
	(157, '59062704742', NULL, './images/avatar.png', NULL, 158, '', '', 'Calle 10 de Octubre, el Guarro', NULL, NULL, '6740240957266023', '1959-06-27', 1, 0, 1, 20, '2015-12-01', '2017-12-04', 23, 3, 1),
	(159, '70032523064', NULL, './images/avatar.png', NULL, 160, '', '', 'Callejon Polvorin e/ Comandante Fajardo y Loma', NULL, NULL, '9032460075236023', '1970-03-25', 1, 0, 1, 20, '2016-01-10', NULL, 30, 3, 1),
	(161, '31032606877', NULL, './images/avatar.png', NULL, 162, '', '', 'Ave. Capitan urbino #19 %Pepe torrez y M,Gomez', NULL, NULL, '5860770136236023', '1931-03-26', 1, 0, 1, 20, '2016-01-14', '2016-12-01', NULL, 1, 2),
	(163, '72032324191', NULL, './images/avatar.png', NULL, 164, '', '', 'Calle :8 Edif. 31 Apto:#4 %3 y 5 Pedro D. Coello', NULL, '0730431', '5142190273236023', '1972-03-23', 1, 0, 1, 20, '2016-01-05', NULL, NULL, 2, 2),
	(164, '97111518305', NULL, './images/avatar.png', NULL, 165, '', '', 'maximo gomez #191', NULL, '0730410', '6381501795116023', '1997-11-15', 1, 0, 1, 20, '2016-01-06', '2017-03-27', 49, 3, 1),
	(165, '63010609851', NULL, './images/avatar.png', NULL, 166, '', '', 'Alex Urquiola', NULL, NULL, '8890150366016023', '1963-01-06', 1, 0, 1, 20, '2016-01-18', '2019-04-25', NULL, 4, 2),
	(166, '74112414399', NULL, './images/avatar.png', NULL, 167, '', '', 'p', NULL, NULL, '9341991474216023', '1974-11-24', 1, 0, 1, 20, '2015-12-01', '2016-12-01', NULL, 1, 2),
	(168, '33051506440', NULL, './images/avatar.png', NULL, 169, '', '', 'Calle Manuel angulo #10 e/ R Almaguer y Aguilera ', NULL, NULL, '3460040335156023', '1933-05-15', 1, 0, 1, 20, '2016-01-17', '2019-08-04', 28, 4, 1),
	(171, '60030223555', NULL, './images/avatar.png', NULL, 172, '', '', 'p', NULL, NULL, '5532550062036023', '1960-03-02', 1, 0, 1, 20, '2015-12-20', '2019-08-04', NULL, 4, 2),
	(175, '60121611271', NULL, './images/avatar.png', NULL, 176, '', '', 'p', NULL, NULL, '1211171066126023', '1960-12-16', 1, 0, 1, 20, '2015-12-22', '2016-12-05', NULL, 1, 2),
	(178, '88111126222', NULL, './images/avatar.png', NULL, 179, '', '', 'p', NULL, NULL, '2262221881116023', '1988-11-11', 1, 0, 1, 20, '2016-03-03', '2016-12-05', NULL, 1, 1),
	(179, '88110826308', NULL, './images/avatar.png', NULL, 180, '', '', 'p', NULL, NULL, '7362801888016023', '1988-11-08', 1, 0, 1, 20, '2016-03-03', '2016-12-05', NULL, 1, 1),
	(182, '74111714518', NULL, './images/avatar.png', NULL, 183, '', '', 'Calle 7 #17 Alto,e/2 y 12 Reparto Libertad', NULL, NULL, '2541811477116023', '1974-11-17', 1, 0, 1, 20, '2016-12-08', NULL, 42, NULL, 2),
	(183, '55013107044', NULL, './images/avatar.png', NULL, 184, '', '', 'p', NULL, NULL, '2070440551316023', '1955-01-31', 1, 0, 1, 20, '2016-03-03', '2016-12-05', NULL, 1, 1),
	(184, '58062306919', NULL, './images/avatar.png', NULL, 185, '', '', 'Calle 13 #2 e/2da y Avenida Capitan Urbino', NULL, NULL, '2960910853266023', '1958-06-23', 1, 0, 1, 20, '2016-03-01', '2020-12-08', NULL, 1, 2),
	(185, '58091007665', NULL, './images/avatar.png', NULL, 186, '', '', 'Avenida Capitan Urbino #185 e/9 y 11', NULL, NULL, '2670560850196023', '1958-09-10', 1, 0, 1, 20, '2016-03-01', NULL, NULL, 3, 1),
	(186, '62120621190', NULL, './images/avatar.png', NULL, 187, '', '', 'Avenida Capitan Urbino #280', NULL, NULL, '0112091266026023', '1962-12-06', 1, 0, 1, 20, '2016-03-01', '2020-12-08', NULL, 1, 2),
	(187, '58071307079', NULL, './images/avatar.png', NULL, 188, '', '', 'Avenida Caapitan Urbino # 288 e/11 y 13', NULL, NULL, '8070970853176023', '1958-07-13', 1, 0, 1, 20, '2016-03-01', '2020-12-08', NULL, NULL, 2),
	(188, '64041209308', NULL, './images/avatar.png', NULL, 189, '', '', 'p', NULL, NULL, '9390800462146023', '1964-04-12', 1, 0, 1, 20, '2016-03-02', '2020-12-08', NULL, 3, 1),
	(189, '81051419124', NULL, './images/avatar.png', NULL, 190, '', '', 'Comedor 14', NULL, NULL, '2191420184156023', '1981-05-14', 1, 0, 1, 20, '2016-03-01', '2020-12-08', NULL, 3, 1),
	(190, '52011007762', NULL, './images/avatar.png', NULL, 191, '', '', 'Calle 11 #37 e/30 y 32', NULL, NULL, '2770260250116023', '1952-01-10', 1, 0, 1, 20, '2016-03-01', '2020-12-08', 43, NULL, 1),
	(191, '67081207644', NULL, './images/avatar.png', NULL, 192, '', '', 'Calle 30 e/ 1 y 11', NULL, NULL, '0670440762186023', '1967-08-12', 1, 0, 1, 20, '2016-03-02', '2020-12-08', 43, NULL, 1),
	(192, '68051913905', NULL, './images/avatar.png', NULL, 193, '', '', 'Calle 11 #39 Alto e/ 30y 32', NULL, NULL, '6931500869156023', '1968-05-19', 1, 0, 1, 20, '2016-03-01', NULL, 43, NULL, 1),
	(193, '77111120083', NULL, './images/avatar.png', NULL, 194, '', '', 'Calle 11 Fondo', NULL, NULL, '1002381771116023', '1977-11-11', 1, 0, 1, 20, '2016-03-02', '2020-12-08', NULL, NULL, 1),
	(194, '85112521703', NULL, './images/avatar.png', NULL, 195, '', '', 'Calle 13 #74 Alto e/ 30y 32', NULL, NULL, '4712301585216023', '1985-11-25', 1, 0, 1, 20, '2016-03-01', '2019-01-14', NULL, NULL, 1),
	(195, '30121505921', NULL, './images/avatar.png', NULL, 196, '', '', 'p', NULL, NULL, '2950121035126023', '1930-12-15', 1, 0, 1, 20, '2016-03-02', '2020-12-08', 64, 1, 1),
	(197, '47081702884', NULL, './images/avatar.png', NULL, 198, '', '', 'El Guarro', NULL, NULL, '6820480747186023', '1947-08-17', 1, 0, 1, 20, '2016-02-27', NULL, 23, 3, 1),
	(198, '71100923864', NULL, './images/avatar.png', NULL, 199, '', '', 'El Guarro', NULL, NULL, '7832461179006023', '1971-10-09', 1, 0, 1, 20, '2016-02-26', NULL, 23, 3, 1),
	(199, '60042208820', NULL, './images/avatar.png', NULL, 200, '', '', 'El guarro', NULL, NULL, '8880020062246023', '1960-04-22', 1, 0, 1, 20, '2016-02-29', NULL, 23, NULL, 1),
	(200, '72121412704', NULL, './images/avatar.png', NULL, 201, '', '', 'El Guarro', NULL, NULL, '7721401274126023', '1972-12-14', 1, 0, 1, 20, '2016-02-28', NULL, 23, 1, 1),
	(201, '76103016124', NULL, './images/avatar.png', NULL, 202, '', '', 'El Guarro', NULL, NULL, '1161421670306023', '1976-10-30', 1, 0, 1, 20, '2016-03-01', '2018-02-10', 23, 3, 1),
	(202, '71022405328', NULL, './images/avatar.png', NULL, 203, '', '', 'El Guarro', NULL, NULL, '4350820174226023', '1971-02-24', 1, 0, 1, 20, '2016-02-27', NULL, 23, NULL, 1),
	(203, '72091223548', NULL, './images/avatar.png', NULL, 204, '', '', 'El Guarro', NULL, NULL, '6532840272196023', '1972-09-12', 1, 0, 1, 20, '2016-02-29', NULL, 23, 3, 1),
	(206, '44031505586', NULL, './images/avatar.png', NULL, 207, '', '', 'p', NULL, NULL, '9550680445136023', '1944-03-15', 1, 0, 1, 20, '2016-03-02', NULL, NULL, NULL, 1),
	(207, '65061812269', NULL, './images/avatar.png', NULL, 208, '', '', 'p', NULL, NULL, '4221960568166023', '1965-06-18', 1, 0, 1, 20, '2016-03-02', '2020-12-08', NULL, NULL, 1),
	(208, '84111921626', NULL, './images/avatar.png', NULL, 209, '', '', 'p', NULL, NULL, '3612621489116023', '1984-11-19', 1, 0, 1, 20, NULL, NULL, NULL, NULL, 1),
	(209, '45052205629', NULL, './images/avatar.png', NULL, 210, '', '', 'p', NULL, NULL, '5650920542256023', '1945-05-22', 1, 0, 1, 20, '2016-03-02', NULL, NULL, NULL, 1),
	(210, '61090208938', NULL, './images/avatar.png', NULL, 211, '', '', 'La central', NULL, NULL, '9980830162096023', '1961-09-02', 1, 0, 1, 20, '2016-03-02', NULL, NULL, NULL, 2),
	(211, '46050807327', NULL, './images/avatar.png', NULL, 212, '', '', 'La Central', NULL, NULL, '6370720648056023', '1946-05-08', 1, 0, 1, 20, '2016-03-02', NULL, NULL, NULL, 1),
	(212, '88092926167', NULL, './images/avatar.png', NULL, 213, '', '', 'La central', NULL, NULL, '8162760889296023', '1988-09-29', 1, 0, 1, 20, '2016-02-29', NULL, NULL, NULL, 1),
	(214, '89072645740', NULL, './images/avatar.png', NULL, 215, '', '', 'La central', NULL, NULL, '5754040986276023', '1989-07-26', 1, 0, 1, 20, '2016-03-02', NULL, NULL, NULL, 1),
	(215, '48060303268', NULL, './images/avatar.png', NULL, 216, '', '', 'Calle Cuba e/Mendieta y Carbo', NULL, NULL, '0230860843066023', '1948-06-03', 1, 0, 1, 20, '2016-03-02', NULL, NULL, 1, 1),
	(216, '54111307373', NULL, './images/avatar.png', NULL, 217, '', '', 'Calle Cuba e/Mendieta y Carbo', NULL, NULL, '0370371453116023', '1954-11-13', 1, 0, 1, 20, '2016-03-02', NULL, NULL, NULL, 2),
	(217, '72121902505', NULL, './images/avatar.png', NULL, 218, '', '', 'p', NULL, NULL, '7520501279126023', '1972-12-19', 1, 0, 1, 20, '2016-03-01', '2020-12-08', NULL, 4, 1),
	(218, '84121822002', NULL, './images/avatar.png', NULL, 219, '', '', 'P', NULL, NULL, '2022201488126023', '1984-12-18', 1, 0, 1, 20, '2016-03-02', '2020-12-08', NULL, 1, 1),
	(219, '53071121444', NULL, './images/avatar.png', NULL, 220, '', '', 'p', NULL, NULL, '0412440351176023', '1953-07-11', 1, 0, 1, 20, '2016-03-02', '2020-12-08', NULL, 2, 1),
	(220, '62041224083', NULL, './images/avatar.png', NULL, 221, '', '', 'P', NULL, NULL, '6204380262146023', '1962-04-12', 1, 0, 1, 20, '2016-03-02', '2020-12-08', NULL, 3, 1),
	(221, '91122343612', NULL, './images/avatar.png', NULL, 222, '', '', 'p', NULL, NULL, '8634211193226023', '1991-12-23', 1, 0, 1, 20, '2016-03-03', '2020-12-08', NULL, 4, 2),
	(223, '82030726052', NULL, './images/avatar.png', NULL, 224, '', '', 'p', NULL, NULL, '3062250287036023', '1982-03-07', 1, 0, 1, 20, '2016-03-02', '2020-12-08', NULL, 3, 2),
	(224, '59102921880', NULL, './images/avatar.png', NULL, 225, '', '', 'p', NULL, NULL, '1812081959206023', '1959-10-29', 1, 0, 1, 20, '2016-03-01', NULL, NULL, 3, 1),
	(225, '94091043079', NULL, './images/avatar.png', NULL, 226, '', '', 'p', NULL, NULL, '4034970490126023', '1994-09-10', 1, 0, 1, 20, '2016-03-03', '2020-12-08', NULL, 1, 2),
	(226, '87120925846', NULL, './images/avatar.png', NULL, 227, '', '', 'p', NULL, NULL, '7852641789026023', '1987-12-09', 1, 0, 1, 20, '2016-03-02', '2020-12-08', NULL, NULL, 1),
	(227, '87032725891', NULL, './images/avatar.png', NULL, 228, '', '', 'p', NULL, NULL, '3215059990196023', '1987-03-27', 1, 0, 1, 20, '2016-02-29', NULL, NULL, NULL, 2),
	(228, '76041416105', NULL, './images/avatar.png', NULL, 229, '', '', 'p', NULL, NULL, '1161500674146023', '1976-04-14', 1, 0, 1, 20, '2016-03-02', '2020-12-08', NULL, 1, 1),
	(229, '71040808192', NULL, './images/avatar.png', NULL, 230, '', '', 'p', NULL, NULL, '4180290178046023', '1971-04-08', 1, 0, 1, 20, '2016-03-02', '2020-12-08', NULL, 1, 2),
	(230, '75112116178', NULL, './images/avatar.png', NULL, 231, '', '', 'p', NULL, NULL, '7161871571216013', '1975-11-21', 1, 0, 1, 20, NULL, NULL, NULL, NULL, 2),
	(231, '43112519926', NULL, './images/avatar.png', NULL, 232, '', '', 'p', NULL, NULL, '9991621345216023', '1943-11-25', 1, 0, 1, 20, NULL, '2020-12-08', NULL, NULL, 1),
	(232, '86020720903', NULL, './images/avatar.png', NULL, 233, '', '', 'p', NULL, NULL, '9902300687026023', '1986-02-07', 1, 0, 1, 20, '2016-03-01', '2020-12-08', NULL, NULL, 1),
	(233, '73102911560', NULL, './images/avatar.png', NULL, 234, '', '', 'p', NULL, NULL, '2511061379206023', '1973-10-29', 1, 0, 1, 20, '2016-03-02', NULL, NULL, 3, 1),
	(234, '59032321881', NULL, './images/avatar.png', NULL, 235, '', '', 'p', NULL, NULL, '4812180953236023', '1959-03-23', 1, 0, 1, 20, '2016-03-02', NULL, NULL, NULL, 1),
	(235, '66010409949', NULL, './images/avatar.png', NULL, 236, '', '', 'p', NULL, NULL, '0990940664016023', '1966-01-04', 1, 0, 1, 20, '2016-03-02', '2020-12-08', NULL, 3, 1),
	(236, '57121310367', NULL, './images/avatar.png', NULL, 237, '', '', 'p', NULL, NULL, '7301761753126023', '1957-12-13', 1, 0, 1, 20, '2016-03-03', '2020-12-08', NULL, NULL, 1),
	(237, '80051919109', NULL, './images/avatar.png', NULL, 238, '', '', 'p', NULL, NULL, '6191900089156023', '1980-05-19', 1, 0, 1, 20, '2016-03-03', '2020-12-08', NULL, 3, 1),
	(239, '88122826063', NULL, './images/avatar.png', NULL, 240, '', '', 'p', NULL, NULL, '6062361888226023', '1988-12-28', 1, 0, 1, 20, '2016-03-01', NULL, NULL, NULL, 1),
	(240, '76071616387', NULL, './images/avatar.png', NULL, 241, '', '', 'p', NULL, NULL, '6361780676176023', '1976-07-16', 1, 0, 1, 20, '2016-03-02', '2020-12-08', NULL, 3, 1),
	(241, '82011726027', NULL, './images/avatar.png', NULL, 242, '', '', 'p', NULL, NULL, '4062720287116023', '1982-01-17', 1, 0, 1, 20, '2016-03-03', '2020-12-08', NULL, NULL, 1),
	(243, '50111007846', NULL, './images/avatar.png', NULL, 244, '', '', 'p', NULL, NULL, '6870641050116023', '1950-11-10', 1, 0, 1, 20, '2016-03-01', '2020-12-08', NULL, NULL, 1),
	(244, '60112813581', NULL, './images/avatar.png', NULL, 245, '', '', 'p', NULL, NULL, '9531181068216023', '1960-11-28', 1, 0, 1, 20, NULL, NULL, NULL, 1, 1),
	(246, '63020414703', NULL, './images/avatar.png', NULL, 247, '', '', 'p', NULL, NULL, '0741300364026023', '1963-02-04', 1, 0, 1, 20, '2016-03-01', '2019-08-05', NULL, 1, 1),
	(247, '52010807282', NULL, './images/avatar.png', NULL, 248, '', '', 'p', NULL, NULL, '6270280258016023', '1952-01-08', 1, 0, 1, 20, '2016-03-02', NULL, NULL, 3, 1),
	(250, '60112014048', NULL, './images/avatar.png', NULL, 251, '', '', 'Calle 26 de julio #4 e/ 4ta y 17 Reparto Lenin', NULL, NULL, '4041841060216023', '1960-11-20', 1, 0, 1, 20, '2016-03-01', NULL, 42, NULL, 1),
	(252, '63072409665', NULL, './images/avatar.png', NULL, 253, '', '', 'p', NULL, NULL, '9690560364276023', '1963-07-24', 1, 0, 1, 20, '2016-03-03', '2016-12-01', NULL, NULL, 1),
	(253, '55111406299', NULL, './images/avatar.png', NULL, 254, '', '', 'p', NULL, NULL, '4260991554114033', '1955-11-14', 1, 0, 1, 20, '2016-03-03', '2016-12-01', NULL, 3, 1),
	(254, '79121719109', NULL, './images/avatar.png', NULL, 255, '', '', 'p', NULL, NULL, '8191901977126023', '1979-12-17', 1, 0, 1, 20, '2016-03-01', NULL, NULL, NULL, 1),
	(257, '86031121617', NULL, './images/avatar.png', NULL, 258, '', '53555508', 'Carretera  a Gibara Km 5 1/2  Aguas Clara', NULL, '071191', '0612710681136023', '1986-03-11', 1, 0, 1, 20, '2016-11-28', '2017-08-10', 57, 1, 2),
	(260, '61090614074', NULL, './images/avatar.png', NULL, 261, '', '', 'p.', NULL, NULL, '4041470166096023', '1961-09-06', 1, 0, 1, 20, '2016-12-05', '2019-04-25', NULL, NULL, 2),
	(262, '73010821540', NULL, './images/avatar.png', NULL, 263, '', '', 'p.', NULL, NULL, NULL, '1973-01-08', 1, 0, 1, 20, '2016-12-04', '2017-03-27', NULL, NULL, 1),
	(263, '94013142827', NULL, './images/avatar.png', NULL, 264, '24491441', '', 'Calle 6 #10 % 11 y 17', NULL, NULL, '4824720491316023', '1994-01-31', 1, 0, 1, 20, '2016-12-04', '2019-08-05', 47, NULL, 1),
	(267, '57031710063', NULL, './images/avatar.png', NULL, 268, '', '', 'Calle Maximo Gomez #189 e/ Aricochea y Cables', NULL, NULL, '8001360757136023', '1957-03-17', 1, 0, 1, 20, '2016-12-02', '2019-08-05', 49, NULL, 1),
	(269, '80100619545', NULL, './images/avatar.png', NULL, 270, '24452161', '', 'Calle Angel Guerra e/ Camilo Cienfuegos y Rastro', NULL, NULL, '2591541086006023', '1980-10-06', 1, 0, 1, 20, '2016-12-02', '2018-12-22', 49, 4, 1),
	(270, '60022009076', NULL, './images/avatar.png', NULL, 271, '', '', 'p.', NULL, NULL, NULL, '1960-02-20', 1, 0, 1, 20, '2016-12-05', '2017-03-27', NULL, NULL, 2),
	(271, '72072322383', NULL, './images/avatar.png', NULL, 272, '', '', 'Calle 11 e/8va y 7ma , el Llano', NULL, NULL, NULL, '1972-07-23', 1, 0, 1, 20, '2016-12-04', '2018-12-09', 47, NULL, 1),
	(272, '88111111308', NULL, './images/avatar.png', NULL, 273, '', '', 'Calle Maximo Gomez # 189 % Aricochea y Cables', NULL, NULL, '0311801881116023', '1988-11-11', 1, 0, 1, 20, '2016-12-03', NULL, NULL, NULL, 1),
	(273, '91021744262', NULL, './images/avatar.png', NULL, 274, '', '', 'p.', NULL, NULL, '6244260197126023', '1991-02-17', 1, 0, 1, 20, '2016-12-04', '2019-08-05', NULL, NULL, 2),
	(277, '62090810970', NULL, './images/avatar.png', NULL, 278, '24425968', '', 'Calle  Maximo Gomez No. 191 % Aricochea  y  Cable', NULL, NULL, '1901070268096023', '1962-09-08', 1, 0, 1, 20, '2016-12-02', '2018-12-09', 49, 1, 2),
	(279, '71080913806', NULL, './images/avatar.png', NULL, 280, '', '', 'p.', NULL, NULL, NULL, '1971-08-09', 1, 0, 1, 20, '2016-12-05', NULL, NULL, NULL, 1),
	(282, '85020221692', NULL, './images/avatar.png', NULL, 283, '', '', 'p.', NULL, NULL, NULL, '1985-02-02', 1, 0, 1, 20, '2016-12-04', '2017-08-10', NULL, NULL, 2),
	(283, '90071041461', NULL, './images/avatar.png', NULL, 284, '', '', 'p.', NULL, NULL, '4414160090176023', '1990-07-10', 1, 0, 1, 20, '2016-12-04', '2019-08-05', NULL, NULL, 1),
	(284, '61051508367', NULL, './images/avatar.png', NULL, 285, '', '', 'Calle 25 e/4ta y 6ta. Ramon Quintana', NULL, NULL, '1380760165156023', '1961-05-15', 1, 0, 1, 20, '2016-12-03', '2019-08-04', 30, NULL, 1),
	(286, '60060708048', NULL, './images/avatar.png', NULL, 287, '', '', 'p.', NULL, NULL, '3080840067066023', '1960-06-07', 1, 0, 1, 20, '2016-12-03', NULL, NULL, NULL, 1),
	(287, '68083023639', NULL, './images/avatar.png', NULL, 288, '', '', 'p.', NULL, NULL, NULL, '1968-08-30', 1, 0, 1, 20, '2016-12-04', NULL, NULL, NULL, 2),
	(288, '80110118452', NULL, './images/avatar.png', NULL, 289, '', '', 'p.', NULL, NULL, '6481251081016023', '1980-11-01', 1, 0, 1, 20, '2016-12-02', NULL, NULL, NULL, 2),
	(289, '68042508638', NULL, './images/avatar.png', NULL, 290, '', '', 'Calle Rafael Peralta 35 Alto', NULL, NULL, NULL, '1968-04-25', 1, 0, 1, 20, '2016-12-03', '2017-08-10', 28, NULL, 2),
	(290, '83111019470', NULL, './images/avatar.png', NULL, 291, '', '', 'p.', NULL, NULL, '3491071380116023', '1983-11-10', 1, 0, 1, 20, '2016-12-04', '2019-04-25', NULL, NULL, 2),
	(291, '74021114484', NULL, './images/avatar.png', NULL, 292, '', '', 'p', NULL, NULL, '0441480471126023', '1974-02-11', 1, 0, 1, 20, '2016-12-02', NULL, NULL, NULL, 1),
	(292, '84061821647', NULL, './images/avatar.png', NULL, 293, '', '', 'p', NULL, NULL, '5612740488166023', '1984-06-18', 1, 0, 1, 20, '2016-12-03', NULL, NULL, NULL, 1),
	(293, '79120119186', NULL, './images/avatar.png', NULL, 294, '', '', 'p', NULL, NULL, '6191681971026023', '1979-12-01', 1, 0, 1, 20, '2016-12-03', NULL, NULL, NULL, 1),
	(294, '89111537430', NULL, './images/avatar.png', NULL, 295, '', '', 'p.', NULL, NULL, '0473031985116023', '1989-11-15', 1, 0, 1, 20, NULL, '2019-08-05', NULL, NULL, 2),
	(295, '93100419801', NULL, './images/avatar.png', NULL, 296, '', '', 'p', NULL, NULL, NULL, '1993-10-04', 1, 0, 1, 20, '2016-12-05', '2019-08-05', NULL, NULL, 1),
	(296, '65060423211', NULL, './images/avatar.png', NULL, 297, '', '', 'p', NULL, NULL, NULL, '1965-06-04', 1, 0, 1, 20, '2016-12-05', '2016-12-08', NULL, NULL, 2),
	(297, '85041721680', NULL, './images/avatar.png', NULL, 298, '', '54801623', 'Calle Libertad #21 % Linea y B Zaya', NULL, NULL, NULL, '1985-04-17', 1, 0, 1, 20, '2016-12-06', NULL, 49, NULL, 1),
	(298, '81092719101', NULL, './images/avatar.png', NULL, 299, '', '', 'Calle 25 #5. Ramon Quintana', NULL, NULL, NULL, '1981-09-27', 1, 0, 1, 20, '2016-12-05', '2019-04-25', 30, NULL, 1),
	(299, '84111221767', NULL, './images/avatar.png', NULL, 300, '', '', 'Pueblo Nuevo', NULL, NULL, '3041310864276023', '1984-11-12', 1, 0, 1, 20, '2016-12-04', '2019-04-25', 18, 1, 1),
	(300, '89122937407', NULL, './images/avatar.png', NULL, 301, '', '', 'Calle fomento e/ Peralejo y 12', NULL, NULL, '3041310864276023', '1989-12-29', 1, 0, 1, 20, '2016-12-04', '2019-04-25', NULL, 1, 1),
	(301, '84022121733', NULL, './images/avatar.png', NULL, 302, '', '', 'p', NULL, NULL, '3041310864276023', '1984-02-21', 1, 0, 1, 20, '2016-12-06', NULL, NULL, 1, 2),
	(303, '96012820195', NULL, './images/avatar.png', NULL, 304, '', '', 'p.', NULL, NULL, '3041310864276023', '1996-01-28', 1, 0, 1, 20, '2016-12-06', '2017-08-10', NULL, 1, 2),
	(304, '97031118255', NULL, './images/avatar.png', NULL, 305, '', '', 'p', NULL, NULL, '3041310864276023', '1997-03-11', 1, 0, 1, 20, '2016-12-07', '2017-08-10', NULL, 1, 2),
	(305, '81102519106', NULL, './images/avatar.png', NULL, 306, '', '', 'p', NULL, NULL, '3041310864276023', '1981-10-25', 1, 0, 1, 20, '2016-12-06', '2017-08-10', NULL, 1, 1),
	(306, '68031719739', NULL, './images/avatar.png', NULL, 307, '', '', 'p', NULL, NULL, '9791930867136023', '1968-03-17', 1, 0, 1, 20, NULL, '2018-12-09', NULL, NULL, 2),
	(307, '93032720457', NULL, './images/avatar.png', NULL, 308, '', '', 'p', NULL, NULL, '8402750397236023', '1993-03-27', 1, 0, 1, 20, '2016-12-05', '2018-02-10', NULL, NULL, 2),
	(308, '71022608382', NULL, './images/avatar.png', NULL, 309, '', '', 'Calle 27, Hilda Torres', NULL, NULL, '1380280176226023', '1971-02-26', 1, 0, 1, 20, '2016-12-04', '2018-02-10', 21, NULL, 1),
	(309, '72021809829', NULL, './images/avatar.png', NULL, 310, '', '', 'p', NULL, NULL, '7890920278126023', '1972-02-18', 1, 0, 1, 20, '2016-12-05', '2018-11-29', NULL, NULL, 1),
	(310, '71010508356', NULL, './images/avatar.png', NULL, 311, '', '', 'Calle Martirez , Esquina Peralejo', NULL, NULL, NULL, '1971-01-05', 1, 0, 1, 20, '2016-12-05', '2018-12-09', 49, NULL, 2),
	(311, '48083003162', NULL, './images/avatar.png', NULL, 312, '', '', 'Reparto Peralta', NULL, NULL, NULL, '1948-08-30', 1, 0, 1, 20, '2016-12-06', '2017-03-27', 51, NULL, 1),
	(312, '76062316108', NULL, './images/avatar.png', NULL, 313, '', '', 'Reparto Peralta', NULL, NULL, NULL, '1976-06-23', 1, 0, 1, 20, '2016-12-05', '2017-03-27', 51, NULL, 1),
	(314, '73080206613', NULL, './images/avatar.png', NULL, 315, '', '', 'Calle 34 #17 e/ 23 y 27 Reparto nuevo Llano', NULL, NULL, NULL, '1973-08-02', 1, 0, 1, 20, '2016-12-06', '2017-03-27', 43, NULL, 2),
	(315, '84052121666', NULL, './images/avatar.png', NULL, 316, '', '', 'Cayo Mayabe, Mayabe', NULL, NULL, '9612660481256023', '1984-05-21', 1, 0, 1, 20, '2016-12-05', NULL, 64, NULL, 1),
	(316, '76030616247', NULL, './images/avatar.png', NULL, 317, '', '', 'Calle Aricochea esquina Pepe Torres', NULL, NULL, '2261740676036023', '1976-03-06', 1, 0, 1, 20, '2016-12-05', '2020-12-08', 49, NULL, 1),
	(318, '58090306325', NULL, './images/avatar.png', NULL, 319, '', '', 'Calle 26 #29 e/1 y 11', NULL, NULL, NULL, '1958-09-03', 1, 0, 1, 20, '2016-12-06', NULL, 43, NULL, 1),
	(319, '45121106500', NULL, './images/avatar.png', NULL, 320, '', '', 'Calle 20 # 32 e/11 y 15', NULL, NULL, '4560001541126023', '1945-12-11', 1, 0, 1, 20, '2016-12-04', NULL, 43, NULL, 1),
	(320, '66022606183', NULL, './images/avatar.png', NULL, 321, '', '', 'Calle 20 #32 e/ 11 y 15 ', NULL, NULL, NULL, '1966-02-26', 1, 0, 1, 20, '2016-12-06', NULL, 43, NULL, 1),
	(321, '91092716347', NULL, './images/avatar.png', NULL, 322, '', '', 'El Guarro', NULL, NULL, NULL, '1991-09-27', 1, 0, 1, 20, '2016-12-03', '2020-12-08', 23, NULL, 1),
	(322, '95082344283', NULL, './images/avatar.png', NULL, 323, '', '', 'El Guarro', NULL, NULL, NULL, '1995-08-23', 1, 0, 1, 20, '2016-12-04', NULL, 23, NULL, 1),
	(323, '82070726026', NULL, './images/avatar.png', NULL, 324, '', '', 'La central', NULL, NULL, '8062620287076023', '1982-07-07', 1, 0, 1, 20, '2016-12-06', NULL, NULL, NULL, 1),
	(324, '93090619775', NULL, './images/avatar.png', NULL, 325, '', '', 'Calle Cuba e/Mendieta y Carbo', NULL, NULL, NULL, '1993-09-06', 1, 0, 1, 20, '2016-12-06', NULL, NULL, NULL, 2),
	(327, '73112606604', NULL, './images/avatar.png', NULL, 328, '', '', 'p', NULL, NULL, '9210601376216023', '1973-11-26', 1, 0, 1, 20, '2016-12-01', NULL, NULL, NULL, 1),
	(328, '59081608109', NULL, './images/avatar.png', NULL, 329, '', '', 'p', NULL, NULL, '9180900956186023', '1959-08-16', 1, 0, 1, 20, '2016-12-04', '2020-12-08', NULL, NULL, 1),
	(329, '62122615006', NULL, './images/avatar.png', NULL, 330, '', '', 'p', NULL, NULL, NULL, '1962-12-26', 1, 0, 1, 20, '2016-12-06', NULL, NULL, NULL, 1),
	(331, '95041444309', NULL, './images/avatar.png', NULL, 332, '', '', 'p', NULL, NULL, '7334900594146023', '1995-04-14', 1, 0, 1, 20, '2017-03-01', '2020-12-08', NULL, NULL, 1),
	(332, '42073104996', NULL, './images/avatar.png', NULL, 333, '', '', 'Libertad e/ Arias y Agramonte', NULL, NULL, '9940690241376023', '1942-07-31', 1, 0, 1, 20, '2016-12-04', NULL, 45, NULL, 2),
	(334, '91092344514', NULL, './images/avatar.png', NULL, 335, '', '', 'p', NULL, NULL, NULL, '1991-09-23', 1, 0, 1, 20, '2016-12-07', '2017-03-27', NULL, NULL, 2),
	(335, '96100120205', NULL, './images/avatar.png', NULL, 336, '', '', 'p', NULL, NULL, '7202501691006023', '1996-10-01', 1, 0, 1, 20, '2016-12-06', '2020-12-08', NULL, NULL, 1),
	(336, '60031708469', NULL, './images/avatar.png', NULL, 337, '24471272', '53557324', 'calle 14 #3 % Julio Q. y 17', NULL, NULL, '4480960067136023', '1960-03-17', 1, 0, 1, 20, '2016-12-04', '2019-01-14', 14, NULL, 1),
	(338, '73020107184', NULL, './images/avatar.png', NULL, 339, '', '', 'Cayo de Mayabe, Mayabe', NULL, NULL, '9170480371026023', '1973-02-01', 1, 0, 1, 20, '2016-12-03', NULL, NULL, NULL, 1),
	(339, '90060141224', NULL, './images/avatar.png', NULL, 340, '', '', 'Cayo de Mayabe, Mayabe', NULL, NULL, '2214420091066023', '1990-06-01', 1, 0, 1, 20, '2016-12-03', NULL, 64, NULL, 1),
	(340, '75072416189', NULL, './images/avatar.png', NULL, 341, '', '', 'p', NULL, NULL, '3161980574276023', '1975-07-24', 1, 0, 1, 20, '2016-12-06', NULL, NULL, NULL, 1),
	(341, '66020723933', NULL, './images/avatar.png', NULL, 342, '', '', 'Camino Guajabales, Barrio San Miguel ', NULL, NULL, '5932930667026023', '1966-02-07', 1, 0, 1, 20, '2016-12-05', '2020-12-08', 92, NULL, 2),
	(344, '88011626221', NULL, './images/avatar.png', NULL, 345, '', '', 'p', NULL, NULL, '1262120886116023', '1988-01-16', 1, 0, 1, 20, '2016-12-06', '2020-12-08', NULL, NULL, 1),
	(345, '72082413305', NULL, './images/avatar.png', NULL, 346, '', '', 'Barrio San Miguel Guajabales', NULL, NULL, NULL, '1972-08-24', 1, 0, 1, 20, '2016-12-04', '2020-12-08', 92, NULL, 1),
	(347, '85042325827', NULL, './images/avatar.png', NULL, 348, '', '53525151', 'Revolucion 38 Alto e/ Sol y Colon', NULL, NULL, '1852720583246023', '1985-04-23', 1, 0, 1, 20, '2016-12-11', '2020-12-08', 10, NULL, 1),
	(348, '78112831884', NULL, './images/avatar.png', NULL, 353, '', '', 'Nuevo LLano', NULL, NULL, '6813481879216020', '1978-11-28', 1, 0, 1, 20, '2016-12-11', '2020-12-08', 43, 2, 1),
	(349, '53051807842', NULL, './images/avatar.png', NULL, 354, '', '', 'Calle 22 No. 39 % 17  y Carretera  al Mirador', NULL, NULL, '1870240358156023', '1953-05-18', 1, 0, 1, 20, NULL, '2019-08-05', 21, 3, 1),
	(352, '90061314587', NULL, './images/avatar.png', NULL, 357, '', '', 'pendiente', NULL, NULL, '6541780093166023', '1990-06-13', 1, 0, 1, 20, '2016-12-21', '2017-03-27', NULL, NULL, 1),
	(353, '93021819714', NULL, './images/avatar.png', NULL, 358, '', '', 'pendiente', NULL, NULL, '4791410398126023', '1993-02-18', 1, 0, 1, 20, '2016-12-21', '2017-03-27', NULL, NULL, 1),
	(354, '71042208241', NULL, './images/avatar.png', NULL, 359, '', '', 'pendiente', NULL, NULL, '9280140172246023', '1971-04-22', 1, 0, 1, 20, '2016-12-21', '2017-03-27', NULL, NULL, 1),
	(356, '58110707330', NULL, './images/avatar.png', NULL, 361, '', '', 'pendiente', NULL, NULL, '2370031857016023', '1958-11-07', 1, 0, 1, 20, '2016-12-20', NULL, NULL, NULL, 2),
	(359, '63122712857', NULL, './images/avatar.png', NULL, 364, '24428058', '', 'Calle Maximo Gomez #189 e/ aricochea y Cables', NULL, NULL, '4821751367226023', '1963-12-27', 1, 0, 1, 20, '2017-01-29', '2019-08-05', NULL, 4, 2),
	(360, '75050411618', NULL, './images/avatar.png', NULL, 365, '', '', 'p.', NULL, NULL, NULL, '1975-05-04', 1, 0, 1, 20, '2017-02-03', '2017-03-27', NULL, NULL, 2),
	(361, '45050806055', NULL, './images/avatar.png', NULL, 366, '', '', 'p.', NULL, NULL, NULL, '1945-05-08', 1, 0, 1, 20, '2017-02-03', '2018-12-09', NULL, NULL, 2),
	(362, '54010108676', NULL, './images/avatar.png', NULL, 367, '', '', 'p.', NULL, NULL, NULL, '1954-01-01', 1, 0, 1, 20, '2017-02-03', '2017-08-10', NULL, NULL, 2),
	(363, '45111506627', NULL, './images/avatar.png', NULL, 368, '', '', 'p.', NULL, NULL, '1660721545116023', '1945-11-15', 1, 0, 1, 20, '2017-02-02', NULL, NULL, NULL, 1),
	(364, '79021916441', NULL, './images/avatar.png', NULL, 369, '', '', 'p.', NULL, NULL, NULL, '1979-02-19', 1, 0, 1, 20, '2017-02-02', '2020-12-08', NULL, NULL, 1),
	(365, '67021008810', NULL, './images/avatar.png', NULL, 370, '', '', 'p.', NULL, NULL, NULL, '1967-02-10', 1, 0, 1, 20, '2017-02-03', '2017-03-27', NULL, NULL, 2),
	(366, '55090300403', NULL, './images/avatar.png', NULL, 371, '', '', 'p.', NULL, NULL, NULL, '1955-09-03', 1, 0, 1, 20, '2017-02-03', '2019-04-25', NULL, NULL, 1),
	(367, '84030821729', NULL, './images/avatar.png', NULL, 372, '', '', 'p.', NULL, NULL, NULL, '1984-03-08', 1, 0, 1, 20, '2017-02-03', '2020-12-08', NULL, NULL, 1),
	(368, '80032619106', NULL, './images/avatar.png', NULL, 373, '', '', 'p.', NULL, NULL, NULL, '1980-03-26', 1, 0, 1, 20, '2017-02-03', '2020-12-08', NULL, NULL, 1),
	(370, '93112819936', NULL, './images/avatar.png', NULL, 375, '', '', 'p.', NULL, NULL, NULL, '1993-11-28', 1, 0, 1, 20, '2017-02-03', '2017-03-27', NULL, NULL, 2),
	(372, '62061114088', NULL, './images/avatar.png', NULL, 377, '', '', 'p.', NULL, NULL, '6041880261166023', '1962-06-11', 1, 0, 1, 20, NULL, '2019-08-05', NULL, NULL, 1),
	(373, '86081722926', NULL, './images/avatar.png', NULL, 378, '', '55084042', 'Avenida Libertadores #39 Apto13 Pedro Diaz Coello', NULL, NULL, '1922620687186023', '1986-08-17', 1, 0, 1, 20, '2017-04-10', '2020-12-08', NULL, NULL, 1),
	(374, '80070719542', NULL, './images/avatar.png', NULL, 379, '', '53835062', 'Calle 6 # 11 %8 y 21 El Llano', NULL, NULL, '2591240087076023', '1980-07-07', 1, 0, 1, 20, '2017-01-01', '2020-12-08', NULL, NULL, 1),
	(375, '79012819022', NULL, './images/avatar.png', NULL, 380, '', '', 'Calle 2da % 17 y 21 ', NULL, NULL, '4091220978216023', '1979-01-28', 1, 0, 1, 20, NULL, NULL, 30, NULL, 1),
	(376, '83031719382', NULL, './images/avatar.png', NULL, 381, '', '', 'Maximo Gomez #189A %Aricochea y Cable', NULL, NULL, '5391280387136023', '1983-03-17', 1, 0, 1, 20, NULL, NULL, 49, NULL, 2),
	(379, '67050609067', NULL, './images/avatar.png', NULL, 384, '', '', 'p.', NULL, NULL, '5090760766056023', '1967-05-06', 1, 0, 1, 20, NULL, '2019-08-05', NULL, NULL, 1),
	(380, '69021923301', NULL, './images/avatar.png', NULL, 386, '', '54944558', 'Calle Cervantes #125 % Cuba y Prado', NULL, NULL, '9332100969126023', '1969-02-19', 1, 0, 1, 20, NULL, '2020-12-07', 49, NULL, 1),
	(382, '98072523222', NULL, './images/avatar.png', NULL, 389, '', '', 'p.', NULL, NULL, '7232220895276023', '1998-07-25', 1, 0, 1, 20, '2017-02-28', '2019-08-05', NULL, NULL, 1),
	(383, '85022621067', NULL, './images/avatar.png', NULL, 390, '', '', 'p.', NULL, NULL, '6012760586226023', '1985-02-26', 1, 0, 1, 20, '2017-03-01', '2020-12-08', NULL, NULL, 1),
	(384, '95101942732', NULL, './images/avatar.png', NULL, 391, '', '', 'p.', NULL, NULL, '9724231599106023', '1995-10-19', 1, 0, 1, 20, NULL, '2018-12-09', NULL, NULL, 2),
	(385, '90111941262', NULL, './images/avatar.png', NULL, 392, '', '', 'p.', NULL, NULL, '3214261099116023', '1990-11-19', 1, 0, 1, 20, '2017-03-01', '2019-08-05', NULL, NULL, 1),
	(388, '87102026416', NULL, './images/avatar.png', NULL, 395, '', '', 'p.', NULL, NULL, '0462611780206023', '1987-10-20', 1, 0, 1, 20, '2017-03-01', '2020-12-08', NULL, NULL, 2),
	(390, '94042742905', NULL, './images/avatar.png', NULL, 404, '', '', 'p.', NULL, NULL, '3924500497246023', '1994-04-27', 1, 0, 1, 20, '2017-03-01', '2019-08-05', NULL, NULL, 1),
	(392, '92020943553', NULL, './images/avatar.png', NULL, 406, '', '', 'p.', NULL, NULL, '1534350299026023', '1992-02-09', 1, 0, 1, 20, '2017-04-13', '2020-12-08', NULL, NULL, 2),
	(393, '60122024063', NULL, './images/avatar.png', NULL, 407, '', '', 'p.', NULL, NULL, '0042361860226023', '1960-12-20', 1, 0, 1, 20, '2017-04-13', '2020-12-08', NULL, NULL, 1),
	(394, '96050620107', NULL, './images/avatar.png', NULL, 408, '', '', 'p.', NULL, NULL, '9102700696056023', '1996-05-06', 1, 0, 1, 20, '2017-04-13', '2017-08-10', NULL, NULL, 1),
	(395, '74010115003', NULL, './images/avatar.png', NULL, 409, '', '', 'p.', NULL, NULL, '4051300471016023', '1974-01-01', 1, 0, 1, 20, '2017-04-13', '2019-04-25', NULL, NULL, 1),
	(397, '68101424541', NULL, './images/avatar.png', NULL, 412, '', '', 'p.', NULL, NULL, '2542141864106023', '1968-10-14', 1, 0, 1, 20, '2017-04-15', '2017-09-12', NULL, NULL, 1),
	(398, '91010142326', NULL, './images/avatar.png', NULL, 417, '', '', 'p.', NULL, NULL, '3324620191016023', '1991-01-01', 1, 0, 1, 20, '2017-04-14', '2018-12-09', NULL, NULL, 1),
	(399, '94092842762', NULL, './images/avatar.png', NULL, 419, '', '', 'Guajabales', NULL, NULL, '3724360498296023', '1994-09-28', 1, 0, 1, 20, '2017-01-03', '2020-12-08', 92, NULL, 1),
	(400, '86102121673', NULL, './images/avatar.png', NULL, 420, '', '', 'p.', NULL, NULL, '5612371681206023', '1986-10-21', 1, 0, 1, 20, '2017-02-08', '2018-12-09', NULL, NULL, 2),
	(401, '83072019416', NULL, './images/avatar.png', NULL, 421, '', '', 'p.', NULL, NULL, '5491610380276023', '1983-07-20', 1, 0, 1, 20, '2017-03-09', '2017-08-10', NULL, NULL, 2),
	(402, '81090719147', NULL, './images/avatar.png', NULL, 422, '', '58024786', 'Calle Antonio Moreno No60 % 22 y 26', NULL, NULL, '81090719147', '1981-09-07', 1, 0, 1, 20, '2017-01-30', '2020-12-08', 21, NULL, 1),
	(404, '85041621636', NULL, './images/avatar.png', NULL, 424, '', '', 'p.', NULL, NULL, '3612630586146023', '1985-04-16', 1, 0, 1, 20, '2017-03-01', '2017-09-12', NULL, NULL, 2),
	(406, '79021019582', NULL, './images/avatar.png', NULL, 426, '', '', 'Pendiente', NULL, NULL, '7591280970126023', '1979-02-10', 1, 0, 1, 20, '2017-12-01', '2019-08-04', 1, NULL, 1),
	(407, '86122221728', NULL, './images/avatar.png', NULL, 427, '', '', 'Pend', NULL, NULL, '3712821682226023', '1986-12-22', 1, 0, 1, 20, '2017-12-01', NULL, NULL, NULL, 1),
	(408, '83070701712', NULL, './images/avatar.png', NULL, 428, '', '', 'Reparto Libertad ', NULL, NULL, NULL, '1983-07-07', 1, 0, 1, 20, '2017-12-01', '2019-04-25', 42, NULL, 2),
	(409, '41062705895', NULL, './images/avatar.png', NULL, 429, '', '', 'Pendiente', NULL, NULL, '8850390147266023', '1941-06-27', 1, 0, 1, 20, '2017-12-01', NULL, NULL, NULL, 2),
	(410, '90030941181', NULL, './images/avatar.png', NULL, 430, '', '', 'Pendiente', NULL, NULL, '5114180099036023', '1990-03-09', 1, 0, 1, 20, '2017-12-01', '2020-12-08', 1, NULL, 1),
	(411, '93100819865', NULL, './images/avatar.png', NULL, 431, '', '', 'Pendiente', NULL, NULL, '7891561398006023', '1993-10-08', 1, 0, 1, 20, '2017-12-01', NULL, 1, NULL, 1),
	(412, '83090717371', NULL, './images/avatar.png', NULL, 432, '', '', '17  Esq 6ta Ramon Quintana', NULL, NULL, '8371170387096023', '1983-09-07', 1, 0, 1, 20, '2017-01-02', '2018-12-09', 30, NULL, 2),
	(413, '94110743081', NULL, './images/avatar.png', NULL, 433, '', '', 'Martires % Aricochea  y  Cable', NULL, NULL, '7034181497016023', '1994-11-07', 1, 0, 1, 20, '2017-12-01', '2018-12-09', 1, NULL, 1),
	(414, '85122621458', NULL, './images/avatar.png', NULL, 434, '', '', 'Bloque Emilio Barcenas', NULL, NULL, '1412851586226023', '1985-12-26', 1, 0, 1, 20, '2017-01-02', '2019-02-15', 31, NULL, 2),
	(415, '83042219426', NULL, './images/avatar.png', NULL, 435, '', '', 'Carretera Central', NULL, NULL, '5491620382246023', '1983-04-22', 1, 0, 1, 20, NULL, '2018-12-09', 28, NULL, 1),
	(416, '64050609604', NULL, './images/avatar.png', NULL, 436, '', '', 'Pueblo Nuevo', NULL, NULL, NULL, '1964-05-06', 1, 0, 1, 20, '2017-05-04', '2018-12-09', 18, NULL, 1),
	(417, '97012318090', NULL, './images/avatar.png', NULL, 438, '', '', 'Calle 25 No 38 altos Esquina 8va.', NULL, NULL, '9881090793216023', '1997-01-23', 1, 0, 1, 20, '2017-02-01', '2018-02-10', 30, NULL, 2),
	(418, '81092719102', NULL, './images/avatar.png', NULL, 439, '', '', 'Calle 25 No 5 % 4ta y 6ta', NULL, NULL, '1111111111116023', '1981-09-27', 1, 0, 1, 20, '2017-01-02', NULL, 30, NULL, 1),
	(419, '99071618835', NULL, './images/avatar.png', NULL, 440, '', '', 'P', NULL, NULL, '2881130976176023', '1999-07-16', 1, 0, 1, 20, '2017-07-03', '2018-12-09', 15, 4, 2),
	(420, '92090543404', NULL, './images/avatar.png', NULL, 441, '', '', 'P', NULL, NULL, '2881130976176023', '1992-09-05', 1, 0, 1, 20, '2017-12-01', '2019-01-18', 7, NULL, 1),
	(421, '78032925191', NULL, './images/avatar.png', NULL, 442, '', '', 'P', NULL, NULL, '5162190879236023', '1978-03-29', 1, 0, 1, 20, '2017-12-01', '2020-12-09', 1, NULL, 2),
	(422, '90053141263', NULL, './images/avatar.png', NULL, 443, '', '', 'P', NULL, NULL, '7214360091356023', '1990-05-31', 1, 0, 1, 20, '2017-12-01', NULL, 7, NULL, 2),
	(423, '91100942262', NULL, './images/avatar.png', NULL, 444, '', '', 'Sierra maestra Loma', NULL, NULL, '0224261199006023', '1991-10-09', 1, 0, 1, 20, '2017-08-01', NULL, 28, NULL, 1),
	(424, '84100422902', NULL, './images/avatar.png', NULL, 445, '', '', 'Coliceo', NULL, NULL, '0922201484006023', '1984-10-04', 1, 0, 1, 20, '2017-07-03', '2019-01-14', 1, NULL, 1),
	(425, '75010216264', NULL, './images/avatar.png', NULL, 446, '', '', 'P', NULL, NULL, '1261460572016023', '1975-01-02', 1, 0, 1, 20, '2017-12-01', NULL, 1, NULL, 1),
	(426, '47042706891', NULL, './images/avatar.png', NULL, 447, '', '', 'San Pablo', NULL, NULL, '1860190747246023', '1947-04-27', 1, 0, 1, 20, '2017-10-02', NULL, 1, NULL, 2),
	(427, '91052242269', NULL, './images/avatar.png', NULL, 448, '', '', 'Sierra Maestra Loma', NULL, NULL, '2224960192256023', '1991-05-22', 1, 0, 1, 20, '2017-10-02', '2018-12-09', 28, NULL, 1),
	(428, '85010222506', NULL, './images/avatar.png', NULL, 449, '', '', 'P', NULL, NULL, '2522600582016023', '1985-01-02', 1, 0, 1, 20, '2017-07-03', NULL, NULL, NULL, 1),
	(429, '67100509551', NULL, './images/avatar.png', NULL, 450, '', '', 'P', NULL, NULL, '2590151765006023', '1967-10-05', 1, 0, 1, 20, '2017-12-01', NULL, 1, NULL, 2),
	(430, '90091541245', NULL, './images/avatar.png', NULL, 451, '', '', 'Sierra Maestra Loma', NULL, NULL, '5214540095196023', '1990-09-15', 1, 0, 1, 20, '2017-07-03', NULL, 28, NULL, 1),
	(431, '86121321737', NULL, './images/avatar.png', NULL, 452, '', '', 'Alcides Pino y Carretera Central', NULL, NULL, '3712731683126023', '1986-12-13', 1, 0, 1, 20, '2017-09-04', '2019-01-14', 28, NULL, 2),
	(432, '75070516250', NULL, './images/avatar.png', NULL, 453, '', '', 'Cañadon  Carretera a San German', NULL, NULL, '5261050575076023', '1975-07-05', 1, 0, 1, 20, '2017-10-02', '2018-12-22', 1, NULL, 2),
	(433, '86122521649', NULL, './images/avatar.png', NULL, 454, '', '', 'P', NULL, NULL, '4612941685226023', '1986-12-25', 1, 0, 1, 20, '2017-12-07', '2020-12-09', 1, NULL, 1),
	(434, '65103024780', NULL, './images/avatar.png', NULL, 456, '', '', 'P', NULL, NULL, '974208156023', '1965-10-30', 1, 0, 1, 20, '2017-10-02', '2019-08-05', 1, NULL, 1),
	(435, '80081918989', NULL, './images/avatar.png', NULL, 457, '', '', 'P', NULL, NULL, '2981980089186023', '1980-08-19', 1, 0, 1, 20, '2017-10-02', NULL, 1, NULL, 1),
	(436, '92110743554', NULL, './images/avatar.png', NULL, 458, '', '', 'Peralta', NULL, NULL, '4534451297016023', '1992-11-07', 1, 0, 1, 20, '2017-10-02', NULL, 51, NULL, 2),
	(437, '88110123718', NULL, './images/avatar.png', NULL, 459, '', '', 'P', NULL, NULL, '6732811881016023', '1988-11-01', 1, 0, 1, 20, '2017-12-01', '2020-12-08', 1, NULL, 2),
	(438, '85030121649', NULL, './images/avatar.png', NULL, 460, '', '', 'P', NULL, NULL, '0612940581036023', '1985-03-01', 1, 0, 1, 20, '2017-12-01', NULL, 1, NULL, 1),
	(439, '68120700207', NULL, './images/avatar.png', NULL, 461, '', '', 'P', NULL, NULL, '1200701867026023', '1968-12-07', 1, 0, 1, 20, '2017-08-01', '2019-04-25', 8, NULL, 1),
	(440, '61080606100', NULL, './images/avatar.png', NULL, 462, '', '', 'Rafael Peralta % E Rodriguez y Sierra Maestra', NULL, NULL, '1160000166086023', '1961-08-06', 1, 0, 1, 20, '2017-08-01', '2019-04-25', 28, NULL, 1),
	(441, '76070637758', NULL, './images/avatar.png', NULL, 465, '', '', 'Manuel Angulo % 27 y 25', NULL, NULL, '0713850676076023', '1976-07-06', 1, 0, 1, 20, '2015-01-01', '2019-04-25', 19, NULL, 2),
	(442, '86061421631', NULL, './images/avatar.png', NULL, 466, '', '', 'Maximo Gomez % Frexes y Marti', NULL, NULL, '2612130684166023', '1986-06-14', 1, 0, 1, 20, '2016-01-04', NULL, 7, 2, 2),
	(443, '74012614186', NULL, './images/avatar.png', NULL, 468, '', '', 'P', NULL, NULL, '2741680476216023', '1974-01-26', 1, 0, 1, 20, '2017-12-01', NULL, 1, NULL, 1),
	(444, '46121706901', NULL, './images/avatar.png', NULL, 469, '', '', 'P', NULL, NULL, '5960101647126023', '1946-12-17', 1, 0, 1, 20, '2017-12-01', '2020-12-08', 1, NULL, 1),
	(445, '90040208571', NULL, './images/avatar.png', NULL, 470, '', '', 'P', NULL, NULL, '1580170072046023', '1990-04-02', 1, 0, 1, 20, '2017-12-01', '2019-04-25', 1, NULL, 2),
	(446, '58040606830', NULL, './images/avatar.png', NULL, 471, '', '', 'Salida a Sab Andres', NULL, NULL, '9860030856046023', '1958-04-06', 1, 0, 1, 20, '2016-01-01', NULL, 44, NULL, 2),
	(447, '61072008550', NULL, './images/avatar.png', NULL, 472, '', '', 'P', NULL, NULL, '1580050160276023', '1961-07-20', 1, 0, 1, 20, '2017-11-01', '2019-04-25', 28, NULL, 2),
	(448, '93112719581', NULL, './images/avatar.png', NULL, 473, '', '', 'Juan Cruz Alex Urquiola', NULL, NULL, '6991855139726023', '1993-11-27', 1, 0, 1, 20, '2017-10-02', '2019-04-25', 28, NULL, 2),
	(449, '85073023157', NULL, './images/avatar.png', NULL, 474, '', '', 'Alex Urquiola', NULL, NULL, '0132750580376023', '1985-07-30', 1, 0, 1, 20, '2017-10-02', '2019-08-05', 28, NULL, 2),
	(450, '83101519659', NULL, './images/avatar.png', NULL, 475, '', '', 'Carretera Central y Alcides Pino', NULL, NULL, '9591951385106023', '1983-10-15', 1, 0, 1, 20, '2017-10-02', '2020-12-09', 28, NULL, 2),
	(451, '71021013110', NULL, './images/avatar.png', NULL, 476, '', '', 'Calle 25 % Manuel Angulo y Final', NULL, NULL, '6131010170126023', '1971-02-10', 1, 0, 1, 20, '2018-01-01', '2018-12-09', 19, 4, 2),
	(452, '90100137818', NULL, './images/avatar.png', NULL, 477, '', '', 'Rafael Peralta y Sierra Maestra', NULL, NULL, '8873811091006023', '1990-10-01', 1, 0, 1, 20, '2017-03-01', '2019-10-23', 28, 4, 2),
	(453, '58022502523', NULL, './images/avatar.png', NULL, 478, '', '', 'Aguilera  % 36 y Manuel Angulo', NULL, NULL, '6520330855226023', '1958-02-25', 1, 0, 1, 20, '2017-01-02', '2019-10-23', 28, NULL, 2),
	(454, '95052944427', NULL, './images/avatar.png', NULL, 479, '', '', 'Camino Guajabales', NULL, NULL, '9444720599256023', '1995-05-29', 1, 0, 1, 20, '2017-03-06', '2019-04-25', 44, 4, 1),
	(455, '87121826126', NULL, './images/avatar.png', NULL, 480, '', '', 'Sierra Maestra Loma', NULL, NULL, '5162621788126023', '1987-12-18', 1, 0, 1, 20, '2017-05-01', NULL, 28, 3, 1),
	(456, '70100405922', NULL, './images/avatar.png', NULL, 481, '', '', 'Rafael Peralta No. 51 % 15 y Sierra Maestra', NULL, NULL, '5950221074006023', '1970-10-04', 1, 0, 1, 20, '2017-10-09', '2018-12-22', 28, NULL, 1),
	(457, '83101019444', NULL, './images/avatar.png', NULL, 482, '', '', 'Carretera  a Mayari Km 7 Las Biajacas', NULL, NULL, '3491441380106023', '1983-10-10', 1, 0, 1, 20, '2017-11-27', '2019-04-25', 66, 4, 1),
	(459, '92091443241', NULL, './images/avatar.png', NULL, 489, '', '', 'caarretera central km 71/2 #1311 el coco Holgun', 'c115022', '15/11/17', '6234140294196023', '1992-09-14', 1, 0, 1, 20, '2018-05-02', NULL, NULL, 4, 1),
	(460, '85070888983', NULL, './images/avatar.png', NULL, 490, '', '', 'p', NULL, NULL, '4622380588076023', '1985-07-08', 1, 0, 1, 20, '2018-05-02', '2020-12-09', NULL, NULL, 1),
	(462, '63041509288', NULL, './images/avatar.png', NULL, 492, '', '', 'p', NULL, NULL, '1290880365146023', '1963-04-15', 1, 0, 1, 20, '2018-05-02', NULL, NULL, 4, 1),
	(463, '90081741322', NULL, './images/avatar.png', NULL, 493, '', '', 'p', NULL, NULL, '4314220097186023', '1990-08-17', 1, 0, 1, 20, '2018-05-02', '2019-08-13', NULL, 2, 1),
	(464, '82061226069', NULL, './images/avatar.png', NULL, 494, '', '', 'p', NULL, NULL, '0062960282166023', '1982-06-12', 1, 0, 1, 20, '2018-05-02', NULL, NULL, 2, 1),
	(467, '63080410083', NULL, './images/avatar.png', NULL, 500, '', '', 'P', NULL, NULL, '2001680364086023', '1963-08-04', 1, 0, 1, 20, '2018-05-03', NULL, NULL, 6, 1),
	(468, '59012318208', NULL, './images/avatar.png', NULL, 501, '', '', 'Pendiente', NULL, NULL, '0281800953216023', '1959-01-23', 1, 0, 1, 20, '2018-05-03', NULL, NULL, 3, 1),
	(469, '53070701712', NULL, './images/avatar.png', NULL, 502, '', '', 'P', NULL, NULL, '3710210357076023', '1953-07-07', 1, 0, 1, 20, '2018-01-01', '2019-04-25', 42, NULL, 2),
	(470, '86073121857', NULL, './images/avatar.png', NULL, 503, '', '', 'Calle Domingo Pupo No 31 % 3ra  y fe  del Valle ', NULL, NULL, '0812750681376023', '1986-07-31', 1, 0, 1, 20, '2018-05-04', '2018-12-22', 14, 3, 2),
	(471, '42100907164', NULL, './images/avatar.png', NULL, 505, '', '', 'Calle Pepe Torres y Aricochea', NULL, NULL, '2170461249006023', '1942-10-09', 1, 0, 1, 20, '2018-01-01', NULL, 49, NULL, 1),
	(472, '79052119064', NULL, './images/avatar.png', NULL, 506, '', '', 'Guajabales', NULL, NULL, '7091460971256023', '1979-05-21', 1, 0, 1, 20, '2018-01-01', NULL, 92, 4, 1),
	(473, '89100637502', NULL, './images/avatar.png', NULL, 507, '24465895', '58257852', 'Callle 25  No  44 A %   Adel Calderon  y Manuel Anglo', NULL, NULL, '357320198600602', '1989-10-06', 1, 0, 1, 20, '2019-01-01', NULL, 19, 6, 1),
	(474, '77011620341', NULL, './images/avatar.png', NULL, 508, '', '55980462', 'Calle  Reynerio Almaguer 23 A % Dionicio Garcia y Oscar Lucero', NULL, NULL, '0302140776116023', '1977-01-16', 1, 0, 1, 20, '2019-01-01', NULL, 28, 6, 1),
	(475, '71112908503', NULL, './images/avatar.png', NULL, 510, '', '', 'sd', NULL, NULL, '1580301179216023', '1971-11-29', 1, 0, 1, 20, '2019-01-01', NULL, 19, 6, 1),
	(476, '82031526023', NULL, './images/avatar.png', NULL, 511, '', '', 'Carretera a San German', NULL, NULL, '0062320285136023', '1982-03-15', 1, 0, 1, 20, NULL, NULL, 19, 6, 1),
	(477, '82091526083', NULL, './images/avatar.png', NULL, 512, '', '54666572', 'Calle Manuel Angulo No. 2 A % Reynerio Almaguer y Agulera', NULL, NULL, '2062380285196023', '1982-09-15', 1, 0, 1, 20, '2019-01-02', NULL, 28, NULL, 1),
	(479, '63081129921', NULL, './images/avatar.png', NULL, 514, '', '56636068', 'El recreo ', NULL, NULL, '5992120361186023', '1963-08-11', 1, 0, 1, 20, '2019-01-02', NULL, 79, 6, 1),
	(480, '88090226260', NULL, './images/avatar.png', NULL, 515, '', '58225226', 'Cayo mayabe', NULL, NULL, '7262060882096023', '1988-09-02', 1, 0, 1, 20, '2019-01-03', NULL, NULL, 3, 1),
	(481, '68061806045', NULL, './images/avatar.png', NULL, 516, '', '', 'p', NULL, NULL, '4060540868166023', '1968-06-18', 1, 0, 1, 20, '2019-08-05', NULL, NULL, 4, 1),
	(482, '79052519109', NULL, './images/avatar.png', NULL, 517, '', '52550770', 'p', NULL, NULL, '5191900975256023', '1979-05-25', 1, 0, 1, 20, NULL, NULL, 7, 3, 1),
	(483, '65040809405', NULL, './images/avatar.png', NULL, 518, '', '24461186', 'Pepe Torres #48 cuba y garallalde', NULL, NULL, '0490500568046023', '1965-04-08', 1, 0, 1, 20, NULL, NULL, 45, 3, 1),
	(484, '92012443395', NULL, './images/avatar.png', NULL, 519, '', '54669832', 'Carretera a Gibara Km 11 1/2', NULL, NULL, '3334590294216023', '1992-01-24', 1, 0, 1, 20, '2019-06-01', NULL, 60, 2, 2),
	(485, '88083126124', NULL, './images/avatar.png', NULL, 520, '', '58024278', 'R almaguer#24 a alex u', NULL, NULL, '3162420881386023', '1988-08-31', 1, 0, 1, 20, NULL, NULL, 28, 4, 1),
	(486, '68012410287', NULL, './images/avatar.png', NULL, 521, '', '54424014', 'Jose Diaz #33  la', NULL, NULL, '820180864216023', '1968-01-24', 1, 0, 1, 20, NULL, NULL, 28, NULL, 1),
	(487, '76122016264', NULL, './images/avatar.png', NULL, 522, '', '52771640', 'calle 6 #43 a %31 y 35 ', NULL, NULL, '126146160226023', '1976-12-20', 1, 0, 1, 20, '2019-08-05', NULL, 10, NULL, 1),
	(488, '82010225866', NULL, './images/avatar.png', NULL, 523, '', '', '71', NULL, NULL, '6852660282016023', '1982-01-02', 1, 0, 1, 20, NULL, '2020-12-09', 35, 2, 1),
	(489, '70100208524', NULL, './images/avatar.png', NULL, 524, '', '54194771', 'Camilo cienfuego No. 61 % M. Angulo y 34', NULL, NULL, '0580421072006023', '1970-10-02', 1, 0, 1, 20, '2019-03-01', NULL, 19, 6, 1),
	(490, '75072516094', NULL, './images/avatar.png', NULL, 525, '', '', 'Aricochea No. 111 % Maximo Gomez y Pepe Torres', NULL, NULL, '5061490575276023', '1975-07-25', 1, 0, 0, 20, '2018-04-01', NULL, 7, 1, 2),
	(491, '97043018178', NULL, './images/avatar.png', NULL, 527, '', '', 'Ramon Quintana', NULL, NULL, '1181870790346023', '1997-04-30', 1, 0, 0, 20, '2018-11-01', NULL, 30, 1, 2),
	(492, '84122921451', NULL, './images/avatar.png', NULL, 529, '', '', 'Aricochea  Esq Pepe Torres', NULL, NULL, '3412151489226023', '1984-12-29', 1, 0, 1, 20, '2018-01-01', NULL, 1, 3, 2),
	(493, '73080821586', NULL, './images/avatar.png', NULL, 530, '', '', 'Calle Agramonte No. 242 FA % Rastro y Jose A Cardet', NULL, NULL, '9415059990196023', '1973-08-08', 1, 0, 1, 20, '2015-01-02', NULL, 49, 2, 1),
	(494, '77011819974', NULL, 'http://10.0.0.2:5802/images/avatar.png', NULL, 531, '', '', '....', NULL, NULL, NULL, '1977-01-18', 0, 0, 0, 20, NULL, NULL, NULL, NULL, 2),
	(495, '67080309647', NULL, 'http://10.0.0.2:5802/images/avatar.png', NULL, 532, '', '', '......', NULL, NULL, NULL, '1967-08-03', 0, 0, 0, 20, NULL, NULL, NULL, NULL, 1),
	(496, '87032628580', NULL, 'http://10.0.0.2:5802/images/avatar.png', NULL, 533, '', '56593472', 'calle conrado benites No17f /juan cruz y 2da', NULL, NULL, NULL, '1987-03-26', 0, 0, 0, 20, NULL, NULL, NULL, NULL, 1),
	(497, '76091434153', NULL, 'http://10.0.0.2:5802/images/avatar.png', NULL, 534, '', '', '......', NULL, NULL, NULL, '1976-09-14', 0, 0, 0, 20, NULL, NULL, NULL, NULL, 2),
	(498, '98051618282', NULL, 'http://10.0.0.2:5802/images/avatar.png', NULL, 535, '', '54537530', 'calle 25 No 42 / 12y14 la 5ta', NULL, NULL, NULL, '1998-05-16', 0, 0, 0, 20, NULL, NULL, NULL, NULL, 1),
	(499, '91040436585', NULL, 'http://10.0.0.2:5802/images/avatar.png', NULL, 536, '', '', 'calle cables No163A / rastro y JA cardet ', NULL, NULL, NULL, '1991-04-04', 0, 0, 0, 20, NULL, NULL, NULL, NULL, 1),
	(500, '67051313449', NULL, 'http://10.0.0.2:5802/images/avatar.png', NULL, 537, '', '', '....', NULL, NULL, NULL, '1967-05-13', 0, 0, 0, 20, NULL, NULL, NULL, NULL, 1),
	(501, '90073141186', NULL, 'http://10.0.0.2:5802/images/avatar.png', NULL, 538, '', '', 'p.', NULL, NULL, NULL, '1990-07-31', 0, 0, 0, 20, NULL, NULL, NULL, NULL, 1),
	(502, '89091737580', NULL, 'http://10.0.0.2:5802/images/avatar.png', NULL, 539, '', '', 'p..', NULL, NULL, NULL, '1989-09-17', 0, 0, 0, 20, NULL, NULL, NULL, NULL, 1),
	(503, '92100743235', NULL, 'http://10.0.0.2:5802/images/avatar.png', NULL, 540, '', '', 'p.', NULL, NULL, NULL, '1992-10-07', 0, 0, 0, 20, NULL, NULL, NULL, NULL, 2),
	(504, '86101400618', NULL, 'http://10.0.0.2:5802/images/avatar.png', NULL, 541, '', '', 'p.', NULL, NULL, NULL, '1986-10-14', 0, 0, 0, 20, NULL, NULL, NULL, NULL, 2),
	(505, '91110842286', NULL, 'http://10.0.0.2:5802/images/avatar.png', NULL, 542, '', '', 'p..', NULL, NULL, NULL, '1991-11-08', 0, 0, 0, 20, NULL, NULL, NULL, NULL, 1),
	(506, '85011222101', NULL, 'http://10.0.0.2:5802/images/avatar.png', NULL, 543, '', '', 'p.', NULL, NULL, NULL, '1985-01-12', 0, 0, 0, 20, NULL, NULL, NULL, NULL, 1),
	(507, '95102144256', NULL, 'http://10.0.0.2:5802/images/avatar.png', NULL, 544, '', '', 'p.', NULL, NULL, NULL, '1995-10-21', 0, 0, 0, 20, NULL, NULL, NULL, NULL, 2),
	(508, '66121515267', NULL, 'http://10.0.0.2:5802/images/avatar.png', NULL, 545, '', '', 'p.', NULL, NULL, NULL, '1966-12-15', 0, 0, 0, 20, NULL, NULL, NULL, NULL, 1),
	(509, '75032804283', NULL, 'http://10.0.0.2:5802/images/avatar.png', NULL, 559, '', '', 'p.', NULL, NULL, NULL, '1975-03-28', 0, 0, 0, 20, NULL, NULL, NULL, NULL, 1),
	(510, '92072643214', NULL, 'http://10.0.0.2:5802/images/avatar.png', NULL, 560, '', '', 'p.', NULL, NULL, NULL, '1992-07-26', 0, 0, 0, 20, NULL, NULL, NULL, NULL, 2),
	(511, '73030406491', NULL, 'http://10.0.0.2:5802/images/avatar.png', NULL, 561, '', '', 'p.', NULL, NULL, NULL, '1973-03-04', 0, 0, 0, 20, NULL, NULL, NULL, NULL, 2),
	(512, '91022042273', NULL, 'http://10.0.0.2:5802/images/avatar.png', NULL, 562, '', '', 'p.', NULL, NULL, NULL, '1991-02-20', 0, 0, 0, 20, NULL, NULL, NULL, NULL, 2),
	(513, '85050221663', NULL, 'http://10.0.0.2:5802/images/avatar.png', NULL, 563, '', '', 'p.', NULL, NULL, NULL, '1985-05-02', 0, 0, 0, 20, NULL, NULL, NULL, NULL, 1),
	(514, '84101121703', NULL, 'http://10.0.0.2:5802/images/avatar.png', NULL, 564, '', '', 'p.', NULL, NULL, NULL, '1984-10-11', 0, 0, 0, 20, NULL, NULL, NULL, NULL, 1),
	(515, '85050321714', NULL, 'http://10.0.0.2:5802/images/avatar.png', NULL, 565, '', '', 'p.', NULL, NULL, NULL, '1985-05-03', 0, 0, 0, 20, NULL, NULL, NULL, NULL, 2),
	(516, '90122541407', NULL, 'http://10.0.0.2:5802/images/avatar.png', NULL, 566, '', '', 'p.', NULL, NULL, NULL, '1990-12-25', 0, 0, 0, 20, NULL, NULL, NULL, NULL, 1),
	(517, '71091306842', NULL, 'http://10.0.0.2:5802/images/avatar.png', NULL, 567, '', '', 'p.', NULL, NULL, NULL, '1971-09-13', 0, 0, 0, 20, NULL, NULL, NULL, NULL, 1),
	(518, '88112526069', NULL, 'http://10.0.0.2:5802/images/avatar.png', NULL, 568, '', '', 'p.', NULL, NULL, NULL, '1988-11-25', 0, 0, 0, 20, NULL, NULL, NULL, NULL, 1),
	(519, '95112044270', NULL, 'http://10.0.0.2:5802/images/avatar.png', NULL, 569, '', '', 'p.', NULL, NULL, NULL, '1995-11-20', 0, 0, 0, 20, NULL, NULL, NULL, NULL, 2),
	(520, '91031245707', NULL, 'http://10.0.0.2:5802/images/avatar.png', NULL, 570, '', '', 'p.', NULL, NULL, NULL, '1991-03-12', 0, 0, 0, 20, NULL, NULL, NULL, NULL, 1),
	(521, '69070814216', NULL, 'http://10.0.0.2:5802/images/avatar.png', NULL, 597, '', '', 'p.', NULL, NULL, NULL, '1969-07-08', 0, 0, 0, 20, NULL, NULL, NULL, NULL, 2),
	(522, '89091337568', NULL, 'http://10.0.0.2:5802/images/avatar.png', NULL, 598, '', '', 'p.', NULL, NULL, NULL, '1989-09-13', 0, 0, 0, 20, NULL, NULL, NULL, NULL, 1),
	(523, '95041944341', NULL, 'http://10.0.0.2:5802/images/avatar.png', NULL, 599, '', '', 'p.', NULL, NULL, NULL, '1995-04-19', 0, 0, 0, 20, NULL, NULL, NULL, NULL, 1),
	(524, '90100241188', NULL, 'http://10.0.0.2:5802/images/avatar.png', NULL, 600, '', '', 'p.', NULL, NULL, NULL, '1990-10-02', 0, 0, 0, 20, NULL, NULL, NULL, NULL, 1),
	(525, '89011637700', NULL, 'http://10.0.0.2:5802/images/avatar.png', NULL, 601, '', '', 'p.', NULL, NULL, NULL, '1989-01-16', 0, 0, 0, 20, NULL, NULL, NULL, NULL, 1),
	(526, '68020206545', NULL, 'http://10.0.0.2:5802/images/avatar.png', NULL, 602, '', '', 'p.', NULL, NULL, NULL, '1968-02-02', 0, 0, 0, 20, NULL, NULL, NULL, NULL, 1),
	(527, '72060708141', NULL, 'http://10.0.0.2:5802/images/avatar.png', NULL, 603, '', '', 'p.', NULL, NULL, NULL, '1972-06-07', 0, 0, 0, 20, NULL, NULL, NULL, NULL, 1),
	(528, '68031500504', NULL, 'http://10.0.0.2:5802/images/avatar.png', NULL, 604, '', '', 'p.', NULL, NULL, NULL, '1968-03-15', 0, 0, 0, 20, NULL, NULL, NULL, NULL, 1),
	(529, '81122618572', NULL, 'http://10.0.0.2:5802/images/avatar.png', NULL, 605, '', '', 'p.', NULL, NULL, NULL, '1981-12-26', 0, 0, 0, 20, NULL, NULL, NULL, NULL, 2),
	(530, '75102940258', NULL, 'http://10.0.0.2:5802/images/avatar.png', NULL, 606, '', '', 'p.', NULL, NULL, NULL, '1975-10-29', 0, 0, 0, 20, NULL, NULL, NULL, NULL, 2),
	(531, '92032743480', NULL, 'http://10.0.0.2:5802/images/avatar.png', NULL, 607, '', '', 'p.', NULL, NULL, NULL, '1992-03-27', 0, 0, 0, 20, NULL, NULL, NULL, NULL, 1),
	(532, '94040334382', NULL, 'http://10.0.0.2:5802/images/avatar.png', NULL, 608, '', '', 'p.', NULL, NULL, NULL, '1994-04-03', 0, 0, 0, 20, NULL, NULL, NULL, NULL, 1),
	(533, '56032807610', NULL, 'http://10.0.0.2:5802/images/avatar.png', NULL, 609, '', '', 'p.', NULL, NULL, NULL, '1956-03-28', 0, 0, 0, 20, NULL, NULL, NULL, NULL, 2);
/*!40000 ALTER TABLE `zab_person` ENABLE KEYS */;


-- Volcando estructura para tabla zentrogestorcopa.zab_reminder
CREATE TABLE IF NOT EXISTS `zab_reminder` (
  `id` bigint(20) NOT NULL AUTO_INCREMENT,
  `code` varchar(50) NOT NULL,
  `name` varchar(130) NOT NULL,
  `comment` text DEFAULT NULL,
  `value` bigint(20) DEFAULT NULL,
  `period` bigint(20) DEFAULT 0,
  PRIMARY KEY (`id`),
  UNIQUE KEY `code` (`code`)
) ENGINE=InnoDB DEFAULT CHARSET=latin1;

-- Volcando datos para la tabla zentrogestorcopa.zab_reminder: ~0 rows (aproximadamente)
/*!40000 ALTER TABLE `zab_reminder` DISABLE KEYS */;
/*!40000 ALTER TABLE `zab_reminder` ENABLE KEYS */;


-- Volcando estructura para tabla zentrogestorcopa.zgctr_documenttype
CREATE TABLE IF NOT EXISTS `zgctr_documenttype` (
  `id` bigint(20) NOT NULL AUTO_INCREMENT,
  `code` varchar(50) NOT NULL,
  `name` varchar(130) NOT NULL,
  `comment` text DEFAULT NULL,
  PRIMARY KEY (`id`),
  UNIQUE KEY `code` (`code`)
) ENGINE=InnoDB DEFAULT CHARSET=latin1;

-- Volcando datos para la tabla zentrogestorcopa.zgctr_documenttype: ~0 rows (aproximadamente)
/*!40000 ALTER TABLE `zgctr_documenttype` DISABLE KEYS */;
/*!40000 ALTER TABLE `zgctr_documenttype` ENABLE KEYS */;


-- Volcando estructura para tabla zentrogestorcopa.zgctr_entitytype
CREATE TABLE IF NOT EXISTS `zgctr_entitytype` (
  `id` bigint(20) NOT NULL AUTO_INCREMENT,
  `code` varchar(50) NOT NULL,
  `name` varchar(130) NOT NULL,
  `comment` text DEFAULT NULL,
  `specialcode` varchar(50) DEFAULT NULL,
  PRIMARY KEY (`id`),
  UNIQUE KEY `code` (`code`)
) ENGINE=InnoDB DEFAULT CHARSET=latin1;

-- Volcando datos para la tabla zentrogestorcopa.zgctr_entitytype: ~0 rows (aproximadamente)
/*!40000 ALTER TABLE `zgctr_entitytype` DISABLE KEYS */;
/*!40000 ALTER TABLE `zgctr_entitytype` ENABLE KEYS */;


-- Volcando estructura para tabla zentrogestorcopa.zgctr_location
CREATE TABLE IF NOT EXISTS `zgctr_location` (
  `id` bigint(20) NOT NULL AUTO_INCREMENT,
  `code` varchar(50) NOT NULL,
  `name` varchar(130) NOT NULL,
  `comment` text DEFAULT NULL,
  `specialcode` varchar(50) DEFAULT NULL,
  `parentid` bigint(20) DEFAULT NULL,
  `path` text DEFAULT NULL,
  `icon` text DEFAULT NULL,
  PRIMARY KEY (`id`),
  UNIQUE KEY `code` (`code`),
  KEY `parentid_idx` (`parentid`),
  CONSTRAINT `zgctr_location_parentid_zgctr_location_id` FOREIGN KEY (`parentid`) REFERENCES `zgctr_location` (`id`) ON DELETE CASCADE
) ENGINE=InnoDB AUTO_INCREMENT=93 DEFAULT CHARSET=latin1;

-- Volcando datos para la tabla zentrogestorcopa.zgctr_location: ~92 rows (aproximadamente)
/*!40000 ALTER TABLE `zgctr_location` DISABLE KEYS */;
INSERT INTO `zgctr_location` (`id`, `code`, `name`, `comment`, `specialcode`, `parentid`, `path`, `icon`) VALUES
	(1, '1153', 'Holguin', NULL, NULL, NULL, NULL, NULL),
	(2, '11531', 'GIBARA', NULL, NULL, 1, NULL, NULL),
	(3, '11532', 'RAFAEL FREIRE', NULL, NULL, 1, NULL, NULL),
	(4, '11533', 'BANES', NULL, NULL, 1, NULL, NULL),
	(5, '11534', 'ANTILLA', NULL, NULL, 1, NULL, NULL),
	(6, '11535', 'BAGUANOS', NULL, NULL, 1, NULL, NULL),
	(7, '11536', 'HOLGUIN', NULL, NULL, 1, NULL, NULL),
	(8, '115361', 'Alcides Pino', NULL, NULL, 7, NULL, NULL),
	(9, '1153611', 'Alcides Pino', NULL, NULL, 8, NULL, NULL),
	(10, '115362', 'Vista Alegre', NULL, NULL, 7, NULL, NULL),
	(11, '1153621', 'Vista Alegre', NULL, NULL, 10, NULL, NULL),
	(12, '1153622', 'La Quinta', NULL, NULL, 10, NULL, NULL),
	(13, '115363', 'Pedro Díaz Coello', NULL, NULL, 7, NULL, NULL),
	(14, '1153631', 'San Field', NULL, NULL, 13, NULL, NULL),
	(15, '1153632', 'Revolución', NULL, NULL, 13, NULL, NULL),
	(16, '1153633', 'El Bosque', NULL, NULL, 13, NULL, NULL),
	(17, '1153634', 'Hermanos Aguilera', NULL, NULL, 13, NULL, NULL),
	(18, '115364', 'Pueblo Nuevo', NULL, NULL, 7, NULL, NULL),
	(19, '1153641', '26 de julio', NULL, NULL, 18, NULL, NULL),
	(20, '1153642', 'Villa Nueva', NULL, NULL, 18, NULL, NULL),
	(21, '1153643', 'Hilda Torres', NULL, NULL, 18, NULL, NULL),
	(22, '1153644', 'Pueblo Nuevo', NULL, NULL, 18, NULL, NULL),
	(23, '115365', 'Harlem', NULL, NULL, 7, NULL, NULL),
	(24, '1153651', 'Santiesteban', NULL, NULL, 23, NULL, NULL),
	(25, '1153652', 'El Piti', NULL, NULL, 23, NULL, NULL),
	(26, '1153653', 'Ciudad Jardín', NULL, NULL, 23, NULL, NULL),
	(27, '1153654', 'Harlem', NULL, NULL, 23, NULL, NULL),
	(28, '115366', 'Alex Urquiola', NULL, NULL, 7, NULL, NULL),
	(29, '1153661', 'Alex Urquiola', NULL, NULL, 28, NULL, NULL),
	(30, '1153662', 'Ramón Quintana', NULL, NULL, 28, NULL, NULL),
	(31, '1153663', 'Emilio Barcenas', NULL, NULL, 28, NULL, NULL),
	(32, '1153664', 'Fabrica de Cervezas', NULL, NULL, 28, NULL, NULL),
	(33, '115367', 'Edecio Pérez', NULL, NULL, 7, NULL, NULL),
	(34, '1153671', 'El Jardín', NULL, NULL, 33, NULL, NULL),
	(35, '1153672', 'Oscar Lucero', NULL, NULL, 33, NULL, NULL),
	(36, '1153673', 'Matamoros', NULL, NULL, 33, NULL, NULL),
	(37, '1153674', 'ITH', NULL, NULL, 33, NULL, NULL),
	(38, '1153675', 'MINFAR', NULL, NULL, 33, NULL, NULL),
	(39, '1153676', 'El Coco', NULL, NULL, 33, NULL, NULL),
	(40, '115368', 'Distrito Lenin', NULL, NULL, 7, NULL, NULL),
	(41, '1153681', 'Lenin', NULL, NULL, 40, NULL, NULL),
	(42, '1153682', 'Libertad', NULL, NULL, 40, NULL, NULL),
	(43, '1153683', 'Nuevo Llano', NULL, NULL, 40, NULL, NULL),
	(44, '1153684', 'Salida de San Andrés', NULL, NULL, 40, NULL, NULL),
	(45, '115369', 'Centro Ciudad Norte', NULL, NULL, 7, NULL, NULL),
	(46, '115369122', 'Sayas', NULL, NULL, 45, NULL, NULL),
	(47, '115369211', 'El Llano', NULL, NULL, 45, NULL, NULL),
	(48, '1153692134', 'Centro Ciudad Norte', NULL, NULL, 45, NULL, NULL),
	(49, '1153691', 'Centro Ciudad Sur', NULL, NULL, 7, NULL, NULL),
	(50, '11536911', 'Centro Ciudad Sur', NULL, NULL, 49, NULL, NULL),
	(51, '11536912', 'Peralta', NULL, NULL, 49, NULL, NULL),
	(52, '11536913', 'Palomo', NULL, NULL, 49, NULL, NULL),
	(53, '1153692', 'Purnio', NULL, NULL, 7, NULL, NULL),
	(54, '1153693', 'San Andrés', NULL, NULL, 7, NULL, NULL),
	(55, '11536931', 'Loma Blanca', NULL, NULL, 54, NULL, NULL),
	(56, '11536932', 'San Andrés', NULL, NULL, 54, NULL, NULL),
	(57, '1153694', 'Aguas Claras', NULL, NULL, 7, NULL, NULL),
	(58, '11536941', 'Yaraniquén', NULL, NULL, 57, NULL, NULL),
	(59, '11536942', 'Aguas Claras', NULL, NULL, 57, NULL, NULL),
	(60, '11536943', 'La Trocha', NULL, NULL, 57, NULL, NULL),
	(61, '11536944', 'Managuaco', NULL, NULL, 57, NULL, NULL),
	(62, '1153695', 'El Purial', NULL, NULL, 7, NULL, NULL),
	(63, '1153696', 'Sao Arriba', NULL, NULL, 7, NULL, NULL),
	(64, '1153697', 'San Rafael', NULL, NULL, 7, NULL, NULL),
	(65, '11536971', 'San Rafael', NULL, NULL, 64, NULL, NULL),
	(66, '11536972', 'Las Biajacas', NULL, NULL, 64, NULL, NULL),
	(67, '1153698', 'La Cuaba', NULL, NULL, 7, NULL, NULL),
	(68, '11536981', 'La Cuaba', NULL, NULL, 67, NULL, NULL),
	(69, '1153699', 'Pedernales', NULL, NULL, 7, NULL, NULL),
	(70, '1153699111', '28 de septiembre', NULL, NULL, 69, NULL, NULL),
	(71, '11536992123', 'Teresa', NULL, NULL, 69, NULL, NULL),
	(72, '11536993321', 'El Pazón', NULL, NULL, 69, NULL, NULL),
	(73, '11536991', 'Yareyal', NULL, NULL, 7, NULL, NULL),
	(74, '115369911', 'Brisas de Yareyal', NULL, NULL, 73, NULL, NULL),
	(75, '115369912', 'La Ceiba', NULL, NULL, 73, NULL, NULL),
	(76, '115369913', 'Damian', NULL, NULL, 73, NULL, NULL),
	(77, '115369914', 'Tomy', NULL, NULL, 73, NULL, NULL),
	(78, '11536992', 'Zona Industrial', NULL, NULL, 7, NULL, NULL),
	(79, '115369921', 'Guirabito', NULL, NULL, 78, NULL, NULL),
	(80, '115369922', 'Campuchea', NULL, NULL, 78, NULL, NULL),
	(81, '115369923', 'Zona Industrial', NULL, NULL, 78, NULL, NULL),
	(82, '115369924', 'Certeneja', NULL, NULL, 78, NULL, NULL),
	(83, '11536993', 'La Yuraguana', NULL, NULL, 7, NULL, NULL),
	(84, '115369931', 'La Yuraguana', NULL, NULL, 83, NULL, NULL),
	(85, '11538', 'URBANO NORIS', NULL, NULL, 1, NULL, NULL),
	(86, '11539', 'CUETO', NULL, NULL, 1, NULL, NULL),
	(87, '115391', 'MAYARI', NULL, NULL, 1, NULL, NULL),
	(88, '115392', 'FRANK PAIS', NULL, NULL, 1, NULL, NULL),
	(89, '115393', 'MOA', NULL, NULL, 1, NULL, NULL),
	(90, '115394', 'CACOCM', NULL, NULL, 1, NULL, NULL),
	(91, '115395', 'SAGUA DE TANAMO', NULL, NULL, 1, NULL, NULL),
	(92, '3d3201ff3587c9ef96fb3890f7f6670e', 'Guajabales', '', NULL, 40, NULL, NULL);
/*!40000 ALTER TABLE `zgctr_location` ENABLE KEYS */;


-- Volcando estructura para tabla zentrogestorcopa.zgctr_nationality
CREATE TABLE IF NOT EXISTS `zgctr_nationality` (
  `id` bigint(20) NOT NULL AUTO_INCREMENT,
  `code` varchar(50) NOT NULL,
  `name` varchar(130) NOT NULL,
  `comment` text DEFAULT NULL,
  PRIMARY KEY (`id`),
  UNIQUE KEY `code` (`code`)
) ENGINE=InnoDB DEFAULT CHARSET=latin1;

-- Volcando datos para la tabla zentrogestorcopa.zgctr_nationality: ~0 rows (aproximadamente)
/*!40000 ALTER TABLE `zgctr_nationality` DISABLE KEYS */;
/*!40000 ALTER TABLE `zgctr_nationality` ENABLE KEYS */;


-- Volcando estructura para tabla zentrogestorcopa.zgtcp_activity
CREATE TABLE IF NOT EXISTS `zgtcp_activity` (
  `id` bigint(20) NOT NULL AUTO_INCREMENT,
  `code` varchar(30) NOT NULL,
  `name` varchar(130) NOT NULL,
  `comment` text DEFAULT NULL,
  `fixed` tinyint(1) NOT NULL,
  `amount` decimal(18,2) NOT NULL,
  `activitygroupid` bigint(20) DEFAULT NULL,
  `onatcode` varchar(30) DEFAULT NULL,
  `mtsscode` varchar(30) DEFAULT NULL,
  PRIMARY KEY (`id`),
  UNIQUE KEY `code` (`code`),
  KEY `activitygroupid_idx` (`activitygroupid`),
  CONSTRAINT `zgtcp_activity_activitygroupid_zgtcp_activitygroup_id` FOREIGN KEY (`activitygroupid`) REFERENCES `zgtcp_activitygroup` (`id`) ON DELETE SET NULL
) ENGINE=InnoDB AUTO_INCREMENT=191 DEFAULT CHARSET=latin1;

-- Volcando datos para la tabla zentrogestorcopa.zgtcp_activity: ~190 rows (aproximadamente)
/*!40000 ALTER TABLE `zgtcp_activity` DISABLE KEYS */;
INSERT INTO `zgtcp_activity` (`id`, `code`, `name`, `comment`, `fixed`, `amount`, `activitygroupid`, `onatcode`, `mtsscode`) VALUES
	(1, '1dbfbe975b980e79b5c31fb478e2e4', 'Elaborador vendedor de alimentos y bebidas mediante servicio gastronomico en Restaurantes (Paladares).', NULL, 1, 700.00, 1, NULL, NULL),
	(2, '21d50338669894d4ed1bb966875a80', 'Elaborador vendedor de alimentos y bebidas no alcoholicas a domicilio.', NULL, 1, 250.00, 1, NULL, NULL),
	(3, 'bf97399629e413f1a55028ab1fa5a5', 'Elaborador vendedor de alimentos y bebidas en punto fijo de venta (Cafeteria).', NULL, 1, 400.00, 1, NULL, NULL),
	(4, '77a78fde9b8d1f740c3edb7c2e56a4', 'Cafeteria de alimentos ligeros.', NULL, 1, 200.00, 1, NULL, NULL),
	(5, '1cee965df43e18ca545f8a08bf86cb', 'Elaborador vendedor de vinos.', NULL, 1, 120.00, 1, NULL, NULL),
	(6, 'ba37b3f09f1f40eec536b7c68bb782', 'Vendedor mayorista de productos agropecuarios.', NULL, 1, 500.00, 1, NULL, NULL),
	(7, 'f34f7c25b04c6128c9ac4f1910d3b5', 'Vendedor minorista de productos agropecuarios.', NULL, 1, 300.00, 1, NULL, NULL),
	(8, '53c393a03b30b0853f5700f62b8258', 'Artesano.', NULL, 1, 300.00, 2, NULL, NULL),
	(9, 'fea72b20bc4ef68a7f92eeed5bd8b3', 'Constructor vendedor o reparador de articulos de mimbre.', NULL, 1, 70.00, 2, NULL, NULL),
	(10, 'c8479ad1453ab977c0b8d45e7f2e6b', 'Elaborador vendedor de jabon, betun, tintas y otros similares.', NULL, 1, 80.00, 2, NULL, NULL),
	(11, '4aa9e977ebc0e53fed57ee9263476c', 'Productor vendedor de accesorios de goma.', '', 1, 80.00, 2, '', ''),
	(12, 'eb80e42ac3238de32612bf9161e1d1', 'Productor vendedor de articulos de alfareria.', NULL, 1, 80.00, 2, NULL, NULL),
	(13, 'db4509e788923df4e64a4c5160eb82', 'Productor vendedor de articulos de fundicion no ferrosa.', NULL, 1, 80.00, 2, NULL, NULL),
	(14, '179cdde69a3af6b7a2856e90ea5009', 'Productor vendedor de articulos religiosos (excepto las piezas que tengan valor patrimonial segun regula el Ministerio de Cultura)', NULL, 1, 100.00, 2, NULL, NULL),
	(15, '5f41bdaaab6778817af3b2cadffb45', 'Productor vendedor de bisuteria de metal y recursos naturales.', NULL, 1, 300.00, 2, NULL, NULL),
	(16, '3c4fc936dbd6470102cc2a4415bac3', 'Productor vendedor de calzado.', NULL, 1, 400.00, 2, NULL, NULL),
	(17, '3f9f219b2d0219edfefe691cdcdc90', 'Talabartero.', NULL, 1, 50.00, 2, NULL, NULL),
	(18, 'f4a35268a49cde9d07ffa5cdf093e8', 'Alquiler de trajes.', NULL, 1, 250.00, 3, NULL, NULL),
	(19, '70f04a81df7eb6822ce1ae65c2904e', 'Aserrador.', NULL, 1, 60.00, 3, NULL, NULL),
	(20, '20a9abd036f1056eea3f88ac1760e6', 'Barbero.', NULL, 1, 100.00, 3, NULL, NULL),
	(21, '9205c163a93bcba3f67c775701d4b6', 'Bordadora - tejedora.', NULL, 1, 40.00, 3, NULL, NULL),
	(22, '755cfb767ceb320346231ff2d920f3', 'Cantero.', NULL, 1, 60.00, 3, NULL, NULL),
	(23, '0a423dbba38580e6d5ff8a54923548', 'Chapistero.', NULL, 1, 300.00, 3, NULL, NULL),
	(24, '99c2ccb483187a55f9aa5a29058641', 'Chapistero de bienes muebles.', NULL, 1, 100.00, 3, NULL, NULL),
	(25, 'dce19e9abbdeeab0eb981ff1a1a2b8', 'Decorador.', NULL, 1, 150.00, 3, NULL, NULL),
	(26, '7b738f8800cfae86d2540c340c917d', 'Elaborador vendedor de articulos de marmol.', '', 1, 250.00, 3, '629', ''),
	(27, '94b3e8de601a25f0153460d9dae188', 'Electricista automotriz.', NULL, 1, 150.00, 3, NULL, NULL),
	(28, '3f0f0215c5adf9267df298d111e5b0', 'Enrollador de motores, bobinas, y otros equipos.', NULL, 1, 100.00, 3, NULL, NULL),
	(29, '47331e6f387a56d2cc77a5b956fdd2', 'Fotografo.', NULL, 1, 200.00, 3, NULL, NULL),
	(30, '00243569f0795d9c038ca065d70bf6', 'Fundidor.', NULL, 1, 50.00, 3, NULL, NULL),
	(31, '1979a3893cf62a613d1e7053ac6aa2', 'Herrero.', NULL, 1, 50.00, 3, NULL, NULL),
	(32, '1e61ea3409656618cadd3f7e97836f', 'Manicura.', NULL, 1, 60.00, 3, NULL, NULL),
	(33, '3063a463ef16161f6bb9004c2a9fea', 'Maquillista.', NULL, 1, 45.00, 3, NULL, NULL),
	(34, '521d092a2221e7806ba3baf6483993', 'Mecanico de equipos de refrigeracion.', NULL, 1, 100.00, 3, NULL, NULL),
	(35, 'fc3bd2ca78539733edb1829492fe98', 'Oxicortador.', NULL, 1, 45.00, 3, NULL, NULL),
	(36, '082d226c4680b7ca80ed302bce6512', 'Organizador de servicios integrales para fiestas de quince, bodas y otras actividades.', NULL, 1, 300.00, 3, NULL, NULL),
	(37, 'e7d0bd72eee035f5a1bc460a7eb8fa', 'Peluquera.', '', 1, 250.00, 3, '', ''),
	(38, '2858cc707e4100ad1ee042dac5a512', 'Peluquero de animales domesticos.', NULL, 1, 60.00, 3, NULL, NULL),
	(39, '663e959351b5d74234a80cafa4564e', 'Pintor automotriz.', NULL, 1, 300.00, 3, NULL, NULL),
	(40, '49838b2d1543c8e953ef1e1224d0e6', 'Pintor de bienes muebles o barnizador.', NULL, 1, 80.00, 3, NULL, NULL),
	(41, '42a3bfbacd571555d4ff749b329ce1', 'Pintor rotulista.', NULL, 1, 60.00, 3, NULL, NULL),
	(42, '8f7237e582801c8dafd214571ffc6e', 'Productor vendedor o recolector vendedor de articulos de alfareria u otros materiales con fines constructivos.', NULL, 1, 100.00, 3, NULL, NULL),
	(43, 'a77516d51ad6b01d169fb0895d6cc9', 'Pulidor de metales.', NULL, 1, 40.00, 3, NULL, NULL),
	(44, 'a8942af1301a7149b9f3ec1ec627e4', 'Reparador de articulos de joyeria.', NULL, 1, 200.00, 3, NULL, NULL),
	(45, 'c27e418366294ccb5548e1b3365268', 'Reparador de colchones.', NULL, 1, 100.00, 3, NULL, NULL),
	(46, 'c35f2396db37e5153be8382f68cb1b', 'Reparador de enseres menores.', NULL, 1, 60.00, 3, NULL, NULL),
	(47, '8c3e68fe4867d50a889e680f0e9f61', 'Reparador de equipos electricos y electronicos.', NULL, 1, 90.00, 3, NULL, NULL),
	(48, '86f517a25774fbf1537f125d077c27', 'Reparador de equipos mecanicos y de combustion.', NULL, 1, 100.00, 3, NULL, NULL),
	(49, '108871d8bc6e2f4eb93f1a741d159b', 'Soldador.', NULL, 1, 60.00, 3, NULL, NULL),
	(50, '08dbbd52dd473ed0f5462a1e3589ad', 'Tapicero.', NULL, 1, 100.00, 3, NULL, NULL),
	(51, '0d409ce679ba858d4a35534b645d83', 'Tornero.', NULL, 1, 60.00, 3, NULL, NULL),
	(52, '7a20c4c7cf1fc10943242a0cf8c562', 'Restaurador de obras de arte.', NULL, 1, 250.00, 3, NULL, NULL),
	(53, 'f792b16e6aea9c4d9f9954302e39da', 'Anticuario.', NULL, 1, 400.00, 3, NULL, NULL),
	(54, '0f08b9ed5987b51eb4cfd24eb1f9f7', 'Arrendamiento de viviendas (por habitacion). Modalidad CUC.', NULL, 1, 750.00, 4, NULL, NULL),
	(55, 'e797fe41715d49012e7fc5a3188668', 'Arrendamiento de viviendas (por habitacion). Modalidad CUP.', NULL, 1, 30.00, 4, NULL, NULL),
	(56, '789493237b87822cdf988c7eff0eaf', 'Arrendamiento de habitaciones (por habitacion). Modalidad CUC.', NULL, 1, 875.00, 4, NULL, NULL),
	(57, 'bd5958e08a3def76cffd63a7659093', 'Arrendamiento de habitaciones (por habitacion). Modalidad CUP.', NULL, 1, 40.00, 4, NULL, NULL),
	(58, '465c52811e0af1556baeb465289981', 'Arrendamiento de espacios: Garaje (Uno). Modalidad CUC.', NULL, 1, 125.00, 4, NULL, NULL),
	(59, '550e96e585857a8e19cee2699cbec4', 'Arrendamiento de espacios: Garaje (Uno). Modalidad CUP.', NULL, 1, 25.00, 4, NULL, NULL),
	(60, '37304c901d62899075328afeac77e1', 'Arrendamiento de espacios: Piscina (Por m2). Modalidad CUC.', NULL, 1, 125.00, 4, NULL, NULL),
	(61, '36aab84627795cdaf38ed76b5d0dae', 'Arrendamiento de espacios:. Modalidad CUP.', '', 1, 70.00, 4, '', ''),
	(62, '4f692c9dcf068e65b5ba569f6eaf6b', 'Arrendamiento de espacios: Otros espacios. Modalidad CUC.', NULL, 1, 200.00, 4, NULL, NULL),
	(63, '5cee0049de738de95e7f8706e1f5d3', 'Alquiler de animales.', NULL, 1, 80.00, 5, NULL, NULL),
	(64, '7bbbfddd220406e77ea4a6daa5ed9d', 'Animador de fiestas, payasos o magos.', NULL, 1, 100.00, 5, NULL, NULL),
	(65, '11440993ed25fb5cd3efcdc65aa123', 'Servicio de coche de uso infantil tirado por animales.', NULL, 1, 80.00, 5, NULL, NULL),
	(66, '5f486bede6f305db241f4a8f4e1712', 'Criador vendedor de animales afectivos.', NULL, 1, 60.00, 5, NULL, NULL),
	(67, '381796af67c7779dd81bb13bac0562', 'Instructor de practicas deportivas.', NULL, 1, 150.00, 5, NULL, NULL),
	(68, 'f2dc542477f809e2d2a9821a9db126', 'Operador de audio.', NULL, 1, 100.00, 5, NULL, NULL),
	(69, '7227c62edafb4f59688088acbecf3b', 'Operador de equipos de recreacion.', NULL, 1, 100.00, 5, NULL, NULL),
	(70, '3d8cb7790b69ff1552874cf7d12306', 'Productor, recolector vendedor de hierbas para alimento animal o Productor, recolector vendedor de hierbas medicinales.', NULL, 1, 80.00, 5, NULL, NULL),
	(71, 'd3f36e32bf2b37206f2fa71bcd710c', 'Productor vendedor de flores y plantas ornamentales.', NULL, 1, 100.00, 5, NULL, NULL),
	(72, '04e5238ee0d2f39a33d353a07af2cd', 'Profesor de musica y otras artes.', NULL, 1, 100.00, 5, NULL, NULL),
	(73, '5d6f1b871ce6b68e42da3d977c6f1b', 'Programador de equipos de computo.', 'Res. Org. Rector: 42/2013. Res. MFP: 353/2013.', 1, 80.00, 5, '607', '103'),
	(74, '7b28df2f54c1fd390f32666412f266', 'Gestor de permutas y compra-venta de viviendas.', NULL, 1, 500.00, 5, NULL, NULL),
	(75, '784f3a6ab20b7e39fdde2668decc6d', 'Albañil.', NULL, 1, 80.00, 6, NULL, NULL),
	(76, 'f32654ee87b882fa1190ce436547b9', 'Carpintero.', NULL, 1, 200.00, 6, NULL, NULL),
	(77, 'b0c5f48b668708ade697b7f8b19b8f', 'Cristalero.', NULL, 1, 70.00, 6, NULL, NULL),
	(78, '4b2a84a2d7cec0e904ea4d3d60001b', 'Electricista.', NULL, 1, 100.00, 6, NULL, NULL),
	(79, '4be4df393a020a83f022103f400aa0', 'Plomero.', NULL, 1, 80.00, 6, NULL, NULL),
	(80, '5f1a9cb7b645654218cd8e0f9134d4', 'Pulidor de Pisos.', NULL, 1, 40.00, 6, NULL, NULL),
	(81, '20cfbf8164394b98e8e9181d34c9f3', 'Granitero.', NULL, 1, 150.00, 6, NULL, NULL),
	(82, '685cbb8250996a6a6a577a6d8d8cbf', 'Transporte de carga con medios de traccion de motor con capacidad de: Hasta una tonelada.', NULL, 1, 75.00, 7, NULL, NULL),
	(83, '10b4c26d2e01304561424ac75e58f6', 'Transporte de carga con medios de traccion de motor con capacidad de: Mas de una y hasta tres toneladas.', NULL, 1, 150.00, 7, NULL, NULL),
	(84, '930d249fd71d64338005c0625616db', 'Transporte de carga con medios de traccion de motor con capacidad de: Mas de tres y hasta diez toneladas.', NULL, 1, 350.00, 7, NULL, NULL),
	(85, 'd3920b7327887d1cceb0c77f1649e8', 'Transporte de carga con medios de traccion de motor con capacidad de: Mas de diez y hasta veinte toneladas.', NULL, 1, 350.00, 7, NULL, NULL),
	(86, '83585280e7b183ebc5ff78fa6cfa17', 'Transporte de carga con medios de traccion de motor con capacidad de: Mas de veinte toneladas.', NULL, 1, 450.00, 7, NULL, NULL),
	(87, '2c4eaadfa4e1ffb2e6a3d0b8f2caa2', 'Transporte de carga en lanchas o botes.', NULL, 1, 30.00, 7, NULL, NULL),
	(88, '9404e0fe794b9475ab8053cf90f25a', 'Transporte de pasajeros con medios de traccion de motor con capacidad de: Hasta seis pasajeros.', NULL, 1, 350.00, 7, NULL, NULL),
	(89, '659687cffb6565a5d3ffc35b128086', 'Transporte de pasajeros con medios de traccion de motor con capacidad de: Mas de seis y hasta quince pasajeros.', NULL, 1, 450.00, 7, NULL, NULL),
	(90, 'c3f85d785efca112e30e9e4e3cc320', 'Transporte de pasajeros con medios de traccion de motor con capacidad de: Mas de quince pasajeros.', NULL, 1, 575.00, 7, NULL, NULL),
	(91, '7cd1278b12b4df6ce6b5d50823ec33', 'Transporte de pasajeros en lanchas o botes.', NULL, 1, 30.00, 7, NULL, NULL),
	(92, '2edda1fa4c50e814cdc0fc34f6af3b', 'Transporte de pasajeros con medios de traccion animal.', '', 1, 110.00, 7, '', ''),
	(93, '12a16813cc5d9cdd7f2ecd10106946', 'Transporte de pasajeros en motos.', NULL, 1, 250.00, 7, NULL, NULL),
	(94, '42840e5504a992644ef23fe945d3e4', 'Afinador y reparador de instrumentos musicales.', NULL, 1, 90.00, NULL, NULL, NULL),
	(95, '0535a618f77fa638532c1ed2cbc8b2', 'Agente de Seguros.', NULL, 1, 20.00, NULL, NULL, NULL),
	(96, '0447cce2a68451741fb8c194e6ab15', 'Aguador.', NULL, 1, 70.00, NULL, NULL, NULL),
	(97, '52560270d54e2b264d202b6ad178cf', 'Amolador.', NULL, 1, 40.00, NULL, NULL, NULL),
	(98, '56a18c265022a755bbd38e53be8704', 'Arriero.', NULL, 1, 30.00, NULL, NULL, NULL),
	(99, '49fecc1ed58edb6f5c2d248368a2de', 'Boyero o carretero.', NULL, 1, 50.00, NULL, NULL, NULL),
	(100, '8dd0f679e4ef0f59297e1799f5ec8b', 'Carretillero o vendedor de productos agricolas en forma ambulatoria.', '', 1, 70.00, NULL, '103', ''),
	(101, '3c58d32b47390318dcb29ef4d9fdcf', 'Cerrajero.', NULL, 1, 80.00, NULL, NULL, NULL),
	(102, 'cc090f0ec8b4da215431cc15dffdb6', 'Cobrador pagador.', NULL, 1, 100.00, NULL, NULL, NULL),
	(103, '9d5f1bb1ae77f77743629541b9ff8b', 'Comprador vendedor de libros de uso.', NULL, 1, 60.00, NULL, NULL, NULL),
	(104, '73327846eb912f8f2deefd4597d33b', 'Constructor vendedor o montador de antenas de radio y television.', NULL, 1, 80.00, NULL, NULL, NULL),
	(105, 'fcbeff0e74bdd4e27bc9a5c301cc37', 'Cuidador de animales.', NULL, 1, 120.00, NULL, NULL, NULL),
	(106, 'f1a8d1eb79dd9d20082849869c18ab', 'Cuidador de baños publicos y taquillas.', NULL, 1, 70.00, NULL, NULL, NULL),
	(107, '9c7417512960ac89ffed377e627055', 'Cuidador de enfermos, personas con discapacidad y ancianos.', NULL, 1, 20.00, NULL, NULL, NULL),
	(108, 'ad3ce4ced2c2404f3943fc1a10ee85', 'Asistente para el cuidado de niños.', NULL, 1, 80.00, NULL, NULL, NULL),
	(109, '029298abb82917027d5129edf02c96', 'Cuidador de parques.', NULL, 1, 50.00, NULL, NULL, NULL),
	(110, '4cf81f42df0c69b65604e0efee6d43', 'Curtidor de pieles.', '', 1, 60.00, NULL, '', ''),
	(111, '7fd7901d6ab52d2333ac6b491a28e3', 'Desmochador de palmas.', NULL, 1, 20.00, NULL, NULL, NULL),
	(112, 'ca9ced61eaa6674f0e5e7a40ec5036', 'Elaborador vendedor de alimentos y bebidas no alcoholicas de forma ambulatoria.', '', 1, 150.00, NULL, '660', ''),
	(113, 'eb41d9d84121f9623079fa97b2f61f', 'Elaborador vendedor de carbon.', NULL, 1, 30.00, NULL, NULL, NULL),
	(114, 'e015fc305033d58ec3f5879373dcee', 'Elaborador vendedor de yugos, frontiles y sogas.', NULL, 1, 40.00, NULL, NULL, NULL),
	(115, 'a1571d8eeaec951e84dc90b96435d7', 'Encargado, limpiador y turbinero de inmuebles.', NULL, 1, 30.00, NULL, NULL, NULL),
	(116, '8aca4af9e03f6f742043076f6cde0c', 'Entrenador de animales.', NULL, 1, 80.00, NULL, NULL, NULL),
	(117, 'bf16cb806ecc3d4343733e944b2f46', 'Fabricante vendedor de coronas y flores.', NULL, 1, 80.00, NULL, NULL, NULL),
	(118, '26652e38908f12190efde4be525ee4', 'Forrador de botones.', NULL, 1, 30.00, NULL, NULL, NULL),
	(119, '315cdb8e86f7f60819aa6311538982', 'Fregador engrasador de equipos automotores.', NULL, 1, 40.00, NULL, NULL, NULL),
	(120, 'd16bb066c183299158a0fa8f87210d', 'Grabador cifrador de objetos.', NULL, 1, 40.00, NULL, NULL, NULL),
	(121, '4424f4b3493f2ca03b1066ef66dd10', 'Gestor de pasaje en piquera.', NULL, 1, 80.00, NULL, NULL, NULL),
	(122, '86af7fb7b7102d0182c7e73bb0c6f8', 'Herrador de animales o productor vendedor de herraduras y clavos.', NULL, 1, 30.00, NULL, NULL, NULL),
	(123, '699ddf7333a05f12b84e4c237de7a6', 'Hojalatero.', NULL, 1, 40.00, NULL, NULL, NULL),
	(124, '217c83373e9365d9d355b7341bc374', 'Instructor de automovilismo.', NULL, 1, 100.00, NULL, NULL, NULL),
	(125, 'f7d57acc425614985fe169746ca639', 'Jardinero.', NULL, 1, 60.00, NULL, NULL, NULL),
	(126, '91a5f5dd98663f51b4cab97d40e827', 'Lavandero o planchador.', NULL, 1, 30.00, NULL, NULL, NULL),
	(127, '0d4758e1159e62bc3a46fbd72836c6', 'Leñador.', NULL, 1, 30.00, NULL, NULL, NULL),
	(128, '18ea1fec4ea9676441c84beaddf9a6', 'Limpiabotas.', NULL, 1, 20.00, NULL, NULL, NULL),
	(129, '92ac4c3512036ccdb0fca18a1f7855', 'Limpiador y comprobador de bujias.', NULL, 1, 40.00, NULL, NULL, NULL),
	(130, 'e3919af82669dc37f2caff676a319d', 'Limpiador y reparador de fosas.', NULL, 1, 20.00, NULL, NULL, NULL),
	(131, '462188e154188a5f50e88627759f84', 'Masajista.', NULL, 1, 80.00, NULL, NULL, NULL),
	(132, '854dce8912a89ce1ba8a486a2dd13c', 'Masillero.', NULL, 1, 50.00, NULL, NULL, NULL),
	(133, '352b179fd3c71aef661b280c85c064', 'Mecanografo.', '', 1, 30.00, NULL, '', ''),
	(134, '304e62fa97849b4a7a98da04334e40', 'Mensajero.', NULL, 1, 40.00, NULL, NULL, NULL),
	(135, '1c18efaf4e60d7b086302f5b05ef0a', 'Modista o sastre.', NULL, 1, 80.00, NULL, NULL, NULL),
	(136, '8c231256752e14a6fb449e91346a74', 'Molinero.', NULL, 1, 60.00, NULL, NULL, NULL),
	(137, '82c04072a69094cda66880aca14370', 'Operador de compresor de aire, ponchero o reparador de neumaticos.', NULL, 1, 100.00, NULL, NULL, NULL),
	(138, '81e4c25af9291ea46f66ceb8f91c09', 'Parqueador cuidador de equipos automotores, ciclos y triciclos.', NULL, 1, 80.00, NULL, NULL, NULL),
	(139, '575d0348bd2a091b837b156c334dea', 'Trabajador domestico.', NULL, 1, 30.00, NULL, NULL, NULL),
	(140, '6f30b3013b40de2dc8813634ca8224', 'Pintor de inmuebles.', NULL, 1, 100.00, NULL, NULL, NULL),
	(141, '484dbb96ba9e31fed022b3803c7241', 'Piscicultor.', NULL, 1, 45.00, NULL, NULL, NULL),
	(142, 'fceb8321a52d98a9f03a0609cc5fd2', 'Plasticador.', NULL, 1, 30.00, NULL, NULL, NULL),
	(143, '5feadf1cfb44dfbca6aa337e75fe13', 'Pocero.', NULL, 1, 30.00, NULL, NULL, NULL),
	(144, '419d6524e68d62901e8805d2e179a3', 'Productor vendedor de articulos varios de uso en el hogar.', NULL, 1, 70.00, NULL, NULL, NULL),
	(145, '245cf4adfc4e91eda91ed834f959e5', 'Productor vendedor de articulos de aluminio.', NULL, 1, 100.00, NULL, NULL, NULL),
	(146, '37933c5f63497000598c675f045c7e', 'Productor vendedor de bastos, paños y monturas.', NULL, 1, 40.00, NULL, NULL, NULL),
	(147, '04e737f02347dfb5dbf99c5712582a', 'Productor vendedor de figuras de yeso.', NULL, 1, 40.00, NULL, NULL, NULL),
	(148, 'a95ddd6f4a65f8a6dc4064862e5dd1', 'Productor vendedor de piñatas y otros articulos similares para cumpleaños.', NULL, 1, 80.00, NULL, NULL, NULL),
	(149, 'af086fd53e836aab214235cc743744', 'Productor vendedor de escobas, cepillos y similares.', NULL, 1, 60.00, NULL, NULL, NULL),
	(150, '0962d8048dd5f97d64aeda44677927', 'Recolector vendedor de recursos naturales.', NULL, 1, 20.00, NULL, NULL, NULL),
	(151, '72b5643cec64d218681b016c26c7e2', 'Profesor de taquigrafia, mecanografia e idiomas.', NULL, 1, 100.00, NULL, NULL, NULL),
	(152, '541f4c0870723b49fa57ac25e537fd', 'Recolector vendedor de materias primas.', NULL, 1, 30.00, NULL, NULL, NULL),
	(153, '17824a9802556b6af5eff424f8a839', 'Relojero.', NULL, 1, 50.00, NULL, NULL, NULL),
	(154, '7e7b9c03919829c3c16e5945191f87', 'Reparador de articulos de cuero y similares.', NULL, 1, 40.00, NULL, NULL, NULL),
	(155, '92d6db5eccd024c6f9b8d9df11be13', 'Reparador de bastidores de cama.', NULL, 1, 40.00, NULL, NULL, NULL),
	(156, '76f563b26a7b273204765b21e9cfc2', 'Reparador de baterias automotrices.', NULL, 1, 60.00, NULL, NULL, NULL),
	(157, '20d65ff23d66e745d933b0bf7314eb', 'Reparador de bicicletas.', '', 1, 60.00, NULL, '109', ''),
	(158, '4afd338187a0b4c0487676ebcea707', 'Reparador de bisuteria.', NULL, 1, 60.00, NULL, NULL, NULL),
	(159, '262e635348c066fd2320820036d695', 'Reparador de cercas y caminos.', NULL, 1, 20.00, NULL, NULL, NULL),
	(160, '068c9c467dbb4a429e47c896eab600', 'Reparador de cocinas.', NULL, 1, 50.00, NULL, NULL, NULL),
	(161, 'd1ef3958d893f09d492c29fbda7c68', 'Reparador de equipos de oficina.', NULL, 1, 45.00, NULL, NULL, NULL),
	(162, '4aabebdc14c09adf0cedd6a8437d87', 'Reparador de espejuelos.', NULL, 1, 30.00, NULL, NULL, NULL),
	(163, '930ea7fa1e5ff58ef523469d1e3f76', 'Reparador de maquinas de coser.', NULL, 1, 35.00, NULL, NULL, NULL),
	(164, 'd14f4ff0149f0be9aa5ad061c1a0e0', 'Reparador de monturas y arreos.', NULL, 1, 50.00, NULL, NULL, NULL),
	(165, 'a79e636dabb2dd11c7f0802b45e71a', 'Reparador de paraguas y sombrillas.', NULL, 1, 30.00, NULL, NULL, NULL),
	(166, '884629fad8b801ecc403626d35d954', 'Reparador y llenador de fosforeras.', NULL, 1, 40.00, NULL, NULL, NULL),
	(167, 'a0b4dbdff28fc9e20328005fe25398', 'Repasador (excepto a los maestros en activo).', NULL, 1, 60.00, NULL, NULL, NULL),
	(168, 'c145585ef4f04dc0fd32b47eab1f99', 'Restaurador de muñecos y otros juguetes.', NULL, 1, 30.00, NULL, NULL, NULL),
	(169, '17b05cb457592fd6cfd4c8f996f86c', 'Sereno o portero de edificio de viviendas.', NULL, 1, 20.00, NULL, NULL, NULL),
	(170, '0f0ef164affc178a2609337bb96af7', 'Techador.', NULL, 1, 30.00, NULL, NULL, NULL),
	(171, 'cbdfe68d799df243cfc07d43b17189', 'Tenedor de libros.', '', 1, 120.00, NULL, '', ''),
	(172, 'f86312b915b4df088b0577119826bd', 'Teñidor de textiles.', NULL, 1, 30.00, NULL, NULL, NULL),
	(173, 'c72e2886f69a9d86fc2608eb9f8520', 'Tostador.', NULL, 1, 40.00, NULL, NULL, NULL),
	(174, 'a1f3787df0809275fb6b27beeed4ea', 'Trabajador agropecuario eventual.', NULL, 1, 50.00, NULL, NULL, NULL),
	(175, '9b305e723c2f85ff9d2070349e7a62', 'Trabajador contratado.', NULL, 0, 10.00, NULL, NULL, NULL),
	(176, '1afd876904e3df63357cf11b2c30bf', 'Traductor de documentos.', NULL, 1, 60.00, NULL, NULL, NULL),
	(177, '195272053377ab7d9a08f16e3cbbf3', 'Transporte de carga con medios de traccion humana.', NULL, 1, 40.00, NULL, NULL, NULL),
	(178, 'b6e868ed1e8995255c74f58b38b5a4', 'Transporte de carga con medios de traccion animal.', NULL, 1, 30.00, NULL, NULL, NULL),
	(179, '38771db7c71ceb7a499d553eda7cc5', 'Transporte de pasajeros con medios de traccion humana.', NULL, 1, 60.00, NULL, NULL, NULL),
	(180, '46ca5a5259674f834d482505ad3b5d', 'Trasquilador.', NULL, 1, 40.00, NULL, NULL, NULL),
	(181, '503e4e168ea0e3af6dff294450b0b3', 'Trillador.', NULL, 1, 50.00, NULL, NULL, NULL),
	(182, '07e96b58e19e01ae5cbd16e930cdfd', 'Vendedor de produccion agricola en puntos de ventas y quioscos.', NULL, 1, 50.00, NULL, NULL, NULL),
	(183, '28b69da91f5110a2894d496fe94d14', 'Zapatero remendon.', NULL, 1, 50.00, NULL, NULL, NULL),
	(184, 'bd9559ae059e2818b78f11353f183a', 'Reparador de instrumentos de medicion.', NULL, 1, 90.00, NULL, NULL, NULL),
	(185, 'cc46e5ae6343b08ce1c010650cde0f', 'Gestor de Alojamiento para viviendas o habitaciones que se arriendan.', NULL, 1, 100.00, NULL, NULL, NULL),
	(186, '8b1deaf53364e0fa525b3056251680', 'Agente postal.', NULL, 1, 20.00, NULL, NULL, NULL),
	(187, 'b2b79eace99f5c6a8939d86dae1ebe', 'Agente de telecomunicaciones.', NULL, 1, 20.00, NULL, NULL, NULL),
	(188, 'fdd9a9ce4e9a5ac1311ac13e36b6df', 'Reparador montador de equipos para el bombeo de agua.', NULL, 1, 60.00, NULL, NULL, NULL),
	(189, 'a103673ede61c8fcc509574b9ebb1d', 'Comprador vendedor de discos', '', 1, 100.00, NULL, '634', '10'),
	(190, '10ed42a080583ec61fff6b8f2a65c4', 'Transporte  de pasajeros  con triciclo de Motor  arrendado  a la  Agencia (cocotaxi)', 'Triciclo arrendados Taxis  Amarillos ', 1, 300.00, NULL, '803', '');
/*!40000 ALTER TABLE `zgtcp_activity` ENABLE KEYS */;


-- Volcando estructura para tabla zentrogestorcopa.zgtcp_activitygroup
CREATE TABLE IF NOT EXISTS `zgtcp_activitygroup` (
  `id` bigint(20) NOT NULL AUTO_INCREMENT,
  `fixed` tinyint(1) NOT NULL,
  `amount` decimal(18,2) NOT NULL,
  `comment` text DEFAULT NULL,
  `name` varchar(130) NOT NULL,
  `code` varchar(30) NOT NULL,
  PRIMARY KEY (`id`),
  UNIQUE KEY `code` (`code`)
) ENGINE=InnoDB AUTO_INCREMENT=8 DEFAULT CHARSET=latin1;

-- Volcando datos para la tabla zentrogestorcopa.zgtcp_activitygroup: ~7 rows (aproximadamente)
/*!40000 ALTER TABLE `zgtcp_activitygroup` DISABLE KEYS */;
INSERT INTO `zgtcp_activitygroup` (`id`, `fixed`, `amount`, `comment`, `name`, `code`) VALUES
	(1, 0, 60.00, 'Elaboracion y venta de productos alimenticios y agropecuarios: hasta un cincuenta por ciento (60 %) de los ingresos obtenidos.', 'Grupo I', 'db8768e7470373df96c2003b08b5bb'),
	(2, 0, 50.00, 'Elaboracion y comercializacion de productos industriales y artesanales: hasta un treinta por ciento (50 %) de los ingresos obtenidos.', 'Grupo II', '41b5ed0598adc439b4ba97cdaf8d6f'),
	(3, 0, 35.00, 'Actividades de servicios personales, tecnicos y mantenimiento constructivo: hasta el veinticinco por ciento 35 %) de los ingresos obtenidos.', 'Grupo III', '21a0dc53b1d870e6ac2c92e5269b4e'),
	(4, 0, 30.00, 'Arrendamiento de viviendas, habitaciones y espacios que sean parte integrante de la vivienda: hasta el veinte por ciento (30 %) de los ingresos obtenidos.', 'Grupo IV', '1f4269ebaf64c1c7de4b363e3d086b'),
	(5, 0, 20.00, 'Otras actividades: hasta el diez (20 %) de los ingresos obtenidos.', 'Grupo V', 'cd78fc4019aab9195fc5b52e1b1452'),
	(6, 0, 40.00, 'Actividades de servicios de construccion, mantenimiento y reparacion de bienes muebles e inmuebles: hasta el treinta por ciento (40 %) de los ingresos obtenidos.', 'Grupo VI', '41bd17af31afb5e9b7e65ddad5acb6'),
	(7, 0, 40.00, 'Actividades de Transporte de Carga y Pasajeros: hasta un cuarenta por ciento (40 %) de los ingresos obtenidos.', 'Grupo VII', 'e6d7afa3fe3c3701b8fd579fb0495a');
/*!40000 ALTER TABLE `zgtcp_activitygroup` ENABLE KEYS */;


-- Volcando estructura para tabla zentrogestorcopa.zgtcp_bar
CREATE TABLE IF NOT EXISTS `zgtcp_bar` (
  `id` bigint(20) NOT NULL AUTO_INCREMENT,
  `taxid` bigint(20) DEFAULT NULL,
  `simplified` text DEFAULT NULL,
  `general` text DEFAULT NULL,
  `month` bigint(20) DEFAULT NULL,
  `year` bigint(20) DEFAULT NULL,
  `code` varchar(30) NOT NULL,
  PRIMARY KEY (`id`),
  UNIQUE KEY `code` (`code`),
  KEY `taxid_idx` (`taxid`),
  CONSTRAINT `zgtcp_bar_taxid_zgtcp_tax_id` FOREIGN KEY (`taxid`) REFERENCES `zgtcp_tax` (`id`) ON DELETE CASCADE
) ENGINE=InnoDB AUTO_INCREMENT=175 DEFAULT CHARSET=latin1;

-- Volcando datos para la tabla zentrogestorcopa.zgtcp_bar: ~91 rows (aproximadamente)
/*!40000 ALTER TABLE `zgtcp_bar` DISABLE KEYS */;
INSERT INTO `zgtcp_bar` (`id`, `taxid`, `simplified`, `general`, `month`, `year`, `code`) VALUES
	(62, 14, '489-95', '0', 12, 2015, '20151214'),
	(63, 2, '0', '700-37', 1, 2017, '201712'),
	(64, 2, '0', '908-37', 2, 2017, '201722'),
	(65, 2, '0', '916-37', 3, 2017, '201732'),
	(66, 2, '0', '924-37', 4, 2017, '201742'),
	(67, 2, '0', '935-37', 5, 2017, '201752'),
	(68, 2, '0', '940-37', 6, 2017, '201762'),
	(69, 2, '0', '148-37', 7, 2017, '201772'),
	(70, 2, '0', '156-37', 8, 2017, '201782'),
	(71, 2, '0', '164-37', 9, 2017, '201792'),
	(72, 2, '0', '172-37', 10, 2017, '2017102'),
	(73, 2, '0', '180-37', 11, 2017, '2017112'),
	(74, 2, '0', '388-37', 12, 2017, '2017122'),
	(88, 4, '0', '008-47', 2, 2017, '201724'),
	(89, 4, '0', '016-47', 3, 2017, '201734'),
	(90, 4, '0', '024-47', 4, 2017, '201744'),
	(91, 4, '0', '032-47', 5, 2017, '201754'),
	(92, 4, '0', '040-47', 6, 2017, '201764'),
	(93, 4, '0', '248-47', 7, 2017, '201774'),
	(94, 4, '0', '256-47', 8, 2017, '201784'),
	(95, 4, '0', '264-47', 9, 2017, '201794'),
	(96, 4, '0', '272-47', 10, 2017, '2017104'),
	(97, 4, '0', '280-47', 11, 2017, '2017114'),
	(98, 4, '0', '488-47', 12, 2017, '2017124'),
	(99, 5, '0', '989-07', 4, 2017, '201745'),
	(100, 12, '618-27', '618-27', 3, 2017, '2017312'),
	(101, 8, '418-07', '418-07', 3, 2017, '201738'),
	(102, 8, '442-07', '442-07', 6, 2017, '201768'),
	(103, 8, '666-07', '666-07', 9, 2017, '201798'),
	(104, 8, '690-07', '690-07', 12, 2017, '2017128'),
	(105, 12, '642-27', '642-27', 6, 2017, '2017612'),
	(106, 12, '866-27', '866-27', 9, 2017, '2017912'),
	(107, 12, '890-27', '890-27', 12, 2017, '20171212'),
	(111, 6, '900-57', '0', 1, 2017, '201716'),
	(112, 15, '689-77', '689-77', 9, 2017, '2017915'),
	(113, 2, '90038', '90038', 1, 2018, '201812'),
	(114, 2, '10838', '10838', 2, 2018, '201822'),
	(115, 2, '11638', '11638', 3, 2018, '201832'),
	(116, 2, '0', '12418', 4, 2018, '201842'),
	(117, 2, '13238', '13238', 5, 2018, '201852'),
	(118, 2, '14038', '14038', 6, 2018, '201862'),
	(119, 2, '34838', '34838', 7, 2018, '201872'),
	(120, 2, '36438', '35638', 8, 2018, '201882'),
	(122, 2, '36438', '36438', 9, 2018, '201892'),
	(123, 2, '37238', '37238', 10, 2018, '2018102'),
	(124, 1, '92418', '92418', 4, 2018, '201841'),
	(125, 1, '93218', '93218', 5, 2018, '201851'),
	(126, 1, '0', '94018', 6, 2018, '201861'),
	(127, 1, '0', '14818', 7, 2018, '201871'),
	(128, 1, '0', '15618', 8, 2018, '201881'),
	(129, 1, '0', '16418', 9, 2018, '201891'),
	(130, 1, '0', '17218', 10, 2018, '2018101'),
	(131, 1, '0', '18018', 11, 2018, '2018111'),
	(132, 1, '0', '38818', 12, 2018, '2018121'),
	(133, 3, '0', '02428', 4, 2018, '201843'),
	(134, 3, '0', '03228', 5, 2018, '201853'),
	(135, 3, '0', '04028', 6, 2018, '201863'),
	(136, 3, '0', '24828', 7, 2018, '201873'),
	(137, 3, '0', '25628', 8, 2018, '201883'),
	(138, 3, '0', '26428', 9, 2018, '201893'),
	(139, 3, '0', '27228', 10, 2018, '2018103'),
	(140, 3, '0', '28028', 11, 2018, '2018113'),
	(141, 3, '0', '48828', 12, 2018, '2018123'),
	(142, 12, '81828', '81828', 1, 2018, '2018112'),
	(143, 12, '84228', '84228', 4, 2018, '2018412'),
	(144, 12, '06628', '06628', 7, 2018, '2018712'),
	(145, 12, '090258', '09028', 10, 2018, '20181012'),
	(146, 8, '61808', '61808', 1, 2018, '201818'),
	(147, 8, '64208', '64208', 4, 2018, '201848'),
	(148, 8, '86608', '86608', 7, 2018, '201878'),
	(149, 8, '89008', '89008', 10, 2018, '2018108'),
	(151, 6, '33258', '0', 5, 2018, '201856'),
	(152, 6, '34058', '0', 6, 2018, '201866'),
	(153, 6, '54858', '0', 7, 2018, '201876'),
	(154, 6, '55658', '0', 8, 2018, '201886'),
	(155, 6, '56458', '0', 9, 2018, '201896'),
	(156, 6, '57258', '0', 10, 2018, '2018106'),
	(157, 6, '58058', '0', 11, 2018, '2018116'),
	(158, 6, '78858', '0', 12, 2018, '2018126'),
	(159, 15, '88978', '88978', 10, 2018, '20181015'),
	(162, 4, '0', '23248', 5, 2018, '201854'),
	(163, 4, '0', '45648', 6, 2018, '201864'),
	(166, 4, '0', '44848', 7, 2018, '201874'),
	(167, 4, '0', '45648', 8, 2018, '201884'),
	(168, 4, '0', '46448', 9, 2018, '201894'),
	(169, 4, '0', '47248', 10, 2018, '2018104'),
	(170, 4, '0', '48048', 11, 2018, '2018114'),
	(171, 4, '0', '68848', 12, 2018, '2018124'),
	(172, 6, '32458', '32458', 4, 2018, '201846'),
	(173, 4, '22448', '22448', 4, 2018, '201844'),
	(174, 5, '18908', '18908', 4, 2018, '201845');
/*!40000 ALTER TABLE `zgtcp_bar` ENABLE KEYS */;


-- Volcando estructura para tabla zentrogestorcopa.zgtcp_element
CREATE TABLE IF NOT EXISTS `zgtcp_element` (
  `id` bigint(20) NOT NULL AUTO_INCREMENT,
  `comment` text DEFAULT NULL,
  `name` varchar(130) NOT NULL,
  `code` varchar(30) NOT NULL,
  PRIMARY KEY (`id`),
  UNIQUE KEY `code` (`code`)
) ENGINE=InnoDB AUTO_INCREMENT=70 DEFAULT CHARSET=latin1;

-- Volcando datos para la tabla zentrogestorcopa.zgtcp_element: ~58 rows (aproximadamente)
/*!40000 ALTER TABLE `zgtcp_element` DISABLE KEYS */;
INSERT INTO `zgtcp_element` (`id`, `comment`, `name`, `code`) VALUES
	(1, NULL, 'Hoja', '242d2d20424d0f9eaa8cdd38c192e1'),
	(2, '', 'Vino', 'f4845531e6daecbd2287b2c62b8f94'),
	(3, NULL, 'Toner de impresora', '08dbe4bfa5c4751f09aff039eb4089'),
	(5, '', 'Tinta', 'b816fa44cc223acffcebf0ac2d52ba'),
	(6, '', 'Pastel', '61ad7390574ccfa79e75b25aa6011d'),
	(7, '', 'Parqueo', '3eda6b4c652ef399acee786e183ac4'),
	(8, '', 'Almuerzo', 'a098c452ed573a1169199c88845b6c'),
	(9, '', 'Transportacion', 'bea82efee594d041b061a8bbf687d7'),
	(10, '', 'Telefono', 'c6de4961755001e4e134a6e9875527'),
	(11, '', 'Energia Electrica', '09b03a10e1dbd9bb92dbd10fb0ff1e'),
	(12, '', ' Pago de Salario a Trabajador Contratado', '86be0da55368667202d1f59ab61426'),
	(13, '', 'Credito  Inversion', 'f7953c1307c15f63ae553a48148bec'),
	(15, '', 'Mesa Buro Rectangular', '04bf8103d909777984300b32958dec'),
	(16, '', 'Caja Fuerte', 'ba3dad5dba16aa4cb963e6c2402db7'),
	(17, '', 'Impresora HP', '483e08dfba210fdca285d5b8ae6be7'),
	(19, '', 'Archivo  de 4 Secciones', 'ef9b728a25ff3eefe17dcb0b58cee2'),
	(22, '', 'Ventilador  de Pie', '3f8a73bcaa4ed8c25dc752926241e3'),
	(25, '', 'Archivo  de 5 Gavetas', '00e2a69f494acb83e42925ac6dc678'),
	(26, '', 'Mesa de Trabajo Mecanografia', '82759bfe2b4ab8ab3fa69a55af1bb9'),
	(27, '', 'Mesa Pequeña', '511a6b72aaf5493b4a193ee85da192'),
	(29, '', 'Scaner Impresora', 'd11ed39b84a122923f7936cb724c4b'),
	(30, '', 'Impresora Canon ', '9102dafe2a89aa6186471c5732088b'),
	(31, '', 'Gastos de Materias Prima', 'bee5d56c0c383f416c131e82fb7c36'),
	(35, '', 'Regla', 'cc80894ba4fa6f990a52dbe30d12fa'),
	(36, '', 'Organizador de  Buro', '0f50fd34ea34a01ee79d372015c34b'),
	(37, '', 'Bandeja de Documentos', '9b2ba1be6627e11d3e476846557a50'),
	(38, '', 'Calculadora', '56bf80f5820f63f4a43c7c7c64b545'),
	(39, '', 'Presilladora', '744a3e63fa1c1e99c825b377dcf19b'),
	(40, '', 'Ponchador', '4bf99926c5ae9d758fa47816a17dd6'),
	(41, '', 'Saca Presilla', '9c4fb1eab8cd53cceca5a6a3e37ae4'),
	(42, '', 'Lampara de 20 W', '538aabef0589880534a610337c64bf'),
	(43, '', 'Cesto', '1b8d12ecc9303b2febcae82efb7df9'),
	(44, '', 'Planta Ornamental', 'a93cc1242da8975d0b6d197625a2b8'),
	(45, '', 'Macetero Azul', '73669ab0c50658d26514a6814900f6'),
	(46, '', 'Macetero Cemento', '2c86a319ede0b477c2d1870bb14653'),
	(47, '', 'Cortina Azul', '01b6e31018ef7892193a5055d54df2'),
	(48, '', 'Cortina  de  Encaje', '9ae621e95c2b1c4675453cf56149a8'),
	(49, '', 'Caja para  Disco externo', 'e9c9538b2d72032ceeb1e32f7c945c'),
	(50, '', 'Accesorio para Mecanografo', '1ab5c2d1d95e836071d4d253356ad1'),
	(51, '', 'Impresora Exon 1100 para Comprobante', 'dac064e3d1836aa38d2e843f2ebb42'),
	(52, '', 'Sub Contrato  de Servicio 30 %', '27d0153a3ba488c07f52e8b44e79b5'),
	(53, '', 'Kake', '7239cf9f1df238d4f7f3a71fa7ec7d'),
	(54, '', 'Refresco', '38bd91bc61bacc6f7e19ba8d91292c'),
	(55, '', 'Cafe', 'c90874550c415765f8b15b45e4f64a'),
	(56, '', 'Gas Licuado', 'dc9c26a1437c4d8802b46ad318bbb1'),
	(57, '', 'Lapicero', 'fdaa420f1b27d177c564ed40bda7c0'),
	(58, '', 'Gasto  de Software', 'd7d9de9e54b5dba457d29c6d245467'),
	(59, 'Mantenimiento', 'Mantenimiento', '6d7c7cad7781a18dd3940269ff1d1d'),
	(60, 'Encuadernado', 'Encuadernado', '9fc41af17c2c75d6d6aa7df7855169'),
	(61, '', 'Mica', '2b312e225e2e94095ce3fab70e3359'),
	(62, '', 'Comisión Financiera', 'fefd0cfef2d10e45e76f59012e1c3c'),
	(63, '', 'Triibutos', '9fcd54e6cd1df1d3d972f4e38b8d9d'),
	(64, '', 'Impuesto  sobre  los  servicios', 'e97e4e48fb59e03ee149421a8842bf'),
	(65, '', 'Aporte  de  tasa  de cartel', 'c4694ed6b097dc1fbbdf2eb014819d'),
	(66, '', 'Gastos  Personales', '828d2b7f035c5a824103c62202ef75'),
	(67, '', 'Depreciacón de AFT', 'c82e6eb6625427be5221e9367695ce'),
	(68, '', 'Movil  o Correo Nauta', '0c6e809dd92d41e6611fd3e0152069'),
	(69, '', 'Perdida Pogo Fuera  de Fecha', '7ef0d2883b28c1c24c99e53d794dea');
/*!40000 ALTER TABLE `zgtcp_element` ENABLE KEYS */;


-- Volcando estructura para tabla zentrogestorcopa.zgtcp_elementactivityrelation
CREATE TABLE IF NOT EXISTS `zgtcp_elementactivityrelation` (
  `element_id` bigint(20) NOT NULL,
  `activity_id` bigint(20) NOT NULL,
  PRIMARY KEY (`element_id`,`activity_id`),
  KEY `zgtcp_elementactivityrelation_activity_id_zgtcp_activity_id` (`activity_id`),
  CONSTRAINT `zgtcp_elementactivityrelation_activity_id_zgtcp_activity_id` FOREIGN KEY (`activity_id`) REFERENCES `zgtcp_activity` (`id`) ON DELETE CASCADE,
  CONSTRAINT `zgtcp_elementactivityrelation_element_id_zgtcp_element_id` FOREIGN KEY (`element_id`) REFERENCES `zgtcp_element` (`id`) ON DELETE CASCADE
) ENGINE=InnoDB DEFAULT CHARSET=latin1;

-- Volcando datos para la tabla zentrogestorcopa.zgtcp_elementactivityrelation: ~2 rows (aproximadamente)
/*!40000 ALTER TABLE `zgtcp_elementactivityrelation` DISABLE KEYS */;
INSERT INTO `zgtcp_elementactivityrelation` (`element_id`, `activity_id`) VALUES
	(2, 171),
	(5, 133);
/*!40000 ALTER TABLE `zgtcp_elementactivityrelation` ENABLE KEYS */;


-- Volcando estructura para tabla zentrogestorcopa.zgtcp_personactivityrelation
CREATE TABLE IF NOT EXISTS `zgtcp_personactivityrelation` (
  `activity_id` bigint(20) NOT NULL,
  `person_id` bigint(20) NOT NULL,
  `fromdate` date DEFAULT NULL,
  PRIMARY KEY (`activity_id`,`person_id`),
  KEY `zgtcp_personactivityrelation_person_id_zab_person_id` (`person_id`),
  CONSTRAINT `zgtcp_personactivityrelation_activity_id_zgtcp_activity_id` FOREIGN KEY (`activity_id`) REFERENCES `zgtcp_activity` (`id`) ON DELETE CASCADE,
  CONSTRAINT `zgtcp_personactivityrelation_person_id_zab_person_id` FOREIGN KEY (`person_id`) REFERENCES `zab_person` (`id`) ON DELETE CASCADE
) ENGINE=InnoDB DEFAULT CHARSET=latin1;

-- Volcando datos para la tabla zentrogestorcopa.zgtcp_personactivityrelation: ~349 rows (aproximadamente)
/*!40000 ALTER TABLE `zgtcp_personactivityrelation` DISABLE KEYS */;
INSERT INTO `zgtcp_personactivityrelation` (`activity_id`, `person_id`, `fromdate`) VALUES
	(1, 305, '2016-12-07'),
	(2, 186, '2016-03-03'),
	(2, 215, '2016-03-03'),
	(3, 62, '2016-12-12'),
	(3, 91, '2015-07-08'),
	(3, 103, '2014-07-01'),
	(3, 286, '0000-00-00'),
	(3, 323, '0000-00-00'),
	(3, 354, '2016-11-18'),
	(3, 361, '2017-02-03'),
	(3, 397, '2017-03-01'),
	(3, 404, '2017-03-01'),
	(3, 410, '2017-12-01'),
	(3, 426, '2017-10-02'),
	(3, 493, '2015-01-02'),
	(4, 26, '2014-12-01'),
	(4, 37, '2015-06-01'),
	(4, 56, '2016-01-01'),
	(4, 84, '2015-11-23'),
	(4, 85, '2015-11-23'),
	(4, 113, '2015-11-23'),
	(4, 119, '2015-12-15'),
	(4, 127, '2015-12-15'),
	(4, 225, '2016-03-03'),
	(4, 299, '2016-12-07'),
	(4, 308, '2016-12-07'),
	(4, 310, '2016-12-07'),
	(4, 412, '2017-12-04'),
	(4, 432, '2017-10-02'),
	(4, 439, '2017-08-01'),
	(4, 451, '2018-01-01'),
	(4, 484, '0000-00-00'),
	(5, 215, '2016-03-03'),
	(11, 6, '2014-02-03'),
	(11, 132, '2015-12-17'),
	(11, 133, '2015-12-17'),
	(11, 187, '2016-03-03'),
	(16, 86, '2014-02-06'),
	(17, 92, '2015-07-02'),
	(17, 106, '2012-01-20'),
	(17, 144, '2015-10-22'),
	(17, 166, '2015-12-01'),
	(17, 178, '2016-03-03'),
	(17, 179, '2016-03-03'),
	(17, 348, '2016-12-12'),
	(17, 446, '2016-01-04'),
	(18, 452, '2017-03-01'),
	(20, 66, '2002-08-08'),
	(20, 340, '0000-00-00'),
	(26, 470, '2018-05-04'),
	(32, 227, '2017-03-01'),
	(32, 492, '2018-01-04'),
	(34, 272, '0000-00-00'),
	(34, 347, '2016-12-12'),
	(37, 88, '2015-11-23'),
	(37, 450, '2017-10-02'),
	(42, 183, '2016-03-03'),
	(42, 315, '2016-12-07'),
	(42, 319, '0000-00-00'),
	(45, 243, '2016-03-03'),
	(47, 46, '2015-11-23'),
	(48, 250, '2016-03-03'),
	(48, 380, '2017-03-01'),
	(49, 71, '2015-04-09'),
	(49, 136, '2015-11-05'),
	(51, 457, '2017-11-27'),
	(56, 359, '2017-02-03'),
	(57, 89, '2015-10-01'),
	(57, 175, '2015-12-22'),
	(61, 270, '2016-12-07'),
	(61, 332, '2016-12-07'),
	(61, 363, '2017-03-01'),
	(64, 282, '0000-00-00'),
	(68, 219, '2016-03-03'),
	(75, 135, '2015-11-05'),
	(75, 262, '0000-00-00'),
	(75, 297, '2017-04-13'),
	(75, 327, '0000-00-00'),
	(75, 364, '2017-02-03'),
	(75, 374, '2017-01-01'),
	(75, 440, '2017-10-02'),
	(75, 456, '2017-10-09'),
	(75, 459, '2017-11-15'),
	(79, 316, '0000-00-00'),
	(79, 390, '2017-03-01'),
	(79, 471, '2018-01-01'),
	(80, 69, '2016-12-08'),
	(81, 69, '2016-12-08'),
	(85, 328, '2016-12-07'),
	(85, 338, '2016-12-07'),
	(85, 339, '2016-12-07'),
	(86, 319, '2016-12-16'),
	(88, 11, '2017-12-01'),
	(88, 50, '2015-11-23'),
	(88, 106, '2012-01-20'),
	(88, 253, '2016-03-03'),
	(88, 336, '2016-12-07'),
	(88, 402, '2017-01-30'),
	(88, 467, '2018-05-03'),
	(88, 482, '0000-00-00'),
	(89, 157, '2015-12-03'),
	(89, 224, '2016-03-03'),
	(89, 483, '0000-00-00'),
	(90, 190, '2016-03-03'),
	(90, 193, '2016-03-03'),
	(90, 487, '0000-00-00'),
	(92, 10, '2013-05-22'),
	(92, 60, '2013-07-24'),
	(92, 128, '2015-01-01'),
	(92, 151, '2017-02-15'),
	(92, 232, '2016-03-03'),
	(92, 233, '2016-03-03'),
	(92, 234, '2016-03-03'),
	(92, 235, '2016-03-03'),
	(92, 236, '2016-03-03'),
	(92, 237, '2016-03-03'),
	(92, 427, '2017-10-02'),
	(92, 430, '2017-07-03'),
	(92, 455, '2017-05-02'),
	(93, 479, '2019-01-01'),
	(93, 489, '2019-03-01'),
	(97, 379, '2017-03-01'),
	(100, 16, '2014-01-01'),
	(100, 30, '2013-08-28'),
	(100, 33, '2015-01-06'),
	(100, 47, '2015-11-23'),
	(100, 52, '2015-11-23'),
	(100, 65, '2014-07-03'),
	(100, 137, '2004-02-06'),
	(100, 155, '2015-11-23'),
	(100, 159, '2016-01-14'),
	(100, 185, '2016-03-03'),
	(100, 197, '2016-03-03'),
	(100, 198, '2016-03-03'),
	(100, 199, '2016-03-03'),
	(100, 202, '2016-03-03'),
	(100, 203, '2016-03-03'),
	(100, 247, '2016-03-03'),
	(100, 441, '2015-01-01'),
	(100, 443, '2017-12-01'),
	(101, 217, '2016-03-03'),
	(107, 53, '2015-11-23'),
	(107, 131, '2015-12-17'),
	(107, 356, '2016-11-16'),
	(108, 35, '2015-04-06'),
	(108, 309, '2016-12-07'),
	(108, 431, '2017-09-04'),
	(110, 101, '2011-05-17'),
	(110, 104, '2015-11-23'),
	(110, 105, '2011-01-03'),
	(110, 107, '2015-04-09'),
	(110, 108, '2013-08-20'),
	(110, 110, '2014-08-19'),
	(110, 138, '2016-11-03'),
	(110, 139, '2011-11-18'),
	(110, 140, '2015-08-13'),
	(110, 142, '2015-05-07'),
	(110, 143, '2015-05-07'),
	(110, 145, '2012-10-02'),
	(110, 153, '2012-01-17'),
	(110, 156, '2015-11-23'),
	(110, 344, '0000-00-00'),
	(110, 345, '2016-12-07'),
	(110, 398, '2017-03-01'),
	(110, 399, '2017-01-03'),
	(110, 454, '2017-03-06'),
	(112, 15, '2014-01-01'),
	(112, 43, '0000-00-00'),
	(112, 45, '2015-11-23'),
	(112, 64, '2014-07-03'),
	(112, 164, '2016-01-07'),
	(112, 188, '2016-03-03'),
	(112, 189, '2016-03-03'),
	(112, 201, '2016-03-03'),
	(112, 209, '2016-03-03'),
	(112, 226, '2016-03-03'),
	(112, 239, '2016-03-03'),
	(112, 246, '2016-03-03'),
	(112, 271, '0000-00-00'),
	(112, 289, '0000-00-00'),
	(112, 300, '2016-12-07'),
	(112, 311, '0000-00-00'),
	(112, 349, '2016-11-01'),
	(112, 394, '2017-03-01'),
	(112, 395, '2017-03-01'),
	(123, 39, '2014-11-19'),
	(123, 68, '2015-04-01'),
	(123, 291, '2016-12-07'),
	(123, 292, '2016-12-07'),
	(123, 293, '2016-12-07'),
	(123, 382, '2017-03-01'),
	(126, 23, '2015-04-06'),
	(126, 290, '2017-03-01'),
	(126, 294, '2016-12-07'),
	(126, 384, '2017-02-24'),
	(126, 401, '2017-03-09'),
	(128, 59, '2014-08-04'),
	(133, 4, '2015-04-06'),
	(133, 277, '0000-00-00'),
	(133, 417, '2017-02-01'),
	(134, 117, '2012-02-02'),
	(134, 312, '0000-00-00'),
	(135, 22, '2013-10-24'),
	(135, 260, '2017-03-01'),
	(135, 296, '0000-00-00'),
	(135, 306, '2016-12-07'),
	(136, 111, '2012-02-21'),
	(137, 79, '2015-02-02'),
	(138, 41, '2011-04-19'),
	(139, 20, '2015-11-23'),
	(139, 48, '2015-03-23'),
	(139, 421, '2017-12-01'),
	(140, 149, '2015-02-09'),
	(142, 4, '2015-04-06'),
	(144, 28, '2014-12-01'),
	(144, 109, '2015-11-23'),
	(144, 134, '2015-12-18'),
	(144, 168, '0000-00-00'),
	(144, 194, '2016-03-03'),
	(144, 200, '2016-03-03'),
	(144, 210, '2016-03-03'),
	(144, 211, '2016-03-03'),
	(144, 212, '2016-12-15'),
	(144, 214, '2016-03-03'),
	(144, 383, '2017-03-01'),
	(144, 392, '2017-03-01'),
	(144, 409, '2017-12-01'),
	(144, 433, '2017-12-07'),
	(151, 184, '2016-03-03'),
	(153, 228, '2016-03-03'),
	(153, 244, '2016-03-03'),
	(153, 331, '0000-00-00'),
	(157, 129, '2011-08-10'),
	(157, 206, '2016-03-03'),
	(157, 424, '2017-07-03'),
	(157, 425, '2017-12-01'),
	(161, 21, '2015-05-11'),
	(166, 208, '2016-03-03'),
	(166, 218, '2016-03-03'),
	(166, 406, '2017-12-01'),
	(171, 4, '2014-10-14'),
	(171, 408, '2017-12-01'),
	(171, 469, '2018-01-01'),
	(175, 44, '2015-01-05'),
	(175, 51, '2013-06-06'),
	(175, 55, '2015-11-23'),
	(175, 72, '2015-04-09'),
	(175, 102, '2015-02-17'),
	(175, 112, '2012-02-21'),
	(175, 116, '2015-09-01'),
	(175, 126, '2017-03-01'),
	(175, 130, '2015-12-17'),
	(175, 154, '2017-03-01'),
	(175, 163, '2016-01-07'),
	(175, 171, '2015-12-22'),
	(175, 191, '2016-03-03'),
	(175, 207, '2016-03-03'),
	(175, 216, '2016-03-03'),
	(175, 230, '2016-03-03'),
	(175, 252, '2016-03-03'),
	(175, 254, '2016-03-03'),
	(175, 257, '2016-12-05'),
	(175, 267, '2017-03-01'),
	(175, 273, '0000-00-00'),
	(175, 279, '0000-00-00'),
	(175, 287, '0000-00-00'),
	(175, 288, '0000-00-00'),
	(175, 301, '2016-12-07'),
	(175, 303, '2016-12-07'),
	(175, 307, '2016-12-07'),
	(175, 318, '0000-00-00'),
	(175, 320, '0000-00-00'),
	(175, 324, '0000-00-00'),
	(175, 335, '0000-00-00'),
	(175, 341, '0000-00-00'),
	(175, 348, '0000-00-00'),
	(175, 352, '2016-11-18'),
	(175, 353, '2016-11-18'),
	(175, 360, '2017-02-03'),
	(175, 362, '2017-02-03'),
	(175, 368, '2017-02-03'),
	(175, 370, '2017-02-03'),
	(175, 375, '2017-03-01'),
	(175, 376, '2017-03-01'),
	(175, 393, '2017-03-01'),
	(175, 400, '2017-03-29'),
	(175, 407, '2017-12-01'),
	(175, 411, '2017-12-01'),
	(175, 413, '2017-12-01'),
	(175, 415, '2017-05-02'),
	(175, 416, '2017-05-04'),
	(175, 419, '2017-12-04'),
	(175, 420, '2017-12-01'),
	(175, 422, '2017-12-01'),
	(175, 428, '2017-07-03'),
	(175, 429, '2017-12-01'),
	(175, 434, '2017-12-04'),
	(175, 435, '2017-10-02'),
	(175, 436, '2017-10-02'),
	(175, 437, '2017-12-01'),
	(175, 438, '2017-12-01'),
	(175, 447, '2017-10-02'),
	(175, 448, '2017-10-02'),
	(175, 449, '2017-10-02'),
	(175, 453, '2017-01-02'),
	(175, 462, '2018-05-02'),
	(175, 463, '2018-05-02'),
	(175, 464, '2002-05-02'),
	(175, 468, '2018-05-03'),
	(175, 481, '0000-00-00'),
	(175, 490, '2018-04-01'),
	(175, 491, '2018-11-01'),
	(178, 220, '2016-03-03'),
	(178, 223, '2016-03-03'),
	(178, 423, '2019-04-01'),
	(178, 444, '2017-12-01'),
	(179, 40, '2011-03-18'),
	(179, 54, '2015-11-23'),
	(179, 263, '0000-00-00'),
	(179, 283, '0000-00-00'),
	(179, 321, '2016-12-07'),
	(179, 322, '2016-12-07'),
	(179, 385, '2017-03-01'),
	(187, 27, '2014-12-01'),
	(187, 49, '2015-12-01'),
	(187, 57, '2014-01-28'),
	(187, 83, '2015-10-01'),
	(187, 125, '2015-12-15'),
	(187, 161, '2016-01-15'),
	(187, 165, '2016-01-19'),
	(187, 414, '2017-01-02'),
	(189, 29, '2015-01-05'),
	(189, 73, '2015-11-23'),
	(189, 74, '2015-11-23'),
	(189, 150, '2015-04-22'),
	(189, 152, '2017-01-02'),
	(189, 229, '2016-03-03'),
	(189, 269, '0000-00-00'),
	(189, 295, '0000-00-00'),
	(189, 298, '0000-00-00'),
	(189, 388, '2017-03-01'),
	(189, 418, '2017-01-02'),
	(189, 472, '2018-01-01'),
	(190, 284, '2017-06-01'),
	(190, 473, '2019-01-01'),
	(190, 474, '2019-01-01'),
	(190, 475, '2019-01-01'),
	(190, 476, '2019-01-01'),
	(190, 477, '2019-08-14');
/*!40000 ALTER TABLE `zgtcp_personactivityrelation` ENABLE KEYS */;


-- Volcando estructura para tabla zentrogestorcopa.zgtcp_personpaymentrelation
CREATE TABLE IF NOT EXISTS `zgtcp_personpaymentrelation` (
  `person_id` bigint(20) NOT NULL,
  `payment_id` bigint(20) NOT NULL,
  `amount` decimal(18,2) DEFAULT NULL,
  `deposited` tinyint(1) DEFAULT NULL,
  `paymentdate` date DEFAULT NULL,
  `colector_id` bigint(20) DEFAULT NULL,
  PRIMARY KEY (`person_id`,`payment_id`),
  KEY `colector_id_idx` (`colector_id`),
  KEY `zgtcp_personpaymentrelation_payment_id_zgtcp_bar_id` (`payment_id`),
  CONSTRAINT `zgtcp_personpaymentrelation_colector_id_zab_person_id` FOREIGN KEY (`colector_id`) REFERENCES `zab_person` (`id`) ON DELETE CASCADE,
  CONSTRAINT `zgtcp_personpaymentrelation_payment_id_zgtcp_bar_id` FOREIGN KEY (`payment_id`) REFERENCES `zgtcp_bar` (`id`) ON DELETE CASCADE,
  CONSTRAINT `zgtcp_personpaymentrelation_person_id_zab_person_id` FOREIGN KEY (`person_id`) REFERENCES `zab_person` (`id`) ON DELETE CASCADE
) ENGINE=InnoDB DEFAULT CHARSET=latin1;

-- Volcando datos para la tabla zentrogestorcopa.zgtcp_personpaymentrelation: ~0 rows (aproximadamente)
/*!40000 ALTER TABLE `zgtcp_personpaymentrelation` DISABLE KEYS */;
/*!40000 ALTER TABLE `zgtcp_personpaymentrelation` ENABLE KEYS */;


-- Volcando estructura para tabla zentrogestorcopa.zgtcp_personpersonrelation
CREATE TABLE IF NOT EXISTS `zgtcp_personpersonrelation` (
  `employer_id` bigint(20) NOT NULL,
  `employee_id` bigint(20) NOT NULL,
  `amount` decimal(18,2) DEFAULT NULL,
  PRIMARY KEY (`employer_id`,`employee_id`),
  KEY `zgtcp_personpersonrelation_employee_id_zab_person_id` (`employee_id`),
  CONSTRAINT `zgtcp_personpersonrelation_employee_id_zab_person_id` FOREIGN KEY (`employee_id`) REFERENCES `zab_person` (`id`) ON DELETE CASCADE,
  CONSTRAINT `zgtcp_personpersonrelation_employer_id_zab_person_id` FOREIGN KEY (`employer_id`) REFERENCES `zab_person` (`id`) ON DELETE CASCADE
) ENGINE=InnoDB DEFAULT CHARSET=latin1;

-- Volcando datos para la tabla zentrogestorcopa.zgtcp_personpersonrelation: ~11 rows (aproximadamente)
/*!40000 ALTER TABLE `zgtcp_personpersonrelation` DISABLE KEYS */;
INSERT INTO `zgtcp_personpersonrelation` (`employer_id`, `employee_id`, `amount`) VALUES
	(4, 163, 500.00),
	(50, 51, 500.00),
	(71, 72, 500.00),
	(113, 341, 500.00),
	(119, 116, 500.00),
	(127, 126, 500.00),
	(485, 486, 0.00),
	(488, 435, 0.00),
	(488, 436, 0.00),
	(488, 437, 0.00),
	(488, 438, 0.00);
/*!40000 ALTER TABLE `zgtcp_personpersonrelation` ENABLE KEYS */;


-- Volcando estructura para tabla zentrogestorcopa.zgtcp_place
CREATE TABLE IF NOT EXISTS `zgtcp_place` (
  `id` bigint(20) NOT NULL AUTO_INCREMENT,
  `comment` text DEFAULT NULL,
  `name` varchar(130) NOT NULL,
  `code` varchar(30) NOT NULL,
  PRIMARY KEY (`id`),
  UNIQUE KEY `code` (`code`)
) ENGINE=InnoDB AUTO_INCREMENT=9 DEFAULT CHARSET=latin1;

-- Volcando datos para la tabla zentrogestorcopa.zgtcp_place: ~8 rows (aproximadamente)
/*!40000 ALTER TABLE `zgtcp_place` DISABLE KEYS */;
INSERT INTO `zgtcp_place` (`id`, `comment`, `name`, `code`) VALUES
	(1, '', 'Oficina  de  COBRAN-SA', '08137f24f1f1ac1d7169323a08dad6'),
	(2, NULL, 'Otro local o Espacio arrendado', '0cabcc06860ca81a1f3cf780f56949'),
	(3, NULL, 'Areas comunes', '1f65a670a36c50cb870cac6eaaae4f'),
	(4, '', 'Domicilio del Cliente', '5f7fd142c211531c5e861bbfd10e45'),
	(5, NULL, 'Lugares anteriores', '55e19e022a9088d84b71ea54adcc17'),
	(6, '', 'Ambulatorio', 'd3f602d7726f5572988cf330ed8f9a'),
	(7, '', 'DMTSS', 'afca6ca50c6287030848b9b1df220b'),
	(8, '', 'ONAT', '045a11fe8ce4f243edb881485af107');
/*!40000 ALTER TABLE `zgtcp_place` ENABLE KEYS */;


-- Volcando estructura para tabla zentrogestorcopa.zgtcp_regannex
CREATE TABLE IF NOT EXISTS `zgtcp_regannex` (
  `id` bigint(20) NOT NULL AUTO_INCREMENT,
  `element_id` bigint(20) DEFAULT NULL,
  `amount` decimal(18,2) DEFAULT NULL,
  `transaction_id` bigint(20) DEFAULT NULL,
  PRIMARY KEY (`id`),
  KEY `element_id_idx` (`element_id`),
  KEY `transaction_id_idx` (`transaction_id`),
  CONSTRAINT `zgtcp_regannex_element_id_zgtcp_element_id` FOREIGN KEY (`element_id`) REFERENCES `zgtcp_element` (`id`) ON DELETE CASCADE,
  CONSTRAINT `zgtcp_regannex_transaction_id_zgtcp_transaction_id` FOREIGN KEY (`transaction_id`) REFERENCES `zgtcp_transaction` (`id`) ON DELETE CASCADE
) ENGINE=InnoDB AUTO_INCREMENT=59 DEFAULT CHARSET=latin1;

-- Volcando datos para la tabla zentrogestorcopa.zgtcp_regannex: ~58 rows (aproximadamente)
/*!40000 ALTER TABLE `zgtcp_regannex` DISABLE KEYS */;
INSERT INTO `zgtcp_regannex` (`id`, `element_id`, `amount`, `transaction_id`) VALUES
	(1, 6, 25.00, 2),
	(2, 9, 25.00, 4),
	(3, 12, 300.00, 7),
	(4, 9, 55.00, 9),
	(5, 12, 700.00, 10),
	(6, 13, 3800.00, 11),
	(7, 12, 80.00, 20),
	(8, 11, 11.40, 23),
	(9, 6, 12.00, 24),
	(10, 1, 26.70, 26),
	(11, 1, 0.70, 29),
	(12, 12, 190.00, 33),
	(13, 11, 13.80, 59),
	(14, 6, 35.00, 61),
	(15, 12, 500.00, 64),
	(16, 12, 400.00, 65),
	(17, 12, 200.00, 74),
	(18, 6, 50.00, 75),
	(19, 1, 900.00, 76),
	(20, 53, 60.00, 104),
	(21, 12, 670.00, 111),
	(22, 12, 450.00, 112),
	(23, 12, 790.00, 113),
	(24, 12, 328.00, 114),
	(25, 56, 110.00, 115),
	(26, 10, 460.00, 116),
	(27, 11, 78.00, 117),
	(28, 54, 30.00, 118),
	(29, 2, 25.00, 118),
	(30, 1, 310.00, 119),
	(31, 5, 300.00, 119),
	(32, 52, 1500.00, 120),
	(33, 25, 500.00, 121),
	(34, 58, 40.00, 134),
	(35, 12, 300.00, 136),
	(36, 1, 40.00, 138),
	(37, 1, 73.00, 139),
	(38, 59, 375.00, 142),
	(39, 61, 100.00, 143),
	(40, 62, 245.00, 150),
	(41, 62, 210.00, 151),
	(42, 11, 85.00, 156),
	(43, 12, 336.00, 167),
	(44, 12, 600.00, 168),
	(45, 60, 50.00, 170),
	(46, 8, 250.00, 184),
	(47, 62, 497.00, 207),
	(48, 55, 410.00, 208),
	(49, 12, 680.00, 222),
	(50, 8, 50.00, 223),
	(51, 12, 1000.00, 233),
	(52, 12, 300.00, 234),
	(53, 58, 794.00, 235),
	(54, 10, 65.00, 245),
	(55, 56, 110.00, 246),
	(56, 11, 41.60, 247),
	(57, 12, 5000.00, 248),
	(58, 31, 16786.00, 249);
/*!40000 ALTER TABLE `zgtcp_regannex` ENABLE KEYS */;


-- Volcando estructura para tabla zentrogestorcopa.zgtcp_service
CREATE TABLE IF NOT EXISTS `zgtcp_service` (
  `id` bigint(20) NOT NULL AUTO_INCREMENT,
  `amount` decimal(18,2) NOT NULL,
  `comment` text DEFAULT NULL,
  `name` varchar(130) NOT NULL,
  `code` varchar(30) NOT NULL,
  PRIMARY KEY (`id`),
  UNIQUE KEY `code` (`code`)
) ENGINE=InnoDB AUTO_INCREMENT=22 DEFAULT CHARSET=latin1;

-- Volcando datos para la tabla zentrogestorcopa.zgtcp_service: ~20 rows (aproximadamente)
/*!40000 ALTER TABLE `zgtcp_service` DISABLE KEYS */;
INSERT INTO `zgtcp_service` (`id`, `amount`, `comment`, `name`, `code`) VALUES
	(1, 30.00, '', 'Contabilidad Registro Ing y Gastos', 'b5500e9f7875fe2f1f3fc41d07f6fb'),
	(2, 50.00, '', 'Declaración jurada', '38b30e4a2509318022354adb5db86f'),
	(3, 1.50, '', 'Mecanografía', '3818b09c92c3b4fcf0abeb28279a70'),
	(4, 50.00, '', 'Mensajería', 'fb557376f7c1be99ccb76dd1a41086'),
	(5, 20.00, '', 'Cobro de impuestos CR-09', 'bd45649ca4ef262ab44100ba3c6856'),
	(6, 15.00, NULL, 'Cobro de chequeras', '0ab20400a13d2e67e54ba469e7176e'),
	(7, 15.00, NULL, 'Pago de áreas de trabajo', '319aa48b26244af859dd81ad5e33c4'),
	(8, 20.00, '', 'Pago de patentes', '754d676d9abaf560e68434df3207aa'),
	(9, 15.00, NULL, 'Pago de seguridad social', 'f695b8a6e0af6f0544198f861c9c69'),
	(10, 15.00, NULL, 'Pago de efectos electodomésticos', 'c0c0cd780cb956015844b238357863'),
	(11, 15.00, '', 'Pago de viviendas', '07399d94d6c6d72f9736bf05a5348d'),
	(12, 10.00, NULL, 'Pago de multas', '6df8842e39f75f48d35cc1a7381416'),
	(14, 5.00, NULL, 'Pago de electricidad', 'e63b0a44195c797591ae36fa8a28c1'),
	(15, 10.00, NULL, 'Pago de teléfono', '9f289712dc2419d7d6f41786088f42'),
	(16, 10.00, NULL, 'Otros pagos', 'ab8eacd8079a6932e1c4edc638ed2f'),
	(17, 50.00, '', 'Confección de Expedientes para Tramites Bancario', 'c4ed426cfc15dd3a55ace781986d34'),
	(18, 40.00, '', 'Cobro de Creditos TCP', 'b0877d1e4e3928d7c05a9b8725dc3b'),
	(19, 100.00, '', 'Contabilidad Libros de I y G', 'f3c5b791c0ec961c7a3743c2c03a68'),
	(20, 20.00, '', 'Confeción CR-09', 'ca4871e83c88ca53abb13226647118'),
	(21, 12.50, '', 'Pago de patentes reducido', '24f0c8548709f92d069e752cabbd7e');
/*!40000 ALTER TABLE `zgtcp_service` ENABLE KEYS */;


-- Volcando estructura para tabla zentrogestorcopa.zgtcp_servicepersonrelation
CREATE TABLE IF NOT EXISTS `zgtcp_servicepersonrelation` (
  `person_id` bigint(20) NOT NULL,
  `service_id` bigint(20) NOT NULL,
  `amount` decimal(18,2) DEFAULT NULL,
  `collectday` bigint(20) DEFAULT NULL,
  PRIMARY KEY (`person_id`,`service_id`),
  KEY `zgtcp_servicepersonrelation_service_id_zgtcp_service_id` (`service_id`),
  CONSTRAINT `zgtcp_servicepersonrelation_person_id_zab_person_id` FOREIGN KEY (`person_id`) REFERENCES `zab_person` (`id`) ON DELETE CASCADE,
  CONSTRAINT `zgtcp_servicepersonrelation_service_id_zgtcp_service_id` FOREIGN KEY (`service_id`) REFERENCES `zgtcp_service` (`id`) ON DELETE CASCADE
) ENGINE=InnoDB DEFAULT CHARSET=latin1;

-- Volcando datos para la tabla zentrogestorcopa.zgtcp_servicepersonrelation: ~207 rows (aproximadamente)
/*!40000 ALTER TABLE `zgtcp_servicepersonrelation` DISABLE KEYS */;
INSERT INTO `zgtcp_servicepersonrelation` (`person_id`, `service_id`, `amount`, `collectday`) VALUES
	(6, 1, 20.00, 14),
	(10, 1, 40.00, 14),
	(10, 5, 20.00, 6),
	(11, 1, 30.00, 14),
	(11, 8, 20.00, 14),
	(15, 5, 20.00, 6),
	(16, 8, 30.00, 10),
	(20, 5, 20.00, 6),
	(21, 8, 30.00, 10),
	(22, 8, 30.00, 10),
	(23, 5, 20.00, 14),
	(26, 8, 40.00, 10),
	(27, 8, 30.00, 10),
	(28, 8, 30.00, 10),
	(29, 8, 30.00, 10),
	(30, 8, 30.00, 10),
	(33, 5, 20.00, 14),
	(35, 8, 30.00, 10),
	(39, 8, 30.00, 10),
	(40, 8, 30.00, 10),
	(41, 8, 30.00, 10),
	(43, 8, 30.00, 10),
	(46, 8, 30.00, 10),
	(50, 8, 30.00, 10),
	(51, 8, 20.00, 10),
	(52, 8, 30.00, 10),
	(53, 8, 30.00, 10),
	(54, 8, 30.00, 10),
	(55, 8, 30.00, 10),
	(56, 8, 30.00, 10),
	(57, 5, 20.00, 14),
	(57, 17, 20.00, 14),
	(59, 8, 30.00, 10),
	(60, 8, 30.00, 10),
	(62, 8, 30.00, 10),
	(65, 8, 20.00, 14),
	(66, 8, 20.00, 10),
	(69, 1, 30.00, 15),
	(69, 8, 50.00, 15),
	(71, 1, 20.00, 14),
	(72, 8, 30.00, 10),
	(83, 8, 30.00, 10),
	(84, 1, 20.00, 14),
	(85, 8, 30.00, 10),
	(86, 19, 150.00, 15),
	(88, 1, 60.00, 12),
	(89, 8, 30.00, 10),
	(90, 5, 20.00, 14),
	(91, 1, 30.00, 14),
	(91, 8, 20.00, 14),
	(94, 5, 40.00, 20),
	(95, 5, 40.00, 20),
	(96, 5, 40.00, 20),
	(97, 5, 40.00, 20),
	(100, 5, 40.00, 20),
	(101, 8, 50.00, 26),
	(102, 8, 30.00, 10),
	(103, 8, 30.00, 10),
	(104, 8, 30.00, 10),
	(105, 8, 30.00, 10),
	(106, 8, 20.00, 26),
	(108, 8, 30.00, 10),
	(109, 8, 30.00, 10),
	(110, 8, 30.00, 10),
	(111, 8, 30.00, 10),
	(112, 8, 30.00, 10),
	(113, 8, 30.00, 10),
	(114, 10, 15.00, 26),
	(116, 8, 20.00, 26),
	(117, 8, 20.00, 26),
	(119, 8, 50.00, 26),
	(127, 1, 20.00, 14),
	(127, 8, 30.00, 10),
	(128, 8, 30.00, 10),
	(129, 8, 10.00, 12),
	(130, 8, 10.00, 12),
	(131, 8, 30.00, 10),
	(133, 8, 30.00, 10),
	(133, 18, 20.00, 11),
	(139, 8, 30.00, 10),
	(143, 8, 30.00, 10),
	(145, 8, 30.00, 10),
	(149, 8, 30.00, 10),
	(151, 8, 30.00, 10),
	(155, 8, 30.00, 10),
	(156, 8, 30.00, 10),
	(156, 18, 20.00, 11),
	(157, 8, 50.00, 6),
	(163, 8, 30.00, 10),
	(164, 8, 2.00, 1),
	(168, 8, 30.00, 10),
	(171, 8, 30.00, 10),
	(182, 8, 30.00, 10),
	(184, 8, 30.00, 10),
	(185, 21, 12.50, 5),
	(186, 8, 30.00, 10),
	(187, 8, 30.00, 10),
	(189, 8, 30.00, 10),
	(190, 8, 30.00, 10),
	(191, 8, 10.00, 5),
	(192, 8, 30.00, 10),
	(193, 8, 20.00, 5),
	(194, 21, 12.50, 5),
	(197, 8, 30.00, 10),
	(198, 8, 30.00, 10),
	(199, 8, 30.00, 10),
	(200, 8, 30.00, 10),
	(201, 8, 12.50, 10),
	(202, 21, 12.50, 5),
	(203, 21, 12.50, 5),
	(206, 8, 30.00, 12),
	(207, 8, 6.00, 12),
	(208, 8, 10.50, 12),
	(209, 8, 10.00, 12),
	(210, 8, 12.50, 12),
	(211, 8, 10.00, 12),
	(212, 21, 12.50, 5),
	(214, 21, 12.50, 12),
	(215, 21, 12.50, 12),
	(216, 8, 10.00, 12),
	(217, 8, 30.00, 10),
	(218, 21, 12.50, 12),
	(219, 8, 10.00, 12),
	(220, 8, 10.50, 12),
	(223, 21, 12.50, 12),
	(224, 8, 20.00, 12),
	(226, 21, 12.50, 12),
	(227, 8, 30.00, 10),
	(228, 8, 10.00, 15),
	(229, 8, 10.00, 15),
	(230, 8, 30.00, 10),
	(239, 8, 30.00, 10),
	(243, 8, 30.00, 10),
	(244, 8, 30.00, 10),
	(246, 8, 30.00, 10),
	(250, 8, 30.00, 10),
	(254, 8, 30.00, 10),
	(257, 8, 1.00, 1),
	(262, 1, 50.00, 14),
	(267, 8, 30.00, 10),
	(270, 8, 20.00, 5),
	(272, 8, 30.00, 10),
	(277, 21, 12.50, 5),
	(284, 8, 30.00, 10),
	(286, 8, 30.00, 10),
	(287, 8, 20.00, 10),
	(288, 8, 30.00, 10),
	(289, 8, 30.00, 10),
	(290, 8, 30.00, 10),
	(291, 8, 30.00, 10),
	(292, 8, 30.00, 10),
	(293, 8, 30.00, 10),
	(294, 8, 30.00, 10),
	(298, 8, 30.00, 10),
	(299, 8, 30.00, 10),
	(305, 19, 250.00, 14),
	(306, 8, 30.00, 10),
	(307, 8, 30.00, 10),
	(308, 8, 30.00, 10),
	(310, 8, 50.00, 10),
	(311, 8, 20.00, 4),
	(312, 8, 20.00, 4),
	(314, 8, 1.00, 1),
	(315, 1, 20.00, 14),
	(318, 8, 10.00, 5),
	(319, 8, 30.00, 10),
	(320, 8, 10.00, 5),
	(321, 8, 12.50, 10),
	(322, 21, 12.50, 10),
	(323, 21, 12.50, 5),
	(324, 8, 10.00, 12),
	(327, 8, 30.00, 10),
	(327, 10, 20.00, 14),
	(328, 8, 30.00, 10),
	(329, 8, 50.00, 12),
	(331, 8, 30.00, 10),
	(336, 1, 20.00, 14),
	(338, 1, 20.00, 14),
	(339, 1, 30.00, 14),
	(339, 8, 20.00, 14),
	(341, 8, 30.00, 10),
	(345, 8, 30.00, 10),
	(347, 1, 20.00, 14),
	(348, 1, 20.00, 14),
	(349, 8, 30.00, 10),
	(359, 8, 30.00, 10),
	(423, 8, 20.00, 14),
	(442, 9, 20.00, 10),
	(473, 1, 30.00, 14),
	(473, 8, 20.00, 14),
	(474, 1, 30.00, 14),
	(474, 8, 20.00, 14),
	(475, 1, 30.00, 14),
	(475, 8, 20.00, 14),
	(476, 1, 30.00, 14),
	(476, 8, 20.00, 14),
	(477, 1, 30.00, 14),
	(477, 8, 20.00, 14),
	(479, 1, 30.00, 14),
	(479, 8, 20.00, 14),
	(483, 1, 30.00, 10),
	(483, 2, 50.00, 5),
	(483, 8, 20.00, 5),
	(489, 1, 30.00, 14),
	(489, 8, 20.00, 14),
	(492, 1, 30.00, 14),
	(492, 8, 20.00, 14);
/*!40000 ALTER TABLE `zgtcp_servicepersonrelation` ENABLE KEYS */;


-- Volcando estructura para tabla zentrogestorcopa.zgtcp_sex
CREATE TABLE IF NOT EXISTS `zgtcp_sex` (
  `id` bigint(20) NOT NULL AUTO_INCREMENT,
  `comment` text DEFAULT NULL,
  `name` varchar(130) NOT NULL,
  `code` varchar(30) NOT NULL,
  PRIMARY KEY (`id`),
  UNIQUE KEY `code` (`code`)
) ENGINE=InnoDB AUTO_INCREMENT=3 DEFAULT CHARSET=latin1;

-- Volcando datos para la tabla zentrogestorcopa.zgtcp_sex: ~2 rows (aproximadamente)
/*!40000 ALTER TABLE `zgtcp_sex` DISABLE KEYS */;
INSERT INTO `zgtcp_sex` (`id`, `comment`, `name`, `code`) VALUES
	(1, NULL, 'Masculino', 'MALE'),
	(2, NULL, 'Femenino', 'FEMALE');
/*!40000 ALTER TABLE `zgtcp_sex` ENABLE KEYS */;


-- Volcando estructura para tabla zentrogestorcopa.zgtcp_tax
CREATE TABLE IF NOT EXISTS `zgtcp_tax` (
  `id` bigint(20) NOT NULL AUTO_INCREMENT,
  `period` varchar(1) DEFAULT 'M',
  `comment` text DEFAULT NULL,
  `name` varchar(130) NOT NULL,
  `code` varchar(30) NOT NULL,
  PRIMARY KEY (`id`),
  UNIQUE KEY `code` (`code`)
) ENGINE=InnoDB AUTO_INCREMENT=16 DEFAULT CHARSET=latin1;

-- Volcando datos para la tabla zentrogestorcopa.zgtcp_tax: ~15 rows (aproximadamente)
/*!40000 ALTER TABLE `zgtcp_tax` DISABLE KEYS */;
INSERT INTO `zgtcp_tax` (`id`, `period`, `comment`, `name`, `code`) VALUES
	(1, 'M', '', 'Impuesto sobre Ventas Personas Naturales', '011402'),
	(2, 'M', '', 'Impuesto sobre los Servicios', '020102'),
	(3, 'M', '', 'Impuesto por el Arrendamiento de Viviendas, Habitaciones o Espacios', '020082'),
	(4, 'M', '', 'Impuesto sobre los Ingresos Personales', '051012'),
	(5, 'Y', '', 'Impuesto sobre los Ingresos Personales Liquidación Adicional', '053022'),
	(6, 'M', '', 'Régimen Simplificado Personas Naturales', '051052'),
	(7, 'M', NULL, 'Impuesto por la Utilización de la Fuerza de Trabajo Personas Naturales', '061032'),
	(8, 'T', '', 'Contribución Especial de los Trabajadores a la Seguridad Social', '082013'),
	(9, 'M', NULL, 'Ingresos Personales Eventuales', '053032'),
	(10, 'M', NULL, 'Impuesto sobre Transmisión de Bienes y Herencias', '072012'),
	(11, 'M', NULL, 'Contribución Especial de Trabajadores a la Seguridad Social. Retenciones', '082023'),
	(12, 'T', '', 'Impuesto por anuncio comercial', '090012'),
	(13, 'M', NULL, 'Recargo', '106012'),
	(14, 'T', '', 'Contribucion  a  la  Seguridad  Social  de  Usufructuarios de  Tierra  CUP', '081043'),
	(15, 'Y', '', 'Impuesto sobre el Transporte Terrestre', '0710622');
/*!40000 ALTER TABLE `zgtcp_tax` ENABLE KEYS */;


-- Volcando estructura para tabla zentrogestorcopa.zgtcp_taxactivityrelation
CREATE TABLE IF NOT EXISTS `zgtcp_taxactivityrelation` (
  `activity_id` bigint(20) NOT NULL,
  `tax_id` bigint(20) NOT NULL,
  `amount` decimal(18,2) DEFAULT NULL,
  `fixed` tinyint(1) DEFAULT NULL,
  PRIMARY KEY (`activity_id`,`tax_id`),
  KEY `zgtcp_taxactivityrelation_tax_id_zgtcp_tax_id` (`tax_id`),
  CONSTRAINT `zgtcp_taxactivityrelation_activity_id_zgtcp_activity_id` FOREIGN KEY (`activity_id`) REFERENCES `zgtcp_activity` (`id`) ON DELETE CASCADE,
  CONSTRAINT `zgtcp_taxactivityrelation_tax_id_zgtcp_tax_id` FOREIGN KEY (`tax_id`) REFERENCES `zgtcp_tax` (`id`) ON DELETE CASCADE
) ENGINE=InnoDB DEFAULT CHARSET=latin1;

-- Volcando datos para la tabla zentrogestorcopa.zgtcp_taxactivityrelation: ~2 rows (aproximadamente)
/*!40000 ALTER TABLE `zgtcp_taxactivityrelation` DISABLE KEYS */;
INSERT INTO `zgtcp_taxactivityrelation` (`activity_id`, `tax_id`, `amount`, `fixed`) VALUES
	(11, 1, 10.00, 0),
	(190, 4, 10.00, 0);
/*!40000 ALTER TABLE `zgtcp_taxactivityrelation` ENABLE KEYS */;


-- Volcando estructura para tabla zentrogestorcopa.zgtcp_taxpersonrelation
CREATE TABLE IF NOT EXISTS `zgtcp_taxpersonrelation` (
  `person_id` bigint(20) NOT NULL,
  `tax_id` bigint(20) NOT NULL,
  `amount` decimal(18,2) DEFAULT NULL,
  `fixed` tinyint(1) DEFAULT NULL,
  PRIMARY KEY (`person_id`,`tax_id`),
  KEY `zgtcp_taxpersonrelation_tax_id_zgtcp_tax_id` (`tax_id`),
  CONSTRAINT `zgtcp_taxpersonrelation_person_id_zab_person_id` FOREIGN KEY (`person_id`) REFERENCES `zab_person` (`id`) ON DELETE CASCADE,
  CONSTRAINT `zgtcp_taxpersonrelation_tax_id_zgtcp_tax_id` FOREIGN KEY (`tax_id`) REFERENCES `zgtcp_tax` (`id`) ON DELETE CASCADE
) ENGINE=InnoDB DEFAULT CHARSET=latin1;

-- Volcando datos para la tabla zentrogestorcopa.zgtcp_taxpersonrelation: ~409 rows (aproximadamente)
/*!40000 ALTER TABLE `zgtcp_taxpersonrelation` DISABLE KEYS */;
INSERT INTO `zgtcp_taxpersonrelation` (`person_id`, `tax_id`, `amount`, `fixed`) VALUES
	(4, 4, 0.00, 1),
	(4, 8, 262.50, 1),
	(4, 12, 75.00, 1),
	(6, 4, 80.00, 1),
	(10, 8, 87.50, 1),
	(15, 6, 150.00, 1),
	(16, 6, 70.00, 1),
	(16, 8, 262.50, 1),
	(20, 8, 262.50, 1),
	(21, 6, 45.00, 1),
	(21, 8, 262.50, 1),
	(22, 6, 80.00, 1),
	(22, 8, 262.50, 1),
	(23, 8, 262.50, 1),
	(27, 6, 40.00, 1),
	(27, 8, 262.50, 1),
	(28, 6, 70.00, 1),
	(29, 6, 100.00, 1),
	(30, 6, 70.00, 1),
	(30, 8, 262.50, 1),
	(33, 8, 262.50, 1),
	(35, 8, 262.50, 1),
	(37, 4, 200.00, 1),
	(37, 8, 262.50, 1),
	(39, 6, 40.00, 1),
	(39, 8, 262.50, 1),
	(40, 6, 60.00, 1),
	(41, 6, 80.00, 1),
	(41, 8, 262.50, 1),
	(43, 6, 150.00, 1),
	(43, 8, 262.50, 1),
	(44, 8, 262.50, 1),
	(45, 8, 87.50, 1),
	(46, 8, 262.50, 1),
	(46, 12, 45.00, 1),
	(47, 8, 262.50, 1),
	(48, 8, 262.50, 1),
	(49, 8, 262.50, 1),
	(50, 4, 350.00, 1),
	(50, 8, 262.50, 1),
	(50, 15, 75.00, 1),
	(51, 8, 262.50, 1),
	(52, 6, 70.00, 1),
	(53, 6, 20.00, 1),
	(53, 8, 262.50, 1),
	(54, 6, 60.00, 1),
	(54, 8, 262.50, 1),
	(55, 6, 20.00, 1),
	(56, 4, 200.00, 1),
	(57, 8, 262.50, 1),
	(59, 6, 20.00, 1),
	(59, 8, 262.50, 1),
	(60, 6, 110.00, 1),
	(60, 8, 262.50, 1),
	(62, 4, 400.00, 1),
	(64, 6, 150.00, 1),
	(65, 8, 262.50, 1),
	(68, 6, 40.00, 1),
	(68, 8, 262.50, 1),
	(69, 8, 262.50, 1),
	(71, 4, 90.00, 1),
	(71, 8, 262.50, 1),
	(72, 6, 6.00, 1),
	(72, 8, 262.50, 1),
	(73, 6, 100.00, 1),
	(74, 6, 100.00, 1),
	(74, 8, 262.50, 1),
	(83, 6, 20.00, 1),
	(83, 8, 262.50, 1),
	(84, 4, 200.00, 1),
	(84, 8, 262.50, 1),
	(85, 4, 200.00, 1),
	(85, 8, 262.50, 1),
	(86, 8, 262.50, 1),
	(88, 8, 262.50, 1),
	(89, 4, 40.00, 1),
	(89, 8, 262.50, 1),
	(90, 14, 210.00, 1),
	(91, 2, 190.00, 1),
	(91, 4, 0.00, 1),
	(91, 8, 262.50, 1),
	(94, 14, 210.00, 1),
	(95, 14, 210.00, 1),
	(96, 14, 210.00, 1),
	(97, 14, 210.00, 1),
	(99, 14, 210.00, 1),
	(100, 14, 210.00, 1),
	(101, 8, 262.50, 1),
	(102, 6, 40.00, 1),
	(102, 8, 262.50, 1),
	(103, 4, 400.00, 1),
	(103, 8, 262.50, 1),
	(104, 6, 60.00, 1),
	(104, 8, 263.00, 1),
	(104, 15, 22.00, 1),
	(105, 6, 60.00, 1),
	(105, 8, 262.50, 1),
	(105, 15, 22.00, 1),
	(106, 8, 262.50, 1),
	(108, 6, 60.00, 1),
	(108, 8, 262.50, 1),
	(109, 6, 70.00, 1),
	(109, 8, 262.50, 1),
	(110, 6, 60.00, 1),
	(110, 8, 262.50, 1),
	(111, 6, 60.00, 1),
	(111, 8, 262.50, 1),
	(112, 6, 4.00, 1),
	(112, 8, 262.50, 1),
	(113, 2, 140.00, 1),
	(113, 4, 200.00, 1),
	(116, 8, 262.50, 1),
	(117, 8, 262.50, 1),
	(119, 8, 262.50, 1),
	(125, 8, 262.50, 1),
	(126, 6, 20.00, 1),
	(126, 8, 262.50, 1),
	(127, 4, 200.00, 1),
	(128, 6, 110.00, 1),
	(128, 8, 262.50, 1),
	(128, 15, 30.00, 1),
	(129, 8, 262.50, 1),
	(130, 8, 262.50, 1),
	(131, 6, 20.00, 1),
	(131, 8, 262.50, 1),
	(132, 4, 120.00, 1),
	(132, 15, 127.00, 1),
	(133, 4, 80.00, 1),
	(133, 8, 262.50, 1),
	(134, 8, 262.50, 1),
	(136, 8, 262.50, 1),
	(138, 8, 262.50, 1),
	(139, 6, 60.00, 1),
	(139, 8, 262.50, 1),
	(139, 15, 22.00, 1),
	(140, 6, 60.00, 1),
	(140, 8, 262.50, 1),
	(140, 15, 22.00, 1),
	(142, 8, 262.50, 1),
	(143, 6, 60.00, 1),
	(143, 8, 262.50, 1),
	(144, 8, 262.50, 1),
	(145, 4, 92.00, 1),
	(145, 8, 262.50, 1),
	(145, 15, 22.00, 1),
	(149, 6, 100.00, 1),
	(149, 8, 262.50, 1),
	(150, 6, 100.00, 1),
	(150, 8, 262.50, 1),
	(151, 6, 110.00, 1),
	(151, 8, 262.50, 1),
	(151, 15, 30.00, 1),
	(152, 6, 150.00, 1),
	(152, 8, 262.50, 1),
	(153, 8, 262.50, 1),
	(154, 6, 6.00, 1),
	(154, 8, 262.50, 1),
	(155, 6, 110.00, 1),
	(155, 8, 262.50, 1),
	(155, 15, 30.00, 1),
	(156, 6, 60.00, 1),
	(156, 8, 262.50, 1),
	(157, 8, 262.50, 1),
	(159, 6, 70.00, 1),
	(159, 8, 262.50, 1),
	(163, 8, 262.50, 1),
	(164, 8, 262.50, 1),
	(165, 6, 150.00, 1),
	(165, 8, 262.50, 1),
	(166, 8, 262.50, 1),
	(168, 6, 70.00, 1),
	(168, 15, 22.00, 1),
	(171, 6, 70.00, 1),
	(171, 15, 22.00, 1),
	(178, 8, 262.50, 1),
	(179, 8, 262.50, 1),
	(182, 6, 30.00, 1),
	(182, 8, 262.50, 1),
	(183, 8, 262.50, 1),
	(184, 6, 100.00, 1),
	(185, 6, 70.00, 1),
	(185, 8, 262.50, 1),
	(186, 4, 300.00, 1),
	(186, 8, 262.50, 1),
	(187, 4, 80.00, 1),
	(187, 8, 262.50, 1),
	(188, 6, 150.00, 1),
	(188, 8, 262.50, 1),
	(189, 6, 150.00, 1),
	(189, 8, 262.50, 1),
	(190, 2, 110.00, 1),
	(190, 4, 575.00, 1),
	(190, 8, 262.50, 1),
	(190, 15, 165.00, 1),
	(191, 8, 262.50, 1),
	(192, 4, 350.00, 1),
	(192, 8, 262.50, 1),
	(192, 15, 90.00, 1),
	(194, 6, 70.00, 1),
	(194, 8, 262.50, 1),
	(194, 15, 22.00, 1),
	(197, 6, 70.00, 1),
	(198, 6, 70.00, 1),
	(198, 8, 262.50, 1),
	(199, 6, 70.00, 1),
	(199, 8, 262.50, 1),
	(199, 15, 75.00, 1),
	(200, 6, 70.00, 1),
	(200, 8, 262.50, 1),
	(201, 8, 262.50, 1),
	(202, 6, 70.00, 1),
	(202, 8, 262.50, 1),
	(203, 6, 70.00, 1),
	(203, 8, 262.50, 1),
	(208, 8, 262.50, 1),
	(210, 8, 262.50, 1),
	(212, 6, 60.00, 1),
	(212, 8, 262.50, 1),
	(212, 15, 22.00, 1),
	(214, 8, 262.50, 1),
	(217, 6, 80.00, 1),
	(217, 8, 262.50, 1),
	(218, 8, 262.50, 1),
	(221, 8, 262.50, 1),
	(223, 8, 262.50, 1),
	(225, 8, 262.50, 1),
	(226, 8, 262.50, 1),
	(227, 1, 90.00, 1),
	(227, 4, 100.00, 1),
	(227, 8, 262.50, 1),
	(228, 8, 262.50, 1),
	(229, 8, 262.50, 1),
	(230, 6, 7.00, 1),
	(230, 8, 262.50, 1),
	(232, 8, 262.50, 1),
	(233, 6, 110.00, 1),
	(233, 8, 262.50, 1),
	(233, 15, 30.00, 1),
	(234, 6, 110.00, 1),
	(234, 8, 262.50, 1),
	(234, 15, 30.00, 1),
	(235, 8, 262.50, 1),
	(236, 8, 262.50, 1),
	(237, 8, 262.50, 1),
	(239, 6, 150.00, 1),
	(239, 8, 262.50, 1),
	(240, 8, 262.50, 1),
	(243, 6, 120.00, 1),
	(244, 6, 50.00, 1),
	(244, 15, 22.00, 1),
	(247, 6, 70.00, 1),
	(250, 4, 100.00, 1),
	(250, 8, 262.50, 1),
	(252, 8, 262.50, 1),
	(254, 6, 35.00, 1),
	(254, 8, 262.50, 1),
	(257, 8, 262.50, 1),
	(260, 6, 80.00, 1),
	(260, 8, 262.50, 1),
	(267, 6, 84.00, 1),
	(267, 15, 75.00, 1),
	(269, 8, 262.50, 1),
	(273, 6, 45.00, 1),
	(282, 6, 160.00, 1),
	(282, 8, 262.50, 1),
	(283, 6, 60.00, 1),
	(283, 8, 262.50, 1),
	(286, 4, 400.00, 1),
	(286, 8, 262.50, 1),
	(286, 15, 22.00, 1),
	(288, 6, 40.00, 1),
	(290, 6, 30.00, 1),
	(290, 8, 262.50, 1),
	(291, 6, 40.00, 1),
	(291, 8, 262.50, 1),
	(292, 6, 40.00, 1),
	(292, 8, 262.50, 1),
	(293, 6, 40.00, 1),
	(293, 8, 262.50, 1),
	(294, 6, 30.00, 1),
	(294, 8, 262.50, 1),
	(297, 4, 80.00, 1),
	(297, 8, 262.50, 1),
	(299, 4, 200.00, 1),
	(299, 8, 262.50, 1),
	(300, 6, 150.00, 1),
	(300, 8, 262.50, 1),
	(306, 4, 56.00, 1),
	(306, 8, 262.50, 1),
	(307, 6, 20.00, 1),
	(307, 8, 262.50, 1),
	(308, 4, 200.00, 1),
	(308, 8, 262.50, 1),
	(309, 6, 80.00, 1),
	(315, 4, 100.00, 1),
	(315, 8, 262.50, 1),
	(316, 4, 120.00, 1),
	(316, 8, 262.50, 1),
	(319, 4, 475.00, 1),
	(319, 15, 135.00, 1),
	(323, 8, 262.50, 1),
	(327, 4, 80.00, 1),
	(327, 8, 262.50, 1),
	(328, 4, 350.00, 1),
	(328, 8, 262.50, 1),
	(328, 15, 157.00, 1),
	(331, 6, 50.00, 1),
	(331, 8, 262.50, 1),
	(332, 4, 70.00, 1),
	(335, 6, 11.00, 1),
	(335, 8, 262.50, 1),
	(336, 4, 350.00, 1),
	(336, 15, 75.00, 1),
	(338, 4, 350.00, 1),
	(338, 8, 262.50, 1),
	(338, 15, 150.00, 1),
	(339, 4, 0.00, 1),
	(339, 8, 262.50, 1),
	(339, 15, 75.00, 1),
	(340, 4, 180.00, 1),
	(340, 8, 262.50, 1),
	(341, 6, 20.00, 1),
	(341, 8, 262.50, 1),
	(344, 6, 60.00, 1),
	(344, 8, 262.50, 1),
	(348, 4, 90.00, 1),
	(348, 8, 262.50, 1),
	(349, 6, 150.00, 1),
	(356, 6, 20.00, 1),
	(356, 8, 262.50, 1),
	(359, 3, 0.00, 1),
	(359, 4, 50.00, 1),
	(359, 12, 75.00, 1),
	(363, 4, 25.00, 1),
	(372, 8, 84.00, 1),
	(373, 8, 262.50, 1),
	(374, 8, 262.50, 1),
	(379, 6, 40.00, 1),
	(379, 8, 262.50, 1),
	(380, 2, 215.00, 1),
	(380, 4, 150.00, 1),
	(382, 6, 40.00, 1),
	(382, 8, 262.50, 1),
	(383, 6, 70.00, 1),
	(384, 6, 30.00, 1),
	(384, 8, 262.50, 1),
	(385, 6, 60.00, 1),
	(385, 8, 262.50, 1),
	(388, 6, 100.00, 1),
	(388, 8, 262.50, 1),
	(390, 4, 80.00, 1),
	(390, 8, 262.50, 1),
	(392, 6, 70.00, 1),
	(392, 8, 262.50, 1),
	(393, 6, 35.00, 1),
	(393, 8, 262.50, 1),
	(393, 15, 150.00, 1),
	(394, 6, 150.00, 1),
	(394, 8, 262.50, 1),
	(395, 6, 150.00, 1),
	(397, 4, 400.00, 1),
	(397, 8, 262.50, 1),
	(398, 6, 60.00, 1),
	(398, 8, 262.50, 1),
	(399, 8, 262.50, 1),
	(400, 6, 20.00, 1),
	(400, 8, 262.50, 1),
	(401, 6, 30.00, 1),
	(401, 8, 262.50, 1),
	(402, 4, 250.00, 1),
	(402, 8, 262.50, 1),
	(404, 4, 200.00, 1),
	(404, 8, 262.50, 1),
	(423, 8, 87.50, 1),
	(442, 8, 84.00, 1),
	(470, 8, 262.50, 1),
	(471, 4, 120.00, 1),
	(472, 8, 262.50, 1),
	(473, 8, 87.50, 1),
	(474, 8, 87.50, 1),
	(475, 8, 87.50, 1),
	(476, 8, 87.50, 1),
	(477, 7, 39.00, 1),
	(477, 8, 877.50, 1),
	(479, 8, 87.50, 1),
	(480, 2, 0.00, 1),
	(480, 4, 0.00, 1),
	(480, 5, 0.00, 1),
	(480, 8, 0.00, 1),
	(480, 15, 0.00, 1),
	(481, 8, 262.50, 1),
	(483, 2, 0.00, 1),
	(483, 4, 0.00, 1),
	(483, 6, 0.00, 1),
	(483, 15, 0.00, 1),
	(484, 2, 0.00, 1),
	(484, 4, 0.00, 1),
	(484, 5, 0.00, 1),
	(484, 8, 0.00, 1),
	(485, 8, 262.50, 1),
	(486, 8, 262.50, 1),
	(488, 8, 262.50, 1),
	(489, 7, 39.00, 1),
	(489, 8, 87.50, 1),
	(489, 15, 30.00, 1),
	(490, 8, 87.50, 1),
	(491, 8, 87.50, 1),
	(492, 7, 39.00, 1),
	(492, 8, 87.50, 1);
/*!40000 ALTER TABLE `zgtcp_taxpersonrelation` ENABLE KEYS */;


-- Volcando estructura para tabla zentrogestorcopa.zgtcp_taxtaxrelation
CREATE TABLE IF NOT EXISTS `zgtcp_taxtaxrelation` (
  `tax_id` bigint(20) NOT NULL,
  `taxrelated_id` bigint(20) NOT NULL,
  PRIMARY KEY (`tax_id`,`taxrelated_id`),
  KEY `zgtcp_taxtaxrelation_taxrelated_id_zgtcp_tax_id` (`taxrelated_id`),
  CONSTRAINT `zgtcp_taxtaxrelation_tax_id_zgtcp_tax_id` FOREIGN KEY (`tax_id`) REFERENCES `zgtcp_tax` (`id`) ON DELETE CASCADE,
  CONSTRAINT `zgtcp_taxtaxrelation_taxrelated_id_zgtcp_tax_id` FOREIGN KEY (`taxrelated_id`) REFERENCES `zgtcp_tax` (`id`) ON DELETE CASCADE
) ENGINE=InnoDB DEFAULT CHARSET=latin1;

-- Volcando datos para la tabla zentrogestorcopa.zgtcp_taxtaxrelation: ~0 rows (aproximadamente)
/*!40000 ALTER TABLE `zgtcp_taxtaxrelation` DISABLE KEYS */;
/*!40000 ALTER TABLE `zgtcp_taxtaxrelation` ENABLE KEYS */;


-- Volcando estructura para tabla zentrogestorcopa.zgtcp_transaction
CREATE TABLE IF NOT EXISTS `zgtcp_transaction` (
  `id` bigint(20) NOT NULL AUTO_INCREMENT,
  `creationdate` date DEFAULT NULL,
  `comment` text DEFAULT NULL,
  `debit` decimal(18,2) DEFAULT NULL,
  `credit` decimal(18,2) DEFAULT NULL,
  `person_id` bigint(20) DEFAULT NULL,
  `activity_id` bigint(20) DEFAULT NULL,
  PRIMARY KEY (`id`),
  KEY `person_id_idx` (`person_id`),
  KEY `activity_id_idx` (`activity_id`),
  CONSTRAINT `zgtcp_transaction_activity_id_zgtcp_activity_id` FOREIGN KEY (`activity_id`) REFERENCES `zgtcp_activity` (`id`) ON DELETE CASCADE,
  CONSTRAINT `zgtcp_transaction_person_id_zab_person_id` FOREIGN KEY (`person_id`) REFERENCES `zab_person` (`id`) ON DELETE CASCADE
) ENGINE=InnoDB AUTO_INCREMENT=250 DEFAULT CHARSET=latin1;

-- Volcando datos para la tabla zentrogestorcopa.zgtcp_transaction: ~249 rows (aproximadamente)
/*!40000 ALTER TABLE `zgtcp_transaction` DISABLE KEYS */;
INSERT INTO `zgtcp_transaction` (`id`, `creationdate`, `comment`, `debit`, `credit`, `person_id`, `activity_id`) VALUES
	(1, '2015-12-03', 'Tramites Bancarios Dunia Doimeadios', 0.00, 1300.00, 4, 171),
	(2, '2015-12-03', 'Gastos  de  Alimentacion', 25.00, 0.00, 4, 171),
	(3, '2015-12-02', 'Distribucion  de  Pastel Nirmqa Reynaldo', 0.00, 50.00, 4, 134),
	(4, '2015-12-02', 'Pago  a  Vivian Mendez', 25.00, 0.00, 4, 134),
	(5, '2015-12-10', 'Tramites Bancario Rosaidis', 0.00, 500.00, 4, 134),
	(6, '2015-12-12', 'Tramites Bancario  Rafaek ', 0.00, 1500.00, 4, 134),
	(7, '2015-12-12', 'Salario Vivian ', 300.00, 0.00, 4, 171),
	(8, '2015-12-11', 'Mecanografia de Documentos', 0.00, 80.00, 4, 133),
	(9, '2015-12-16', 'Gasto  de  Transportacion', 55.00, 0.00, 4, 171),
	(10, '2015-12-16', 'Retribucion  a  Trabajador  Contratado Ileana Dunia', 700.00, 0.00, 4, 133),
	(11, '2015-12-18', 'Amortizacion', 3800.00, 0.00, 4, 171),
	(12, '2015-12-17', 'Servicio de Contabilidad Calixto', 0.00, 3000.00, 4, 171),
	(13, '2015-12-17', 'Servicio de Contabilidad Luis y Celia', 0.00, 800.00, 4, 171),
	(14, '2015-12-17', 'Servicio de Contabilidad Robin', 0.00, 1300.00, 4, 171),
	(15, '2015-12-21', 'Ingresos  de  Distribucion de Pasteles', 0.00, 350.00, 4, 171),
	(16, '2015-12-22', 'SErvicios  de Plasticado  de  Licencias Sanitarias', 0.00, 60.00, 4, 171),
	(17, '2015-12-24', 'Servicios  de  Mecanografia  a  Rodolfo Cuenca', 0.00, 3500.00, 4, 171),
	(18, '2015-12-27', 'Servicios  a Maritza Cutiño y Virgen Almira', 0.00, 140.00, 4, 171),
	(19, '2015-12-27', 'Ingresos  de  Cobro Vivian Mdez', 0.00, 200.00, 4, 171),
	(20, '2015-12-27', 'Gasto  de  Salario  Vivian Mdez', 80.00, 0.00, 4, 171),
	(21, '2016-01-04', 'Impresion  de Documentos  7 Hojas', 0.00, 15.00, 4, 133),
	(22, '2016-01-06', 'Declaracion Jurada de marcos Rafael Pupo  ', 0.00, 50.00, 4, 171),
	(23, '2016-01-06', 'Gasto de energia electrica', 11.40, 0.00, 4, 171),
	(24, '2016-01-06', 'gastos de alimentacion', 12.00, 0.00, 4, 171),
	(25, '2016-01-08', 'Impresion de Documentos Plan de Clase', 0.00, 105.00, 4, 133),
	(26, '2016-01-08', 'Gastos de 67 hojas', 26.70, 0.00, 4, 133),
	(27, '2016-01-09', 'Tarjeta de Presentacion (Juan C) 100', 0.00, 100.00, 4, 133),
	(28, '2016-01-09', ' HojasImpresion  Doc. Doctor 7 hojas', 0.00, 15.00, 4, 133),
	(29, '2016-01-09', 'Gasto de Hojas', 0.70, 0.00, 4, 133),
	(30, '2016-01-11', 'Paletas', 0.00, 28.00, 4, 134),
	(31, '2016-01-11', 'Pasteles', 0.00, 20.00, 4, 134),
	(32, '2016-01-12', 'Ingresos  de  Impuestos Reynier', 0.00, 475.00, 4, 171),
	(33, '2016-01-12', 'Gastos  de  Salario  Reynier', 190.00, 0.00, 4, 171),
	(34, '2016-01-12', 'Fotocopia  de  Documento', 0.00, 10.00, 4, 133),
	(35, '2016-01-13', 'Tramite de Yurima', 0.00, 20.00, 4, 134),
	(36, '2016-01-14', 'contabilidad reynerio', 0.00, 12.00, 4, 171),
	(37, '2016-01-14', 'contabilidad  reynerio', 0.00, 20.00, 4, 171),
	(38, '2016-01-15', 'contabilidad rey', 0.00, 10.00, 4, 171),
	(39, '2016-01-15', 'Contabilidad rey', 0.00, 20.00, 4, 171),
	(40, '2016-01-15', 'contabilida lian', 0.00, 40.00, 4, 171),
	(41, '2016-01-16', 'contabilidad rey', 0.00, 20.00, 4, 171),
	(42, '2016-01-16', 'contabilidad rey', 0.00, 60.00, 4, 171),
	(43, '2016-01-16', 'contabilidad rey', 0.00, 60.00, 4, 171),
	(44, '2016-01-18', 'carne', 0.00, 10.00, 4, 142),
	(45, '2016-01-18', 'Servicios Rey', 0.00, 132.00, 4, 171),
	(46, '2016-01-18', 'conta rey', 0.00, 20.00, 4, 171),
	(47, '2016-01-19', 'servicio magdonado musico', 0.00, 70.00, 4, 171),
	(48, '2016-01-19', 'cont yoannni musico', 0.00, 70.00, 4, 171),
	(49, '2016-01-19', 'cont yoann musico', 0.00, 70.00, 4, 171),
	(50, '2016-01-19', 'ser maldonado y musico', 0.00, 70.00, 4, 171),
	(51, '2016-01-19', 'cont rey', 0.00, 70.00, 4, 171),
	(52, '2016-01-19', 'servicios', 0.00, 70.00, 4, 171),
	(53, '2016-01-19', 'Plasticado CArne de Rafael', 0.00, 30.00, 4, 142),
	(54, '2016-02-02', 'Tramites Rusbel  y  Abelito', 0.00, 500.00, 4, 171),
	(55, '2016-02-02', 'Tramite de  Josefa', 0.00, 250.00, 4, 171),
	(56, '2016-02-06', 'Flujo y Resumen  de Rusbel', 0.00, 2500.00, 4, 171),
	(57, '2016-02-08', 'Flujo  y  resumen  de  Abelito', 0.00, 1500.00, 4, 171),
	(58, '2016-02-10', 'Tramite  de  Elio', 0.00, 1500.00, 4, 134),
	(59, '2016-02-11', 'Electricidad', 13.80, 0.00, 4, 171),
	(60, '2016-04-20', 'Servicio  de Credito Yunior F Aroche', 0.00, 480.00, 4, 171),
	(61, '2016-04-20', 'Gasto  de  Alimentacion', 35.00, 0.00, 4, 171),
	(62, '2016-04-20', 'Servicios  de  Cobro  de Impuestos', 0.00, 2000.00, 4, 133),
	(63, '2016-04-20', 'Ingresos  servicios  de  mecanografia', 0.00, 400.00, 4, 133),
	(64, '2016-04-20', 'Salario Oralia  Sarmiento', 500.00, 0.00, 4, 133),
	(65, '2016-04-20', 'Salario Iliana Dunia', 400.00, 0.00, 4, 133),
	(66, '2016-08-28', 'Hojas ', 0.00, 700.00, 4, 133),
	(67, '2016-08-28', 'Tramite  de  Ulises', 0.00, 120.00, 4, 134),
	(68, '2016-09-01', 'Expediente de Credito San Rafel', 0.00, 600.00, 4, 171),
	(69, '2016-09-02', 'Plastificado  de  Yuniel  Castillo', 0.00, 20.00, 4, 142),
	(70, '2016-09-05', 'Cobro  de Albañiles  EScambray', 0.00, 80.00, 4, 171),
	(71, '2016-09-05', 'Expediente  de Credito  San Rafeli', 0.00, 600.00, 4, 171),
	(72, '2016-09-06', 'Expediente  de Credito de German Albañil', 0.00, 400.00, 4, 171),
	(73, '2016-09-06', 'Servicios  de  Cobro GAbina Grupo 1', 0.00, 361.05, 4, 171),
	(74, '2016-09-06', 'GAsto  de Salario Dunia y Oralia', 200.00, 0.00, 4, 171),
	(75, '2016-09-06', 'Gasto  de Alimentación Visita  de  ETECSA', 50.00, 0.00, 4, 133),
	(76, '2016-09-06', 'Gasto  de  Compra Materiales de Oficina Hojas, Sobre y CR', 900.00, 0.00, 4, 171),
	(77, '2016-09-06', 'Plasticado 4 Sellos', 0.00, 20.00, 4, 142),
	(78, '2016-09-07', 'Plasticado  de  Carne', 0.00, 20.00, 4, 142),
	(79, '2016-09-07', 'Expediente para Credito  Eugenia Idania', 0.00, 240.00, 4, 171),
	(80, '2016-09-12', 'Ingresos de Reinier', 0.00, 481.00, 4, 171),
	(81, '2016-09-14', 'Ingresos  de Oraslia', 0.00, 540.00, 4, 171),
	(82, '2016-09-15', 'Ingresos  de  Gabina', 0.00, 1340.00, 4, 171),
	(83, '2016-09-16', 'Ingresos  de  Iliana Dunia', 0.00, 730.00, 4, 171),
	(84, '2016-09-16', 'Actualización  de Registro  de Ingresos', 0.00, 600.00, 4, 171),
	(85, '2016-09-16', 'Ingresos  de  Plastificado', 0.00, 100.00, 4, 142),
	(86, '2016-09-19', 'Ingresos  de  Impresión  de  Documentos', 0.00, 250.00, 4, 142),
	(87, '2016-09-23', 'Tramites  a  Clientes', 0.00, 1600.00, 4, 134),
	(88, '2016-11-01', 'Servicios de German Albañil', 0.00, 50.00, 4, 133),
	(89, '2016-11-01', 'Baja de German', 0.00, 50.00, 4, 133),
	(90, '2016-11-01', 'Confección 1 CR- 09', 0.00, 20.00, 4, 133),
	(91, '2016-11-02', '2  Fotocopia', 0.00, 10.00, 4, 133),
	(92, '2016-11-02', 'Servicio German Albañil', 0.00, 50.00, 4, 171),
	(93, '2016-11-22', 'Pago CR-09 Omar Ernesto', 0.00, 40.00, 4, 133),
	(94, '2016-11-22', 'Impresion de Documentos ', 0.00, 7.00, 4, 133),
	(95, '2016-11-22', 'Impresion 2 hojas a color', 0.00, 5.00, 4, 133),
	(96, '2016-11-22', 'Plasticado 1 carnet', 0.00, 10.00, 4, 171),
	(97, '2016-11-22', 'Cobro 2 CR-09 (Reynerio)', 0.00, 70.00, 4, 171),
	(98, '2016-11-23', 'Impresion de documentos', 0.00, 40.00, 4, 171),
	(99, '2016-11-23', 'Pago de CR-09 (Reynerio)', 0.00, 20.00, 4, 171),
	(100, '2016-11-24', 'Declaracion jurada (Reynerio)', 0.00, 60.00, 4, 142),
	(101, '2016-11-24', 'Plasticar 1 Carnet', 0.00, 10.00, 4, 142),
	(102, '2016-11-25', 'Confección CR-09  (Dunia)', 0.00, 20.00, 4, 133),
	(103, '2016-11-25', 'Impresión de Documento (Modelo Reyna)', 0.00, 30.00, 4, 133),
	(104, '2016-11-25', 'Compra de Kake Actividad ANEC', 60.00, 0.00, 4, 171),
	(105, '2016-11-25', 'Ingresos de los Grupos  de Pedro Quevedo', 0.00, 1350.00, 4, 134),
	(106, '2016-11-25', 'Ingresos  de los  Clientes  de Oralia', 0.00, 860.00, 4, 134),
	(107, '2016-11-25', 'Ingresos  de  los  Clientes  de Alex U, S. Rafael y 26', 0.00, 820.00, 4, 134),
	(108, '2016-11-25', 'Ingresos  de Clientes Nuevos', 0.00, 900.00, 4, 134),
	(109, '2016-11-25', 'Ingresos  de  Clientes  de  Iliana Dunia (Oficina)', 0.00, 670.00, 4, 134),
	(110, '2016-11-25', 'Ingresos  por  Tramites  de  Alta  y  Baja', 0.00, 800.00, 4, 134),
	(111, '2016-11-25', 'Pago a  Trabajadores Contratados  Iliana Dunia Mecanografa', 670.00, 0.00, 4, 171),
	(112, '2016-11-25', 'Pago a Trabajadores Contratados Oralia Sarmto Tenedor', 450.00, 0.00, 4, 171),
	(113, '2016-11-25', 'Pago  de  Servicio Gabina Caridad', 790.00, 0.00, 4, 171),
	(114, '2016-11-25', 'Gasto  de  Salario Reinier ', 328.00, 0.00, 4, 171),
	(115, '2016-11-25', 'Gasto  de Combustible ', 110.00, 0.00, 4, 171),
	(116, '2016-11-25', 'Gasto  de Telefono fijo  y  Movil', 460.00, 0.00, 4, 171),
	(117, '2016-11-25', 'Gasto  de Energia ', 78.00, 0.00, 4, 171),
	(118, '2016-11-25', 'Actividad de la ANEC', 55.00, 0.00, 4, 171),
	(119, '2016-11-25', 'Compra de  Mater. Oficina (Tinta, Hojas, Lapicero) ', 610.00, 0.00, 4, 171),
	(120, '2016-11-25', 'Servicio devuelto a Maikel Rodriguez', 1500.00, 0.00, 4, 171),
	(121, '2016-11-25', 'Pago  del Archivo  5 Gaveta', 500.00, 0.00, 4, 171),
	(122, '2016-11-25', 'Impresión  de  Tesis  de  Yarima  Romero Martinez ', 0.00, 169.00, 4, 133),
	(123, '2016-11-28', 'Impresion de documentos(4), Fotocopia(2)', 0.00, 60.00, 4, 133),
	(124, '2016-11-29', 'Impresión  de Documentos', 0.00, 2.00, 4, 142),
	(125, '2016-11-29', 'Servicio de Cobro  y  Contabilidad ', 0.00, 50.00, 4, 142),
	(126, '2016-11-29', 'Plasticado  de 2  Carnet', 0.00, 20.00, 4, 142),
	(127, '2016-11-30', 'Declaracion Jurada (Reynerio)', 0.00, 50.00, 4, 171),
	(128, '2016-11-30', 'CR-09 (Oralia)', 0.00, 20.00, 4, 171),
	(129, '2016-11-30', 'Impresión de Documentos (14 hojas BN)', 0.00, 21.00, 4, 133),
	(130, '2016-12-01', 'CR-09 (Dunia)', 0.00, 20.00, 4, 142),
	(131, '2016-12-01', 'Declaracion Jurada (Oralia)', 0.00, 20.00, 4, 142),
	(132, '2016-12-01', 'Restauración Titulo', 0.00, 20.00, 4, 142),
	(133, '2016-12-01', '36 Tirillas y 1carné ', 0.00, 136.00, 4, 142),
	(134, '2016-12-05', 'Gasto  de Configuración Software Donel', 40.00, 0.00, 4, 133),
	(135, '2016-12-05', 'Impresión de Documentos  Yarima ', 0.00, 20.00, 4, 133),
	(136, '2016-12-01', 'Salario de Iliana Dunia  adelanto', 300.00, 0.00, 4, 171),
	(137, '2016-12-06', 'Ajustando Saldo en Caja (Tesis Yarima)', 0.00, 73.00, 4, 133),
	(138, '2016-12-06', 'Encuadernado Tesis', 40.00, 0.00, 4, 133),
	(139, '2016-12-06', 'Revirtiendo Operacion de Tesis de Yarima', 73.00, 0.00, 4, 133),
	(140, '2016-12-07', 'Plasticado (31 Tirillas, 3 carne)', 0.00, 169.50, 4, 171),
	(141, '2016-12-07', 'Servicio de Gavina grupo 1', 0.00, 211.00, 4, 171),
	(142, '2016-12-07', 'Mantenimiento de la PC', 375.00, 0.00, 4, 171),
	(143, '2016-12-07', 'Compra de Mica', 100.00, 0.00, 4, 171),
	(144, '2016-12-07', 'CR-09 (Dunia)', 0.00, 20.00, 4, 171),
	(145, '2016-12-07', 'Servicio Dunia', 0.00, 20.00, 4, 171),
	(146, '2016-12-07', 'Servicio Oralia', 0.00, 70.00, 4, 171),
	(147, '2016-12-08', 'Cobro de Servicio (Reynerio)', 0.00, 100.00, 4, 133),
	(148, '2016-12-08', 'Impresion de Doc(DJ-05, Diplomas)', 0.00, 66.00, 4, 133),
	(149, '2016-12-09', 'Servicio Reynerio', 0.00, 40.00, 4, 171),
	(150, '2016-12-09', 'Gasto por comision financiera', 245.00, 0.00, 4, 171),
	(151, '2016-12-10', 'Gasto Nivia', 210.00, 0.00, 4, 171),
	(152, '2016-12-12', 'Servicio Gavina', 0.00, 117.50, 4, 171),
	(153, '2016-12-12', 'Servicio Dunia', 0.00, 20.00, 4, 171),
	(154, '2016-12-12', 'Servicio Dunia ', 0.00, 20.00, 4, 171),
	(155, '2016-12-12', 'Servicio de Registro de Ingresos y Gastos - Dunia', 0.00, 50.00, 4, 171),
	(156, '2016-12-12', 'Gasto de energia electrica', 85.00, 0.00, 4, 171),
	(157, '2016-12-13', 'Servicio  de  Gabina', 0.00, 199.00, 4, 171),
	(158, '2016-12-13', 'Servicio de  Dunia', 0.00, 50.00, 4, 171),
	(159, '2016-12-13', 'Mecanografia ', 0.00, 50.00, 4, 171),
	(160, '2016-12-13', 'Servicio prestado a Orlando Anasco  ', 0.00, 20.00, 4, 171),
	(161, '2016-12-14', 'Plasticado tirillas menu', 0.00, 136.00, 4, 171),
	(162, '2016-12-14', 'Servicio Dunia', 0.00, 30.00, 4, 171),
	(163, '2016-12-14', 'Servicio Gavina', 0.00, 159.80, 4, 171),
	(164, '2016-12-14', 'Servicio Reynerio', 0.00, 50.00, 4, 171),
	(165, '2016-12-15', 'Servicio Oralia', 0.00, 490.00, 4, 171),
	(166, '2016-12-15', 'Impresion de documentos', 0.00, 4.00, 4, 171),
	(167, '2016-12-15', 'Pago Oralia', 336.00, 0.00, 4, 171),
	(168, '2016-12-15', 'Pago salario Aime', 600.00, 0.00, 4, 171),
	(169, '2016-12-17', 'Distribución de 100 Pasteles', 0.00, 50.00, 4, 134),
	(170, '2016-12-19', 'Encuadernado de  Ihforme  y Corte  de Cartulina', 50.00, 0.00, 4, 133),
	(171, '2017-01-04', 'Mecanografia', 0.00, 40.00, 4, 142),
	(172, '2017-01-04', 'Plasticado', 0.00, 10.00, 4, 142),
	(173, '2017-01-05', 'Distrib. Pastel', 0.00, 50.00, 4, 171),
	(174, '2017-01-05', 'Tramite ', 0.00, 100.00, 4, 171),
	(175, '2017-01-05', 'Mensajeria', 0.00, 50.00, 4, 171),
	(176, '2017-01-05', 'Mecanografia', 0.00, 20.00, 4, 171),
	(177, '2017-01-05', 'Servicio Dunia', 0.00, 77.00, 4, 171),
	(178, '2017-01-05', 'Servicio Dunia', 0.00, 40.00, 4, 171),
	(179, '2017-01-05', 'Servicio', 0.00, 10.00, 4, 171),
	(180, '2017-01-06', 'Mecanografia', 0.00, 5.00, 4, 171),
	(181, '2017-01-09', 'Servicio Reynerio', 0.00, 40.00, 4, 171),
	(182, '2017-01-09', 'Vector Fiscal', 0.00, 5.00, 4, 171),
	(183, '2017-01-09', 'Servicio Reynerio', 0.00, 70.00, 4, 171),
	(184, '2017-01-09', 'Gastos Tramites', 250.00, 0.00, 4, 171),
	(185, '2017-01-10', 'Servicio Reynerio', 0.00, 20.00, 4, 171),
	(186, '2017-01-10', 'Servicio Dunia', 0.00, 60.00, 4, 171),
	(187, '2017-01-10', 'Servicio Gabina', 0.00, 216.00, 4, 171),
	(188, '2017-01-10', 'Vector Fiscal', 0.00, 45.00, 4, 171),
	(189, '2017-01-10', 'Mecanografia', 0.00, 35.00, 4, 171),
	(190, '2017-01-11', 'Servicio Reynerio', 0.00, 20.00, 4, 171),
	(191, '2017-01-11', 'Vector Fiscal D', 0.00, 5.00, 4, 171),
	(192, '2017-01-11', 'Servicio Gabina', 0.00, 145.00, 4, 171),
	(193, '2017-01-11', 'Vector Fiscal Gabina', 0.00, 20.00, 4, 171),
	(194, '2017-01-12', 'Declaración Jurada ', 0.00, 50.00, 4, 171),
	(195, '2017-01-12', 'Plastificado Tablillas Menu  AIME', 0.00, 35.00, 4, 171),
	(196, '2017-01-12', 'Vector Fiscal Dunia ', 0.00, 10.00, 4, 171),
	(197, '2017-01-12', 'Mecanografia', 0.00, 40.00, 4, 171),
	(198, '2017-01-12', 'Servicio Reynerio', 0.00, 125.00, 4, 171),
	(199, '2017-01-12', 'Servicio Dunia', 0.00, 40.00, 4, 171),
	(200, '2017-01-13', 'Plastificado', 0.00, 10.00, 4, 171),
	(201, '2017-01-13', 'Tramite Reg Ing Ficha y Resumen  Carrion', 0.00, 100.00, 4, 171),
	(202, '2017-01-13', 'Servicio Gabina', 0.00, 387.00, 4, 171),
	(203, '2017-01-13', 'Vector Gabina', 0.00, 95.00, 4, 171),
	(204, '2017-01-13', 'Declaración Jurada  Yosvani Rondon NAVA', 0.00, 50.00, 4, 171),
	(205, '2017-01-13', 'Servicio Reinier', 0.00, 474.00, 4, 171),
	(206, '2017-01-13', 'Vector Fiscal Reinier', 0.00, 170.00, 4, 171),
	(207, '2017-01-13', 'Gasto Manolo y Reyna  Ojeda  497.00', 497.00, 0.00, 4, 171),
	(208, '2017-01-13', 'Gasto Compra Paq. Cafe  10 Lbs', 410.00, 0.00, 4, 171),
	(209, '2017-01-16', 'Vector F Gabina', 0.00, 75.00, 4, 142),
	(210, '2017-01-17', 'Servicio D 1 vector 1 CR 09', 0.00, 115.00, 4, 142),
	(211, '2017-01-16', 'Servicio Reinier', 0.00, 18.00, 4, 142),
	(212, '2017-01-16', 'Plasticado ', 0.00, 10.00, 4, 142),
	(213, '2017-01-16', 'Mecanografia', 0.00, 10.00, 4, 142),
	(214, '2017-01-16', 'Servicio Gabina', 0.00, 281.30, 4, 171),
	(215, '2017-01-17', 'Servicio Gabina', 0.00, 176.00, 4, 171),
	(216, '2017-01-17', 'Vector F Gabina', 0.00, 30.00, 4, 171),
	(217, '2017-01-17', 'Servicio D', 0.00, 140.00, 4, 171),
	(218, '2017-01-17', 'Servicio Reynerio', 0.00, 125.00, 4, 171),
	(219, '2017-01-17', 'Plasticado ', 0.00, 10.00, 4, 171),
	(220, '2017-01-18', 'Servicio  Dunia', 0.00, 181.00, 4, 171),
	(221, '2017-01-18', 'Servicio Gabina (Richelmi)', 0.00, 140.00, 4, 171),
	(222, '2017-01-18', 'Salario Dunia 80,  Gabina 600', 680.00, 0.00, 4, 171),
	(223, '2017-01-18', 'Gasto Alimentación (Aceite)', 50.00, 0.00, 4, 171),
	(224, '2017-01-19', 'Servicio Dunia', 0.00, 185.00, 4, 171),
	(225, '2017-01-19', 'Plasticado', 0.00, 10.00, 4, 171),
	(226, '2017-01-19', 'Servicio Reynerio', 0.00, 290.00, 4, 171),
	(227, '2017-01-20', 'Declaración Jurada', 0.00, 50.00, 4, 171),
	(228, '2017-01-20', 'Servicio Dunia', 0.00, 40.00, 4, 171),
	(229, '2017-01-20', 'Mecanografia', 0.00, 6.00, 4, 171),
	(230, '2017-01-20', 'Servicio Reynerio', 0.00, 40.00, 4, 171),
	(231, '2017-01-20', 'Plasticado Licencia Sanitaria', 0.00, 20.00, 4, 171),
	(232, '2017-01-10', 'Servicio Reynerio  Clientes Nuevo', 0.00, 900.00, 4, 171),
	(233, '2017-01-20', 'Salario Trabajador Contratado Dunia y Oralia ', 1000.00, 0.00, 4, 171),
	(234, '2017-01-20', 'Salario Nivia', 300.00, 0.00, 4, 171),
	(235, '2017-01-20', 'Gasto  Pago Retroactivo Kaneo', 794.00, 0.00, 4, 171),
	(236, '2017-03-31', 'Servicio  de  Actualización Registro I Y G', 0.00, 500.00, 4, 171),
	(237, '2017-03-31', 'Tramite bancario', 0.00, 1000.00, 4, 133),
	(238, '2018-01-03', 'Cobrando Servicios Diciembre 2017', 0.00, 12240.00, 4, 171),
	(239, '2018-01-03', 'Cobrando servicios  Acuanipe 2017', 0.00, 11740.00, 4, 171),
	(240, '2018-02-02', 'Servicio  de Solapines PPM Calixto Garcia', 0.00, 5225.00, 4, 171),
	(241, '2018-01-31', 'Ingresos Actividad Tenedor de Libros Enero', 0.00, 3500.00, 4, 171),
	(242, '2018-02-13', 'Diseño e Impresión  de  Certificados', 0.00, 250.00, 4, 142),
	(243, '2018-02-09', 'Plasticado  de Carne', 0.00, 20.00, 4, 142),
	(244, '2018-02-14', 'Ingresos de Servicios  de Cobro y Pago Febrero', 0.00, 2500.00, 4, 142),
	(245, '2018-02-17', 'Gasto  de  Telefonos Enero', 65.00, 0.00, 4, 142),
	(246, '2018-02-15', 'Gasto de Gas Licuado', 110.00, 0.00, 4, 142),
	(247, '2018-02-20', 'Gasto  de Energia electrrica ', 41.60, 0.00, 4, 142),
	(248, '2018-02-20', 'Gasto  de Salario Contratados Enero y Febrero', 5000.00, 0.00, 4, 142),
	(249, '2018-02-20', 'Gasto  de Materias Prima y Materiales ', 16786.00, 0.00, 4, 142);
/*!40000 ALTER TABLE `zgtcp_transaction` ENABLE KEYS */;
/*!40101 SET SQL_MODE=IFNULL(@OLD_SQL_MODE, '') */;
/*!40014 SET FOREIGN_KEY_CHECKS=IF(@OLD_FOREIGN_KEY_CHECKS IS NULL, 1, @OLD_FOREIGN_KEY_CHECKS) */;
/*!40101 SET CHARACTER_SET_CLIENT=@OLD_CHARACTER_SET_CLIENT */;
